Ementa,Assunto
"Requer à Secretaria de Infraestrutura do Estado Reparo Urgente em Buracos na Rodovia Gov. Aderbal Ramos da Silva, nº 100, Próximo à Escola Júlia da Costa",Manutenção da infraestrutura viária
REQUERIMENTO DE INFORMAÇÕES SOBRE A EXECUÇÃO DO PROGRAMA ESTRADA BOA NAS RODOVIAS ESTADUAIS LOCALIZADAS EM FLORIANÓPOLIS,Manutenção da infraestrutura viária
"Requer a realização de Reunião Ampliada da Comissão de Educação, Cultura e Desporto para tratar sobre a ausência de repasses ao Fundo Municipal de Cultura (FMC) pela Prefeitura de Florianópolis",Gestão e Regulação da Cultura e Lazer
"Requer a realização de Audiência Pública no âmbito da Comissão de Educação, Cultura e Desporto, para tratar da dívida do Município de Florianópolis com o ECAD referente ao pagamento de direitos autorais pela execução pública de músicas em eventos oficiais.",Planejamento e orçamento público
"INCLUI O ART. 6-A, NA LEI COMPLEMENTAR Nº 760, DE 7 DE MAIO DE 2024, QUE DISPÕE SOBRE OS PROTETORES, ACOLHEDORES, LARES DE APOIO E OUTROS TUTORES DESTA NATUREZA, DE ANIMAIS DOMÉSTICOS (CÃES E GATOS) NO MUNICÍPIO DE FLORIANÓPOLIS E DÁ OUTRAS PROVIDÊNCIAS.",Bem-estar e proteção animal
Indicação de manutenção viária e pavimentação na Travessa dos Pinheiros – Tapera da Base.,Manutenção da infraestrutura viária
"Solicita limpeza de terreno baldio na Rua da Fonte, Vila Aparecida.",Limpeza Urbana
Sugere ao órgão competente o estudo visando a implementação de totens ou guichês para emissão e recarga do cartão de transporte em áreas estratégicas e turísticas da cidade.,Transporte público
"Indica à SMSOP fiscalização de construção de empreendimento multifamiliar em AVL na rua Laureano, próximo ao número 887, Campeche",Áreas protegidas e conservação ambiental
Indica a manutenção da estrutura NEIM José Rodrigues Willamil,Manutenção da estrutura escolar
"Restabelecer a coleta seletiva na Servidão Ismael João da Silva, na Tapera",Limpeza Urbana
Indica manutenção da quadra e do parquinho do CCFV Tapera,Criação e manutenção de área de lazer e atividade física
"Indica ao Executivo Municipal a necessidade de conserto do buraco na Rua Dom Pedro I, próximo ao nº 224, no bairro Capoeiras.",Manutenção da infraestrutura viária
Indica a melhoria da acessibilidade do Centro de Saúde da Costeira,Equipamentos públicos de saúde
"Padronização, sinalização e pintura das lombadas na R. João Câncio Jacques",Organização do trânsito
"Indicação de reparos na Rua Dr. Cid Gonzaga, no bairro Centro",Manutenção da infraestrutura viária
"Indicação de instalação do abrigo no ponto de ônibus localizado na Rod. Açoriana, 180 - Tapera.",Manutenção de pontos de ônibus
DECLARA DE UTILIDADE PÚBLICA MUNICIPAL O CLUBE ESPERANTO DE FLORIANÓPOLIS,Título de utilidade pública
"Recuperação de cobertura de ponto de ônibus danificada na Rodovia João Gualberto Soares, 8290 (Rio Vermelho).",Manutenção da infraestrutura viária
"Sugere ao órgão competente a retificação do zoneamento na área indicada da foto anexa, localizado no bairro Campeche, para exclusão da classificação de curso d’água atribuída à vala artificial aberta nas fortes chuvas de 1995.",Zoneamento
"Requer a Secretaria Municipal de Educação melhorias estruturais no NEIM Dona Cota, localizado no bairro Abraão.",Manutenção da estrutura escolar
"Indica a reconstrução da escada para acesso à praia na Rodovia Baldicero Filomeno, 11522",Acessibilidade
SUBSTITUTIVO GLOBAL AO PROJETO DE LEI N.º 19702/2025,Substitutivo
Requer o uso de Tribuna Livre para a nutricionista Caroline Von Borowski.,Pessoas com deficiência e neurodivergentes
"Requer à SMI – Secretaria Municipal de Infraestrutura e Manutenção da Cidade a lista de todos os procedimentos, melhorias e reparos executados na Antiga Rodoviária no ano de 2025.",Obras e Reparos Urbanos
"Requer à SMI – Secretaria Municipal de Infraestrutura e Manutenção da Cidade a relação das multas aplicadas no Terminal Cidade de Florianópolis, contendo data e horário.",Fiscalização administrativa e sanções
Requer cópia do ato administrativo que consolidou áreas do Terminal Cidade de Florianópolis como vagas oficiais.,Estacionamentos e vagas rotativas
"Requer ao Executivo Municipal cópia das passagens, datas e destinos das pessoas em situação de vulnerabilidade social que foram “devolvidas” para suas cidades de origem.",Pessoas em vulnerabilidade ou risco social
Requer ao Executivo Municipal cópia dos contratos firmados com as empresas responsáveis pelo guinchamento de veículos.,"Compras, contratos e patrimônio público"
Requer informações ao Executivo Municipal e à Secretaria Municipal de Saúde acerca da previsão de chamamentos dos aprovados no Concurso Público Edital 001/2024,
Requer informações ao Executivo Municipal e à Secretaria Municipal de Saúde acerca da disponibilidade de ambulâncias para atendimento de urgência e emergência no Norte da Ilha,Equipamentos públicos de saúde
"Solicito o serviço de hidrojato na Servidão Aristides Euzébio Coelho, no bairro São João do Rio Vermelho.",Limpeza Urbana
"Solicito reparo na calçada localizada na Rua João Meirelles, nº 1074, no bairro Abraão, em Florianópolis.",Manutenção da infraestrutura viária
"Solicito a limpeza e manutenção na Rua Laurindo Januário da Silveira, em toda sua extensão, partindo do Canto da Lagoa até o Porto da Lagoa, nesta Capital",Limpeza Urbana
"Indica Estudo e Implementação de Sistema de Drenagem na Rua Visconde de Ouro Preto, esquina com a Rua Artista Bitencourt",Rede de drenagem
"Indica Poda de Árvore que Obstrui a Visão do Semáforo na Rua dos Ilhéus, cruzamento com a Rua Artista Bitencourt",Limpeza Urbana
Indica ao Poder Executivo Municipal que seja realizada a instalação de uma placa de indicação/localização do Pró-Cidadão Lagoa.,Atendimento ao cidadão e serviços públicos essenciais
"Indica ao Executivo Municipal a necessidade de reparo da calçada em petit pavê na Praça Olívio Amorim, esquina com a Rua Herman Blumenau, no Centro de Florianópolis.",Criação e manutenção de área de lazer e atividade física
"Indica ao Executivo Municipal a necessidade de readequação da boca de lobo localizada na Praça Olívio Amorim, esquina com a Rua Herman Blumenau, no Centro de Florianópolis.",Criação e manutenção de área de lazer e atividade física
CONCEDE TÍTULO DE CIDADÃO HONORÁRIO DO MUNICÍPIO DE FLORIANÓPOLIS AO SENHOR CLÁUDIO IBRAHIM VAZ LEAL (BRANCO).,Título de cidadã e cidadão honorário
Concede Medalha Antonieta de Barros a Senhora Onélia Goedert Coelho.,Medalha Antonieta de Barros
Substitutivo Global ao PLC 1953/2024,Substitutivo
"DENOMINA SERVIDÃO PEDRO MANOEL LAPA, NO DISTRITO DO RIBEIRÃO DA ILHA EM FLORIANÓPOLIS.",Legalização e denominação de vias e espaços públicos
"ALTERA O ANEXO I DA LEI Nº 10.482, DE 18 DE DEZEMBRO DE 2019, E INSTITUI O DIA MUNICIPAL DO ESTADO LAICO NO MUNICÍPIO DE FLORIANÓPOLIS.",Dia Municipal
Requer informações ao Executivo Municipal sobre a situação atual dos documentos localizados no prédio da Av. Prefeito Osmar Cunha e a existência de estudos ou planejamento para transferência desse acervo a local mais adequado para sua preservação.,Organização administrativa e estrutura governamental
"Requer informações ao Executivo Municipal e à Secretaria Municipal de Segurança Pública sobre o planejamento das localizações das rondas da Guarda Municipal de Florianópolis, visando avaliar a necessidade de descentralização e revisão das estratégias de patrulhamento preventivo.",Prevenção e policiamento
"Requer informações ao Executivo Municipal e à Secretaria Municipal de Educação sobre o funcionamento, o atendimento e o desenvolvimento das atividades do programa Bairro Educador, incluindo dados de 2024–2025 e o planejamento para 2026.","Gestão de políticas sociais, de direitos e equidade"
"Solicitação de troca de lâmpadas e instalação de braços de iluminação – Servidão Paraná, Morro da Mariquinha",Iluminação pública
"Indica ao Executivo Municipal a necessidade de melhorias na iluminação pública das regiões do Matadeiro e da Armação, no Sul da Ilha.",Iluminação pública
"Indica ao Executivo Municipal a necessidade de execução de obras de drenagem no bairro Monte Verde, visando prevenir e mitigar os efeitos de enchentes.",Rede de drenagem
"Sugere providências ao órgão competente para a realização de obras de pavimentação, drenagem e alargamento de via em toda a extensão da Servidão Moinho de Vento, localizada no Bairro Ribeirão da Ilha, uma vez que se trata de uma via oficial, porém que ainda não foi contemplada com os referidos serviços de infraestrutura.",Manutenção da infraestrutura viária
"Retirada imediata de entulhos e madeiras depositados sobre a calçada na Rua Felipe Neves, nº 803, Bairro Canto.",Limpeza Urbana
"Reparo Asfáltico Rua São Pedro, localizada no bairro Monte Cristo",Manutenção da infraestrutura viária
"Retirada de entulhos, resíduos sólidos e lixo acumulado na Rua Coronel Caetano Costa, nº 217, Bairro Jardim Atlântico.",Limpeza Urbana
"Remoção de entulhos e lixo acumulados sobre a calçada localizada na Rua Luiz Carlos Prestes, nº 586, no Jardim Atlântico.",Limpeza Urbana
"Manutenção e substituição das lajotas danificadas na Rua Júlio Dias, nas proximidades do nº 227, Bairro Capoeiras.",Manutenção da infraestrutura viária
Indicação de repintura da faixa de pedestres já existente na Rodovia João Gualberto Soares - Rio Vermelho.,Manutenção da infraestrutura viária
"Indicação de Estudo na calçada da Rod. Admar Gonzaga, bairro Itacorubi.",Manutenção da infraestrutura viária
Indicação de reparo e e tapa-buraco na Rua Édio Ortiga Fedrigo – Centro.,Manutenção da infraestrutura viária
Indicação de providências para reparo da irregularidade no pavimento na Rua Maestro Aldo Krieguer.,Manutenção da infraestrutura viária
ALTERA O ARTIGO 1º DA LEI CMF N. 8.868/2012 PARA DENOMINAR VIA PÚBLICA DO MUNICÍPIO DE FLORIANÓPOLIS COMO RUA CÂNDIDO JOSÉ DA ROCHA,Legalização e denominação de vias e espaços públicos
"Requer projeto técnico e cronograma de obra e informação relativa a critérios sobre instalação de placas, no bairro Estreito.",Defesa Civil e Áreas de Risco
"Indicação de obras de pavimentação e recuperação viária na Servidão Antônio Cordeiro, situada no bairro Saco Grande",Manutenção da infraestrutura viária
"Solicita providências da Assistência Social da PMF em relação a presença de PSR na Praça Santos Dumont, na Trindade.",Criação e manutenção de área de lazer e atividade física
Indicação de reparo no pavimento da Rua Professor Clementino de Brito - Capoeiras.,Manutenção da infraestrutura viária
"DENOMINA VIA PÚBLICA, RUA JOSÉ SEVERIANO MARTINS",Legalização e denominação de vias e espaços públicos
"DENOMINA VIA PÚBLICA, RUA FRANCISCO GREGÓRIO DA SILVA",Legalização e denominação de vias e espaços públicos
Indicação de obras de pavimentação e recuperação viária na Servidão Passaredo - Rio Tavares,Manutenção da infraestrutura viária
"Retirada de entulhos e lixo acumulados na calçada localizada na Rua Tenente Albano Lúcio, nº 59, no bairro Canto.",Limpeza Urbana
Indica a necessidade de reparo urgente em boca de lobo (bueiro) na Servidão Frei Damião.,Rede de drenagem
"Retirada de entulhos e lixo acumulados na calçada localizada na Rua Coronel Caetano de Costa, nº 217, Bairro Jardim Atlântico.",Limpeza Urbana
"Roçagem da via pública, bem como a realocação da tampa de esgoto que se encontra ausente, na esquina da Travessa Antônio Teodoro da Silva com a Rua Cremilde de Oliveira, no Bairro Jardim Atlântico",Limpeza Urbana
"Solicito uma lombo faixa na Rodovia Virgílio Várzea, no bairro Saco Grande, em Florianópolis.",Organização do trânsito
"Dispõe sobre a obrigatoriedade de indicação da presença ou ausência de produtos de origem animal em cardápios, menus digitais, embalagens e demais meios de informação sobre alimentos fornecidos por estabelecimentos comerciais no município de Florianópolis, e dá outras providências.",Segurança alimentar e nutricional
"Dispõe sobre a aceitação de encaminhamentos médicos emitidos por profissionais não vinculados ao SUS para consultas, procedimentos ambulatoriais e cirúrgico e na rede pública de saúde do Município de Florianópolis/SC.",Gestão e Regulação da Saúde Pública
"Requer a ampliação da instrução do Projeto de Lei Complementar nº 02009/2025 de autoria do Poder Executivo, para que o projeto tramite na Comissão de Trabalho, Legislação Social e Serviço Público.",Pedido de tramitação em comissão
Pedido de Informação ao Tribunal de Contas de Santa Catarina (TCE/SC),Fiscalização administrativa e sanções
"REQUER O ENVIO DE EXPEDIENTE À SECRETARIA DE ESTADO DO TURISMO, SOLICITANDO A INSTALAÇÃO DE DECORAÇÃO LUMINOSA NA PONTE DA LAGOA DA CONCEIÇÃO, NESTA CAPITAL.",Manutenção da infraestrutura viária
"Solicita-se que a CASAN avalie e execute, com urgência, os reparos necessários na rede de água e/ou esgoto que possam estar contribuindo para o afundamento, desnivelamento e deslocamento das lajotas na via, ocasionando danos ao pavimento e riscos à comunidade.",Solicitação de urgência
Requerimento invocando o art. 171 do Regimento Interno desta Casa Legislativa.,Encerramento de discussão
"Sugere providências ao órgão competente para a realização de obras de pavimentação e drenagem em toda a extensão da Servidão Agenor Albino Medeiros, localizada no Bairro Morro das Pedras, uma vez que se trata de uma via oficial, porém que ainda não foi contemplada com os referidos serviços de infraestrutura.",Manutenção da infraestrutura viária
"Manutenção da boca de lobo localizada na Rua Heitor Blum, nº 310, Bairro Estreito.",Rede de drenagem
"Relajotamento da Rua das Seringueiras, no trecho compreendido entre os números 80 ao 130, no Bairro Chico Mendes.",Manutenção da infraestrutura viária
"Recuperação e manutenção da calçada localizada na Rua Doutor Fúlvio Aducci, nº 998, no bairro Estreito.",Manutenção da infraestrutura viária
"Manutenção e reparo do buraco localizado na Rua Irmã Bonita, nº 185, no bairro Jardim Atlântico.",Manutenção da infraestrutura viária
Indicação de estudo de viabilidade para instalação de faixa elevada de pedestres na Rua Frei Caneca – Bairro Agronômica,Organização do trânsito
Indicação de obras de pavimentação e recuperação viária na Rua Gravatá - Campeche,Manutenção da infraestrutura viária
"Indicação de instalação do abrigo no ponto de ônibus localizado na R. Prof Egídio Ferreira, 1155 - Monte Cristo",Rede de Assistência Social
Indicação de reparo na praça localizada na Rua Túlio de Oliveira - Armação,Criação e manutenção de área de lazer e atividade física
"Requer o envio de expediente ao Governo do Estado de Santa Catarina solicitando a instalação de dispositivo redutor de velocidade na Rodovia João Gualberto Soares, nesta Capital.",Organização do trânsito
"Requer o envio de expediente ao Governo do Estado de Santa Catarina solicitando a limpeza e manutenção da Rodovia João Gualberto Soares, nesta Capital.",Manutenção da infraestrutura viária
"Envio de expediente ao Governo do Estado de Santa Catarina, para avaliar a viabilidade e possibilitar a instalação de ciclovia na Rodovia João Gualberto Soares, via que conecta o bairro Barra da Lagoa ao Rio Vermelho, nesta Capital.",Manutenção da infraestrutura viária
"Requer realização de Reunião Ampliada na Comissão de Defesa do Consumidor, Direitos Humanos e Segurança Pública para tratar dos guinchamentos, multas e uso dos estacionamentos no Terminal Cidade de Florianópolis, com participação de órgãos públicos, entidades competentes e sociedade civil.",Fiscalização administrativa e sanções
Requer Reunião Ampliada para debater os direitos dos migrantes.,Pessoas em vulnerabilidade ou risco social
Pedido de informação a SME referente a fala do secretário Thiago Mello Peixoto em reunião com o Conselho Municipal de Educação no dia 10 de dezembro.,Manutenção da estrutura escolar
"Drenagem completa da Rua Felipe Neves, nas proximidades do nº 508, no Bairro Coloninha.",Rede de drenagem
"Desobstrução da boca de lobo localizada na Avenida Governador Ivo Silveira, nº 2100, bem como o reparo asfáltico adjacente à mesma.",Rede de drenagem
"Manutenção da calçada localizada na Avenida Governador Ivo Silveira, nº 1509, Bairro Estreito.",Manutenção da infraestrutura viária
"Reparos na calçada localizada na Rua Governador Ivo Silveira, nº 1282, no bairro Capoeiras.",Manutenção da infraestrutura viária
Concede o Título de Cidadão Honorário à Valmir Nascimento Milomem Santos.,Título de cidadã e cidadão honorário
Declara de Utilidade Pública a ASSOCIAÇÃO DE PAIS E PROFESSORES DA E.E.M. VEREADOR OSCAR MANOEL DA CONCEIÇÃO.,Título de utilidade pública
"MOÇÃO DE APLAUSOS à atleta Marcela Teixeira, do Clube Aldo Luz, pela brilhante conquista da medalha de ouro na estreia da categoria PR3 Mix no Campeonato Brasileiro de Remo de Praia, realizado em Vitória–ES.",Moção de aplausos
Solicita informações ao Poder Executivo sobre a execução das obras de contenção determinadas na ACP nº 5075474-71.2023.8.24.0023 e sobre os critérios técnicos para instalação de placas informativas no Bairro Estreito.,Defesa Civil e Áreas de Risco
"Requer informações ao Executivo Municipal, à Secretaria Municipal de Saúde e ao Conselho Municipal de Saúde sobre o funcionamento da Comissão Municipal de Prevenção e Controle das DST/HIV/AIDS (Cemaids) e sobre eventual processo de reorganização da referida comissão.",Prevenção e combate de doenças
Requer informações ao Poder Executivo sobre a destinação e a aplicação das verbas federais destinadas ao enfrentamento das DST/HIV/AIDS no Município,Gestão e Regulação da Saúde Pública
Indica ao Chefe do Poder Executivo a constituição de Grupo de Trabalho Intersetorial para realização consulta pública e mapeamento dos pontos cegos de segurança urbana no município.,Prevenção e policiamento
"Indica ao Executivo Municipal a necessidade de instalar boca de lobo na Servidão Toca da Coruja, à altura do nº 54, no bairro Rio Tavares.",Rede de drenagem
"Indica ao Executivo Municipal a necessidade de instalar lixeiras em pontos da Rua Lomba do Sabão, no Campeche.",Limpeza Urbana
"Indica a instalação de galeria pluvial na Rua Laurindo José de Souza, localizada na Fortaleza da Barra da Lagoa.",Rede de drenagem
"Indica roçagem na praça Caiçara, bairro Itacorubi",Criação e manutenção de área de lazer e atividade física
"Conserto da boca de lobo cuja grade encontra-se quebrada e a recuperação do asfalto na Avenida Governador Silveira, nº 2003, Bairro Estreito.",Manutenção da infraestrutura viária
"Realização de drenagem e limpeza da boca de lobo, bem como a manutenção/substituição do cano do sistema P.A.D., além do envio de máquina Bobcat para suporte operacional, na Servidão Laranjeira, nº 198, Bairro Capoeiras",Manutenção da infraestrutura viária
Indicação de obras de pavimentação e recuperação viária na R. das Piraúnas - bairro Jurerê Internacional,Manutenção da infraestrutura viária
"Indicação de estudo de viabilidade para instalação de faixa elevada de pedestres na Estr. Dom João Becker, nº 1585 – Bairro Ingleses",Organização do trânsito
"Indicação de instalação do abrigo no ponto de ônibus localizado na Servidão do Engenho Sul, 1780 - Tapera da Base",Manutenção da infraestrutura viária
Indicação de estudo de viabilidade para implantação de faixa amarela do tipo MAC – Marcação de Área de Conflito – na Rua Senador Milton Campos - Coqueiros,Organização do trânsito
Requer informações à Secretaria Municipal de Educação acerca do chamamento de Professor Auxiliar de Educação Especial (PAEEs) no concurso público vigente,Trabalhadores da educação
Solicita a tramitação simultânea do Projeto de Lei N.º 19423/2024 nas Comissões de mérito.,Pedido de tramitação em comissão
"Juntada do relatório, em anexo, ao PL 19.767/2025.",Juntada de documento
"Indicação de melhoria no trânsito na Servidão José Kumakola, na Costeira do Pirajubaé",Manutenção da infraestrutura viária
Solicitação de providências quanto à obstrução da calçada e à situação de abandono de terrenos na Rua Álvaro Ramos,Limpeza Urbana
CONCEDE TÍTULO DE CIDADÃ HONORÁRIA DO MUNICÍPIO DE FLORIANÓPOLIS À SENHORA ANA PAULA MENDES.,Título de cidadã e cidadão honorário
Moção de aplausos pelos 30 anos do templo da Assembleia de Deus de Ratones,Moção de aplausos
"Requer informações sobre o número de imóveis regularizados pela Lei nº 374/2010, que dispõe sobre a regularização de construções irregulares e clandestinas de atividade não residencial sem licença para funcionamento",Moradia
Requer à CASAN averiguar o abastecimento de água no bairro Monte Cristo.,Rede de abastecimento de água
"Indica ao Executivo Municipal a necessidade de pavimentação e instalação de tubulação para drenagem pluvial na Servidão Isaurino Germano Vidal, no bairro Rio Tavares.",Manutenção da infraestrutura viária
Indicação de conserto de lixeira na esquina da Servidão Rouxinol com rua Luiz Carlos Prestes,Manutenção da infraestrutura viária
"Sugere providências por meio do órgão competente, para a implementação de novo pavimento em toda a extensão da Rua Maestro Aldo Krieger, localizada no bairro Córrego Grande.",Manutenção da infraestrutura viária
"Sugere providências ao órgão competente para realização de um estudo técnico visando à instalação de lombada ou lombofaixa na Rodovia Dr. Antônio Luiz Moura Gonzaga, nas proximidades da Mecânica Garage 433, localizado no bairro Rio Tavares, Florianópolis/SC.",Manutenção da infraestrutura viária
"Solicito a instalação de placas de proibido estacionar na Servidão Esperança, localizada no bairro Ingleses do Rio Vermelho, em Florianópolis.",Manutenção da infraestrutura viária
"Solicito o reparo do ponto de ônibus, localizado na Rodovia João Gualberto Soares, no bairro Rio Vermelho, em Florianópolis.",Manutenção da infraestrutura viária
"Solicito a instalação lixeiras na Estrada Vereador Onildo Lemos, nº 1313, no bairro Santinho, em Florianópolis.",Limpeza Urbana
"Solicito a retirada dos restos de obras acumulados na Rua das Gaivotas, nas proximidades do número 1774, no bairro Ingleses Norte, em Florianópolis.",Limpeza Urbana
"Sugere ao Poder Executivo Municipal a realização de articulação institucional com a Polícia Civil e a Polícia Científica de Santa Catarina, a fim de assegurar atendimento ininterrupto (24 horas) no Espaço Acolher, especialmente no que se refere à realização de exames de corpo de delito e atendimento policial especializado para mulheres vítimas de violência.",Política para mulheres
"Revitalização da calçada localizada na Servidão das Seringueiras, nº 289, no bairro Monte Cristo.",Manutenção da infraestrutura viária
"Solicita manutenção de via pública, no final da Rua São Judas Tadeu, Morro da Queimada, no José Mendes.",Manutenção da infraestrutura viária
Indicação de manutenção de lajotas na Servidão Manoel Antônio Vieira nº 95 – Bairro Costeira do Pirajubaé.,Manutenção da infraestrutura viária
Solicitação de Desobstrução na Servidão Domingos Manoel,Rede de drenagem
Solicitação reparos estruturais no Orquidário Municipal Marino Joaquim Coelho,Governança ambiental
"Altera o art. 5º da Lei nº 7.667, de 27 de junho de 2008, que institui o Programa Municipal de Proteção e Conservação do Patrimônio Imaterial ou Intangível do Município de Florianópolis.",Patrimônio cultural
"DENOMINA PRAÇA GUIDO CARDOSO ZIMMERMANN, NO BAIRRO ESTREITO.",Legalização e denominação de vias e espaços públicos
Institui o Serviço de Atendimento Móvel de Urgência em Saúde Mental (SAMU-SM) no Município de Florianópolis,Equipamentos públicos de saúde
REQUERIMENTO DE INFORMAÇÕES SOBRE A MANUTENÇÃO DOS ELEVADORES DE ACESSIBILIDADE NOS ÔNIBUS DO TRANSPORTE COLETIVO DE FLORIANÓPOLIS,Transporte público
"REQUERIMENTO À SECRETARIA DE ESTADO DA INFRAESTRUTURA E MOBILIDADE (SIE) PARA ANÁLISE E IMPLANTAÇÃO DE CALÇADAS PARA PEDESTRES NAS RODOVIAS ESTADUAIS LOCALIZADAS NO MUNICÍPIO DE FLORIANÓPOLIS (SC-401, SC-404, SC-405 E SC-406)",Expansão da infraestrutura de mobilidade
"Solicita à Secretaria de Estado da Infraestrutura e Mobilidade de Santa Catarina a realização de pintura predial na Escola de Educação Básica Muquém, no bairro São João do Rio Vermelho.",Manutenção da estrutura escolar
Requer que seja anexado documento faltante ao PL 19794/2025,Juntada de documento
Requer informações acerca do planejamento ambiental do município para o verão 2025/2026,Governança ambiental
Requer que documento faltante seja anexado ao PL 19779/2025,Juntada de documento
Inclui dispositivo na Lei 482/2014 - (Plano Diretor),Plano diretor
"Sugere providências por meio do órgão competente visando à realização de estudo para a implementação de uma Rota Gastronômica, com início na Praça Milton Tatu, localizada na Rodovia SC-406, no bairro Rio Tavares, e término no bairro Porto da Lagoa, especificamente no limite com o bairro Rio Tavares.",Criação e manutenção de área de lazer e atividade física
"Indica à SMHDU fiscalização de construção de empreendimento multifamiliar em AVL na rua Laureano, próximo ao número 887, Campeche",Fiscalização administrativa e sanções
Solicitação de reparo emergencial no teto da quadra e do refeitório da Escola Dilma Lúcia dos Santos,Manutenção da estrutura escolar
"Indica Poda de Vegetação na Rodovia Baldicero Filomeno, altura do nº 9900 e em toda a sua extensão",Limpeza Urbana
"Indica Poda de Vegetação na Rua Vereador Osni Ortiga, altura do nº 2720",Limpeza Urbana
Indica reparo em buraco no bairro Capoeiras,Manutenção da infraestrutura viária
"Indica Manutenção e Substituição de Abrigo de Ônibus na Rodovia Baldicero Filomeno, nº 4787",Manutenção de pontos de ônibus
"Indica Fiscalização de Estacionamento Irregular na Rodovia SC-406, em frente à Lagoa do Peri",Estacionamentos e vagas rotativas
"Indicação de limpeza de terreno Privado e vistoria sanitária na Av. Mauro Ramos, nº 542 - Bairro Centro",Limpeza Urbana
"Solicito serviços de drenagem na Rua Quadrangular, no bairro Ingleses, Em Florianópolis.",Rede de drenagem
"Solicito serviços de manutenção e recuperação da pavimentação asfáltica na Rua Vereador Frederico Veras, no Bairro Pantanal, Em Florianópolis.",Manutenção da infraestrutura viária
"Solicito os reparos na pavimentação da Rua dos Tubarões, localizada no bairro Ingleses, Em Florianópolis.",Manutenção da infraestrutura viária
"Solicito o reparo na boca de lobo localizada na Rua Henríque Vera do Nascimento, no Bairro Lagoa da Conceição, Em Florianópolis.",Rede de drenagem
Indica conserto e manutenção urgente na Ponte Pênsil do Canal da Barra da Lagoa,Manutenção da infraestrutura viária
Indica Requalificação Completa da Calçada da Rua Conselheiro Mafra – Centro de Florianópolis,Manutenção da infraestrutura viária
desentupimento e limpeza dos boeiros localizados na Rua Caravelas no Bairro Ingleses do Rio Vermelho,Rede de drenagem
"Indica Solicitação de Mudança de Local do Ponto de Parada de Ônibus na Rodovia Baldicero Filomeno, altura do nº 9550 (ID 130)",Transporte público
Indica Manutenção Completa do Petit Pavê na Região da Praça XV e Catedral Metropolitana,Manutenção da infraestrutura viária
Solicitação de fiscalização e providências quanto à obstrução da calçada na Avenida Antônio Borges dos Santos,Acessibilidade
Indica Ampliação da Frequência da Coleta de Lixo Orgânico e Reciclável no Ribeirão da Ilha,Limpeza Urbana
Indica Requalificação Completa da Calçada da Rua Felipe Schmidt – Centro de Florianópolis,Manutenção da infraestrutura viária
"Indica Instalação de Contentores de Lixo na Rodovia Baldicero Filomeno, altura do nº 10750",Manutenção da infraestrutura viária
Indica Instalação de Contentores de Lixo na Caieira da Barra do Sul,Limpeza Urbana
Indica limpeza de montes de areia deixados nas calçadas do bairro Monte Verde após obras da CELESC,Manutenção da infraestrutura viária
Indica correção e limpeza de bueiros no bairro Monte Verde,Rede de drenagem
Solicitação de pavimentação da Servidão Agenor Albino Medeiros,Manutenção da infraestrutura viária
"DENOMINA PRAÇA PÚBLICA, KHADER MAHMUD AHMAD OTHMAN, LOCALIZADA NO BAIRRO ESTREITO.",Legalização e denominação de vias e espaços públicos
MODIFICA O ARTIGO 1º DA LEI 8826/2012 E DÁ OUTRAS PROVIDÊNCIAS,Legalização e denominação de vias e espaços públicos
MODIFICA O ARTIGO 1º DA LEI 436/2000 E DÁ OUTRAS PROVIDÊNCIAS,Legalização e denominação de vias e espaços públicos
"DENOMINA ARENA DE ESPORTES E LAZER ""ANDRÉ FELIPE ADRIANO"" LOCALIZADA NA PRAIA DA FORTALEZA, BAIRRO BARRA DA LAGOA.",Legalização e denominação de vias e espaços públicos
Dispõe sobre a vedação de manifestações visuais de cunho político-partidário ou ideológico nos bens públicos do Município de Florianópolis e dá outras providências.,Decoro e conduta em espaços públicos
"Requer a realização de Audiência Pública no âmbito da Comissão de Defesa do Consumidor, Direitos Humanos e Segurança Pública para tratar da morte do adolescente Hudson Pinheiro Martins Cipriano durante operação da Polícia Militar no Morro da Queimada, em Florianópolis.",Violência do Estado
Requer ao Poder Executivo Municipal o encaminhamento de cópia dos demonstrativos mensais de arrecadação da Outorga Onerosa do Direito de Construir vinculados ao Fundo Municipal de Desenvolvimento Urbano (FMDU).,Impactos urbanísticos de empreendimentos
"Requer ao Governo do Estado, por meio da Secretaria de Estado da Infraestrutura e Mobilidade (SIE), informações e providências quanto a desnivelamento na pista da esquerda da Ponte Colombo Salles, no sentido Continente–Ilha.",Manutenção da infraestrutura viária
"Requer a realização de Audiência Pública, no âmbito da Comissão de Saúde, para tratar sobre o novo Hospital Veterinário do Município de Florianópolis.",Gestão da política de proteção animal
"Indica ao Poder Executivo a restrição do trânsito para apenas trânsito local, com instalação de sinalização, no período noturno e aos fins de semana, nas ruas Tiradentes e no Calçadão da João Pinto.",Organização do trânsito
Indica ao Executivo Municipal a publicação mensal dos valores arrecadados com Outorga Onerosa no site do Fundo Municipal de Desenvolvimento Urbano (FMDU).,Impactos urbanísticos de empreendimentos
Indica ao Executivo Municipal a instalação de cortinas em toda a frota de ônibus do transporte coletivo urbano.,Transporte público
Indica ao Executivo Municipal a substituição de copos plásticos de uso único por copos de papel em toda a administração pública municipal.,Educação ambiental
Indica ao Presidente da Câmara Municipal a substituição de copos plásticos de uso único por copos de papel.,Educação ambiental
Indica ao Presidente da Câmara Municipal a substituição da compra de garrafas de água pelo uso de filtros de água elétricos.,Educação ambiental
"Indica à autoridade municipal de trânsito a necessidade de redução das restrições de estacionamento em vagas com reserva oficial para apenas entre às 8h e às 18h, nos dias úteis.",Estacionamentos e vagas rotativas
Indica ao Poder Executivo a necessidade de iniciar o processo de cadastramento dos blocos de rua para o Carnaval de 2026.,Evento cultural
"Indica ao Poder Executivo o conserto de boca de lobo na Rua Silva Jardim, esquina com a Rua Professora Maria Júlia Franco.",Rede de drenagem
"Indica ao Poder Executivo Municipal a reativação de faixa de pedestres na esquina do Sesc Prainha, na Rua Silva Jardim, esquina com a Rua Dr. Jorge Luiz Fontes.",Organização do trânsito
"Indica ao Poder Executivo Municipal a instalação de faixa de pedestres na Rua Silva Jardim, a fim de completar o trajeto de travessia existente nas proximidades do Posto Shell, na altura do nº 27.",Organização do trânsito
"Indica ao Poder Executivo Municipal a implantação de faixa elevada para travessia de pedestres na Avenida Cesar Seara, na altura do nº 192.",Organização do trânsito
Indica ao Poder Executivo Municipal a realização de limpeza e recolhimento de lixo na Rua Fernando Machado.,Limpeza Urbana
"RECONHECE O ADAD ADFLORIPA COMO BEM DE INTERESSE HISTÓRICO, CULTURAL, DESPORTIVO E SOCIAL PARA O MUNICÍPIO DE FLORIANÓPOLIS E DÁ OUTRAS PROVIDÊNCIAS.",Patrimônio cultural
"RECONHECE A UFADFLOR COMO BEM DE INTERESSE HISTÓRICO, CULTURAL E SOCIAL PARA O MUNICÍPIO DE FLORIANÓPOLIS E DÁ OUTRAS PROVIDÊNCIAS.",Patrimônio cultural
CONCEDE MEDALHA JOÃO PAULO II AO CONSELHO LOCAL DE SAÚDE DA BARRA DA LAGOA.,Medalha João Paulo II
"DISPÕE SOBRE A POSSIBILIDADE DE CONVERSÃO DO PAGAMENTO DE MULTAS DE TRÂNSITO DE NATUREZA LEVE E MÉDIA, DE COMPETÊNCIA DO MUNICÍPIO, EM DOAÇÃO DE SANGUE E DE MEDULA ÓSSEA, E DÁ OUTRAS PROVIDÊNCIAS.",Fiscalização administrativa e sanções
"Requer à Fundação Municipal do Meio Ambiente – FLORAM o encaminhamento de cópia integral da autorização ambiental de corte e/ou poda nº 243/2025, bem como dos respectivos pareceres técnicos e documentos que a fundamentaram, referentes a terreno localizado na região do Poção, no bairro Córrego Grande.",Limpeza Urbana
"CONCEDE REAJUSTE AOS EMPREGADOS DA AUTARQUIA DE MELHORAMENTOS DA CAPITAL (COMCAP), ESTABELECE NORMAS DE CARÁTER ECONÔMICO EM CUMPRIMENTO AO ACORDO COLETIVO TRABALHO E DÁ OUTRAS PROVIDÊNCIAS.",Limpeza Urbana
"Indica ao Executivo Municipal a necessidade de alteração da localização da faixa de pedestres no Trevo do Campeche, com reforço de sinalização e estudo técnico de segurança viária.",Organização do trânsito
"Indica ao Executivo Municipal a necessidade de melhorias urgentes na iluminação pública da Reta do Moçambique, no trecho entre a Barra da Lagoa e o Camping.",Iluminação pública
"Indica ao Executivo Municipal a necessidade de reinstalação ou restauração da placa oficial informativa da Trilha das Feiticeiras, com a devida preservação da memória histórica e cultural do local.",Obras e Reparos Urbanos
"Indica ao Executivo Municipal a necessidade de reparo urgente dos buracos no asfalto da Servidão Caminho do Porto, no bairro Itacorubi.",Manutenção da infraestrutura viária
"Indica ao Executivo Municipal a necessidade de melhorias no sistema de escoamento de águas pluviais na Avenida Cidade de Córdoba e vias adjacentes, no bairro Barra da Lagoa.",Manutenção da infraestrutura viária
"Estabelece a obrigatoriedade de realização de audiência pública local prévia para alteração, supressão ou redução de horários, itinerários ou linhas do serviço de transporte coletivo urbano no Município de Florianópolis.",Transporte público
Requer a destinação do Grande Expediente para homenagem aos 130 anos de fundação do Instituto Histórico e Geográfico de Santa Catarina.,Uso do Grande Expediente para homenagem
"Indica ao Executivo Municipal a necessidade de realização de reparos nos brinquedos da Praça Bento Silvério, no bairro Lagoa da Conceição",Criação e manutenção de área de lazer e atividade física
"Indica ao Executivo Municipal a necessidade de recapeamento asfáltico total da Rua Professor Egídio Ferreira, no bairro Capoeiras.",Manutenção da infraestrutura viária
"Indica ao Executivo Municipal a necessidade de reparo na via pública na Avenida Atlântica, esquina com a Avenida Max Schramm, no bairro Jardim Atlântico.",Manutenção da infraestrutura viária
"Indica ao Executivo Municipal a necessidade de pavimentação asfáltica e implantação de drenagem pluvial na Rua Bias Peixoto, no bairro Abraão.",Manutenção da infraestrutura viária
"Indica ao Executivo Municipal a necessidade de instalação de iluminação pública sob o Viaduto da Costeira, na via de acesso ao Aeroporto e à Via Expressa Sul.",Iluminação pública
"Indica ao Executivo Municipal a necessidade de reposição de pedras de petit pavê na calçada da Praça Olívio Amorim, na Avenida Hercílio Luz, esquina com a Rua Herman Blumenau.",Criação e manutenção de área de lazer e atividade física
Requer a realização de Reunião Ampliada no âmbito da Comissão de Saúde.,Gestão e Regulação da Saúde Pública
"Requer cópia de alvará e documentos a respeito de construção na Rua Gustavo Zimmer, na Vargem do Bom Jesus",Alvarás e liberações administrativas
"Requer Reunião Ampliada para discutir os resultados de relatório sobre violência policial nos últimos 10 anos ocorridas em Florianópolis, produzido pelo Desterro - Observatório de Violência.",Violência do Estado
"Inclui dispositivo na Lei Complementar nº 34, de 1999 - DISPÕE SOBRE O SISTEMA DE TRANSPORTE COLETIVO DE PASSAGEIROS NO MUNICÍPIO DE FLORIANÓPOLIS E DÁ OUTRAS PROVIDÊNCIAS.",Transporte público
"Indica ao Executivo Municipal a necessidade de reparo do meio-fio na Rua Valdeci Izidro da Silveira, em frente ao Residencial Praça Lisboa, nº 317, no Alto Ribeirão Leste.",Criação e manutenção de área de lazer e atividade física
"Indica ao Executivo Municipal e à Secretaria Municipal de Infraestrutura a necessidade de ampliação da capacidade de drenagem do bueiro localizado em frente ao nº 1820 da Rodovia Amaro Antônio Vieira, no bairro Itacorubi.",Rede de drenagem
"Solicita restauração de sinalização de estacionamento de motocicletas, no Centro.",Estacionamentos e vagas rotativas
Solicita a retirada ou suspensão de cabos de telefonia e internet que permanecem junto à nova Ponte da Lagoa da Conceição.,Limpeza Urbana
"INCLUI O ART. 97-D NA LEI Nº 1.224, DE 1974 — CÓDIGO DE POSTURAS MUNICIPAL, E DÁ OUTRAS PROVIDÊNCIAS.",Bem-estar e proteção animal
DISPÕE SOBRE A OBRIGATORIEDADE DA IMPLEMENTAÇÃO PROGRESSIVA DE CABEAMENTO SUBTERRÂNEO DE ENERGIA ELÉTRICA NO MUNICÍPIO DE FLORIANÓPOLIS E DÁ OUTRAS PROVIDÊNCIAS.,Manutenção de rede elétrica
"Requer informações referente ao Decreto n° 28.898, de 15 de janeiro de 2026.",Gestão e Regulação da Saúde Pública
"Requer o envio de expediente ao Chefe do Poder Executivo Municipal solicitando informações, por meio da Secretaria Municipal de Planejamento, Habitação e Desenvolvimento Urbano, acerca de eventual protocolo de empreendimento na área denominada “Ponta da Caiacanga”, no bairro Ribeirão da Ilha.",Áreas protegidas e conservação ambiental
"Requer o envio de expediente à Fundação Municipal do Meio Ambiente – FLORAM para que preste informações acerca do corte de árvore realizado na Rua Martinho de Haro, bairro Ingleses.",Governança ambiental
Solicita providências da Celesc em relação a problemas frequentes de falta de energia no bairro Córrego Grande.,Manutenção de rede elétrica
Requer Audiência Pública para discutir a regulamentação da Lei Federal 15.326/2026,Trabalhadores da educação
"REQUER A JUNTADA DE MANIFESTAÇÃO TÉCNICA, CORRESPONDÊNCIAS OFICIAIS E ABAIXO-ASSINADO AOS AUTOS DO PROJETO DE LEI N.º 19.509/2025.",Juntada de documento
"Solicita realização de Reunião Ampliada no âmbito da Comissão de Viação, Obras Públicas e Urbanismo.",Manutenção de rede elétrica
Requer informações referente a relatórios de serviços de manutenção realizados na EBM Batista Pereira.,Manutenção da estrutura escolar
Indicação de manutenção no NEIM Dona Cota,Manutenção da estrutura escolar
"Indica ao Poder Executivo Municipal, por meio da Secretaria Municipal de Infraestrutura e Manutenção da Cidade, a revitalização do deck de acesso à Praia do Santinho, ao final da Servidão Lucas Pedro Claudino.",Criação e manutenção de área de lazer e atividade física
"Indica ao Poder Executivo Municipal a realização de recolhimento de lixo volumoso na Rua do Caju, no bairro Santinho.",Limpeza Urbana
"Indica ao Poder Executivo Municipal, por meio da Secretaria Municipal de Infraestrutura e Manutenção da Cidade, a realização de reparos em bueiros (“bocas de lobo”) nas Ruas Jardim dos Eucaliptos e José João Vieira, no bairro Campeche.",Rede de drenagem
"Indica ao Poder Executivo Municipal, por meio da Secretaria Municipal de Infraestrutura e Manutenção da Cidade, a realização de reparos na Rua Capitão Américo, no bairro Córrego Grande.",Manutenção da infraestrutura viária
"Indica ao Poder Executivo Municipal, por meio da Secretaria Municipal de Infraestrutura e Manutenção da Cidade, a substituição de lâmpadas queimadas em postes de iluminação pública na Rua Valdeci Izidro da Silveira, no bairro do Alto Ribeirão Leste.",Manutenção de rede elétrica
"Indica ao Poder Executivo Municipal, por meio da Secretaria Municipal de Infraestrutura e Manutenção da Cidade, a realização de reparos na academia ao ar livre localizada na Av. Beira-Mar.",Criação e manutenção de área de lazer e atividade física
"Indica ao Poder Executivo Municipal, por meio da Secretaria Municipal de Infraestrutura e Manutenção da Cidade, a realização de reparos no meio-fio e limpeza da via na Rua Valdeci Izidro da Silveira, no bairro Ribeirão da Ilha.",Manutenção da infraestrutura viária
"Indica ao Poder Executivo Municipal, por meio da Secretaria Municipal de Infraestrutura e Manutenção da Cidade, a necessidade de melhoria da iluminação pública na Rua Dr. Álvaro Milen da Silveira, localizada no Centro.",Iluminação pública
Indica recolhimento de fios e cabos soltos em vias públicas,Manutenção de rede elétrica
"Indica ao Poder Executivo Municipal, por meio da Secretaria Municipal de Infraestrutura e Manutenção da Cidade, a realização de reparos no calçamento da Rua Aldo Queiroz, no bairro Santo Antônio de Lisboa.",Manutenção da infraestrutura viária
"Indica ao Poder Executivo Municipal, por meio da Secretaria Municipal de Infraestrutura e Manutenção da Cidade, a realização de reparo emergencial em buraco existente na via pública, na área entre as Travessas Seis e Sete, no bairro Pantanal.",Manutenção da infraestrutura viária
"Indica ao Poder Executivo Municipal, por meio da Secretaria Municipal de Infraestrutura e Manutenção da Cidade, a avaliação e implantação de calçada na área entre as Travessas Seis e Sete, no bairro Pantanal.",Manutenção da infraestrutura viária
"Indica ao Poder Executivo Municipal, por meio da Secretaria Municipal de Infraestrutura e Manutenção da Cidade e da FLORAM - Fundação Municipal do Meio Ambiente, a realização periódica de serviços de poda e limpeza da vegetação na área de APP situada entre as Travessas Seis e Sete, no bairro Pantanal.",Limpeza Urbana
"Indica ao Poder Executivo Municipal, por meio da Secretaria Municipal de Mobilidade e Planejamento Urbano, a adoção de medidas para melhoria da mobilidade e segurança viária na Rua Frederico Veras, no bairro Pantanal.",Manutenção da infraestrutura viária
"Indica ao Poder Executivo Municipal, por meio da Secretaria Municipal de Infraestrutura e Manutenção da Cidade, a realização de coleta de lixo, recolhimento de entulhos e serviços de manutenção urbana na Servidão João Luzia da Ventura, no bairro Ratones.",Manutenção da infraestrutura viária
"Requer informações ao Poder Executivo Municipal, por meio da Secretaria Municipal de Planejamento, Habitação e Desenvolvimento Urbano, sobre políticas e ações relativas à acessibilidade nas calçadas do Município de Florianópolis.",Acessibilidade
Requer informações referente à obra realizada no Centro de Saúde da Fazenda do Rio Tavares.,Equipamentos públicos de saúde
Solicita documento relativo à deliberação do Comitê Gestor do Plano Diretor.,Plano diretor
Solicita informações detalhadas sobre a aplicação de recursos da União para o cumprimento do piso salarial dos Agentes de Combate às Endemias.,Trabalhadores da saúde
"Requer informações ao Poder Executivo Municipal sobre a oferta de alimentação na Passarela da Cidadania, incluindo quantidade de refeições servidas, tipos de alimentação, capacidade de atendimento, controle de usuários e eventual insuficiência no fornecimento.",Pessoas em vulnerabilidade ou risco social
"Indica pavimentação e melhoria da rede pluvial na rua Regular 135, no Morro do Mocotó",Manutenção da infraestrutura viária
Solicita instalação de toldo para proteção dos pacientes no momento de formação de filas no CS do Rio Tavares.,Equipamentos públicos de saúde
"Solicita avaliação da Floram a respeito de corte de árvore, na Rua Euclides de Castro, em Coqueiros.",Governança ambiental
Indica a Secretária Municipal de Educação melhorias no sistema de escolha de vaga para ACTs.,Trabalhadores da educação
Solicita instalação de toldo para proteção dos pacientes que aguardam nas filas no CS do Rio Tavares.,Equipamentos públicos de saúde
Solicita instalação de bicicletário no CS Rio Tavares.,Infraestrutura cicloviária
"Indica ao Poder Executivo Municipal, por meio da Secretaria Municipal de Infraestrutura e Manutenção da Cidade, a realização de reparos em buracos e no afundamento de lajotas na Rua Paraguai, localizada no bairro Monte Cristo.",Manutenção da infraestrutura viária
"Indica ao Poder Executivo Municipal, por meio da Secretaria Municipal de Saúde, a aquisição e instalação de cortinas adequadas no Centro de Saúde do bairro Santo Antônio de Lisboa.",Equipamentos públicos de saúde
"Indica ao Poder Executivo Municipal, por meio dos órgãos competentes, a realização urgente de reparos, manutenção viária e saneamento na Rua Waldomiro Monguilhott, no bairro Centro.",Manutenção da infraestrutura viária
"Indica ao Poder Executivo Municipal, por meio da Secretaria Municipal de Meio Ambiente e Desenvolvimento Sustentável, o desenvolvimento de projeto de drenagem pluvial na Rua Maria Conceição, no bairro Ingleses do Rio Vermelho.",Rede de drenagem
"Indica ao Poder Executivo Municipal, por meio do órgão competente, a realização de poda de árvores na horta comunitária localizada no Centro de Saúde do bairro Santo Antônio de Lisboa.",Limpeza Urbana
"Indica ao Poder Executivo Municipal, por meio da Secretaria Municipal de Infraestrutura e Manutenção da Cidade, a adotação de providências para reparo de grande buraco existente na Rua Campolino Alves, em frente ao número 24, no bairro Capoeiras.",Manutenção da infraestrutura viária
"Indica ao Poder Executivo Municipal, por meio da Secretaria Municipal de Infraestrutura e Manutenção da Cidade, a limpeza e remoção de entulhos e resíduos em terreno baldio localizado na Rua Graciliano Manoel Gomes, entre os números 85 e 150, no bairro Ingleses do Rio Vermelho.",Limpeza Urbana
"Indica ao Poder Executivo Municipal, por meio da Secretaria Municipal de Infraestrutura e Manutenção da Cidade, a realização de reparos em buraco existente na Rua Acácio Moreira, no bairro Capoeiras.",Manutenção da infraestrutura viária
"Indica ao Poder Público Municipal, por meio da Secretaria Municipal de Mobilidade e Planejamento Urbano, a implantação de semáforo e adequação do sistema de retornos na Rua Deputado Antônio Edu Vieira, no bairro Pantanal.",Organização do trânsito
"Indica ao Poder Executivo Municipal, por meio da Secretaria Municipal de Mobilidade e Planejamento Urbano, a adoção de providências para reparos e manutenção em ônibus do Consórcio Fênix que opera a linha Tapera via Saco dos Limões.",Manutenção da infraestrutura viária
"Solicita instalação de lombada de trânsito na Rua do Lamim, em Canasvieiras.",Manutenção da infraestrutura viária
AUTORIZA A DOAÇÃO DE SEGMENTOS AMPUTADOS E DE CADÁVERES HUMANOS PARA UTILIZAÇÃO NO TREINAMENTO DE CÃES FAREJADORES EM ATIVIDADES DE BUSCA E RESGATE PELOS ÓRGÃOS DE SEGURANÇA PÚBLICA.,Gestão e Regulação da Segurança Pública
DENOMINA E REGULARIZA COMO VIA PÚBLICA A RUA IVAN BASTOS DE ANDRADE NO MUNICÍPIO DE FLORIANÓPOLIS.,Legalização e denominação de vias e espaços públicos
Requerimento de Reposição de Pavimentação e Compactação de Solo – Rua Clotilde Gonzaga Dias.,Manutenção da infraestrutura viária
Desarquivamento do PL 17.768/2019.,Desarquivamento de proposição
"Indica ao executivo municipal o reparo da lixeira na servidão Rouxinol, bairro Monte Cristo",Manutenção da infraestrutura viária
"Indica a instalação de cobertura no ponto de ônibus situado na rua prof. Egídio Ferreira, 1167",Transporte público
"Indica ao Executivo Municipal a necessidade de nivelamento da pavimentação das ruas Joaquim Nabuco e Egídio Ferreira, no bairro Monte Cristo",Manutenção da infraestrutura viária
Indica ao executivo municipal o aumento da frequência de coleta de resíduos sólidos no bairro Monte Cristo,Limpeza Urbana
"Requer à CELESC a finalização da ligação de energia na Rua Joaquim Nabuco, n° 3142, bairro Monte Cristo.",Manutenção de rede elétrica
Requer informações referente à permissão onerosa de uso de espaços públicos para exploração de venda de alimentos e bebidas em pontos determinados nas praias de Florianópolis na temporada de verão 2025-2026,Alvarás e liberações administrativas
"O Vereador que esta subscreve, no uso de suas atribuições legais e regimentais, fundamentadas na Lei Orgânica do Município de Florianópolis e no Regimento Interno desta Casa Legislativa, requer ao Senhor Presidente da Câmara Municipal de Florianópolis que seja encaminhado ofício à Presidência da Câmara Municipal de Florianópolis solicitando informações detalhadas sobre a frota de veículos oficiais da Câmara Municipal.","Compras, contratos e patrimônio público"
"Requer informações ao Poder Executivo Municipal, por meio da Secretaria Municipal de Assistência Social, com ciência da Casa Civil, a descontinuidade do contrato do Serviço de Acolhimento de Adolescentes, bem como sobre a fiscalização em relação às obrigações trabalhistas decorrentes da rescisão contratual.","Gestão de Políticas Sociais, de Direitos e Equidade"
"Requer informações do Poder Executivo Municipal, por meio da Secretaria Municipal de Saúde e da Casa Civil, a respeito da existência de planejamento para garantir a continuidade do atendimento médico nos Centros de Saúde do município em períodos de afastamento de profissionais, especialmente nos períodos de férias e licenças.",Equipamentos públicos de saúde
"Requerimento de Tribuna Livre para Associação Catarinense de Tecnologia – ACATE, pelos seus 40 anos de atuação.",Promoção do trabalho e da renda
"Requer o encaminhamento de expediente à Secretaria Municipal de Infraestrutura e Manutenção da Cidade solicitando informações e providências urgentes quanto à retirada e não recomposição do asfalto na Estrada João Belarmino da Silva, no bairro Pântano do Sul.",Manutenção da infraestrutura viária
Juntada da Certidão de Óbito do Sr. IVAN BASTOS DE ANDRADE aos autos do Projeto de Lei n. 19.834/2026,Juntada de documento
Requer Tribuna Livre para Allan Machado.,Pessoas em vulnerabilidade ou risco social
"Requer ao Poder Executivo Municipal informações sobre a instalação de Eco Ponto, no bairro Tapera",Gestão de resíduos
"Envio de expediente ao Departamento Estadual de Trânsito de Santa Catarina - DETRAN, solicitando informações acerca do registro e emplacamento de ciclomotores conforme Resolução nº 996/2023 do CONTRAN.",Gestão e Regulação da Mobilidade Urbana
Requer informações sobre o vale alimentação dos ACE do munícipio de Florianópolis,Direitos e condições de trabalho
"Requer informações ao Poder Executivo Municipal acerca de veículos estacionados irregularmente na ciclovia da Avenida César Seara, nas proximidades da UFSC.",Infraestrutura cicloviária
Pedido de Informação sobre demolições no Siri.,Moradia
"Requer à CELESC averiguar iluminação pública com problemas, no bairro Monte Cristo.",Iluminação pública
Requer informações sobre os Agentes de Combate as Endemias do município de Florianópolis.,Controle sanitário e vigilância em saúde
"Envio de expediente ao Governo do Estado de Santa Catarina, solicitando a revitalização das faixas de rolamento do Morro da Lagoa, SC 404, Rod Admar Gonzaga, nesta Capital.",Organização do trânsito
Indica ao Poder Executivo Municipal a fiscalização quanto ao uso de equipamentos de proteção individual em obra de restauração da antiga EEB Antonieta de Barros.,Direitos e condições de trabalho
"Indica ao Poder Executivo Municipal a adoção de providências visando à ampliação e regularização da frequência da coleta de resíduos sólidos na comunidade do Monte Serrat/Morro do Mocotó, especialmente na Servidão Tio Bento.",Limpeza Urbana
Cumprimento da Lei Complementar nº 226/2026.,Direitos e condições de trabalho
"O Vereador que esta subscreve, na forma regimental, solicita o envio de expediente ao Chefe do Poder Executivo, sugerindo para que seja construído o “Ponto de entrega voluntária para recebimento de pequenos volumes de resíduos da construção civil e volumosos” (Anexo I do Regulamento nº 003/2011) no seguinte endereço: Servidão Nossa Senhora do Carmo, bairro Coqueiros, região Vila Aparecida, Florianópolis/SC, CEP 88080-430.",Manutenção da infraestrutura viária
Solicita à PMF adquirir novos celulares para uso de profissionais do CREAS Continente,Rede de Assistência Social
Solicitação de reparos e manutenções no CREAS Continente,Rede de Assistência Social
Indica limpeza e sinalização do sítio arqueológico Fúlvio Aducci,Patrimônio cultural
"Solicita ao Poder Executivo Municipal a realização de calçamento com concretagem na Servidão Manoel Lourenço Rios, no bairro Itacorubi, no Município de Florianópolis, visando à melhoria da segurança, da acessibilidade e das condições de tráfego da via.",Manutenção da infraestrutura viária
Solicitação de diminuição de matagal e abertura da rua do CS do Jardim Atlântico.,Equipamentos públicos de saúde
Solicitação de vigia 24h no CS Jardim Atlântico,Equipamentos públicos de saúde
Solicitação de vigia 24h no CREAS Continente,Rede de Assistência Social
Solicitação de mais aparelhos de ar condicionado no CREAS Continente,Rede de Assistência Social
Solicitação de manutenção de banheiros do CS Capoeiras,Equipamentos públicos de saúde
Solicitação de mais banheiros no CS Vila Aparecida,Equipamentos públicos de saúde
Solicitação de reforma na estrada que dá acesso ao CS Novo Continente,Equipamentos públicos de saúde
Solicitação de manutenção de janelas e novo aparelho de ar condicionado no CS Novo Continente,Equipamentos públicos de saúde
"Indica ao Executivo Municipal a necessidade de troca do ponto de ônibus localizado na Rodovia José Carlos Daux – SC-401, em frente ao Floripa Shopping (sentido Centro).",Transporte público
"Indica ao Executivo Municipal a necessidade de troca do piso podotátil na Praça Antônio Machado, no bairro Monte Verde.",Criação e manutenção de área de lazer e atividade física
"Indica ao Executivo Municipal a necessidade de reparos na calçada e no piso podotátil na Rodovia Virgílio Várzea, no bairro Monte Verde.",Manutenção da infraestrutura viária
"Indica fiscalização de construções em área de APP na Servidão Jacarés-de-Papo-Amarelo, na Armação do Pântano do Sul",Manutenção da infraestrutura viária
"Indica fiscalização de construções irregulares na área do PNM Dunas da Lagoa da Conceição, esquina da Rua Lar do João de Barro com a Rua Recanto das Gaivotas, Rio Tavares",Áreas protegidas e conservação ambiental
"Indica ao Executivo Municipal a necessidade de ajuste no tempo dos semáforos de veículos e estudo de viabilidade para instalação de semáforo de pedestres na Rua Lauro Linhares, na faixa em frente à Loja Mix Utilidades e à EEB Hilda Vieira, no bairro Trindade.",Organização do trânsito
"Indica ao Executivo Municipal a necessidade de reparo em buraco na Rua Presidente Gama Rosa, em frente à Praça Atílio Ferreira, no bairro Trindade.",Criação e manutenção de área de lazer e atividade física
"Indica ao Executivo Municipal a necessidade de reparo em buraco na Rua Antônio Carlos Ferreira, lateral do Posto Angeloni, no bairro Agronômica.",Manutenção da infraestrutura viária
"Indica ao Executivo Municipal a necessidade de reforço da pintura da faixa de pedestres na Rua Dr. Carlos Corrêa, esquina com o Mercado Angeloni da Beira-Mar, no bairro Agronômica.",Organização do trânsito
CONCEDE MEDALHA E DIPLOMA FRANCISCO DIAS VELHO AO SENHOR ALEX VILMAR MARTINS.,Medalha Francisco Dias Velho
CONCEDE MEDALHA PROFESSOR JOÃO DAVID FERREIRA LIMA AO SENHOR GILBERTO CALLADO DE OLIVEIRA,Medalha Professor João David Ferreira Lima
CONCEDE A MEDALHA JENIFER CELIA HENRIQUE À MARCHA TRANS DE FLORIANÓPOLIS.,Medalha Jennifer Celia Henrique
DISPÕE SOBRE A REALIZAÇÃO DE CONSULTA POPULAR NO PROCESSO DE TRAMITAÇÃO DA LEI ORÇAMENTÁRIA ANUAL (LOA) NO ÂMBITO DA CÂMARA MUNICIPAL DE FLORIANÓPOLIS.,Planejamento e orçamento público
Concede o Título de Cidadão Honorário à GIVANILDO ALBERTO TRENTO.,Título de cidadã e cidadão honorário
CONCEDE MEDALHA E DIPLOMA DE MÉRITO DO MUNICÍPIO DE FLORIANÓPOLIS VIRGÍLIO VÁRZEA AO SENHOR ARTHUR FRUTUOSO,Medalha Virgílio Várzea
Altera os Feriados Municipais criados pela Lei nº 832 de 27 de junho de 1967 para incluir a Terça-Feira de Carnaval no Calendário Municipal como Feriado de Carnaval.,Dia Municipal
"DISPÕE SOBRE A ALTERAÇÃO DO ANEXO I DA LEI N. 5.847, DE 4 DE JUNHO DE 2001, PARA ACRESCER A PRAIA RECANTO DA LAGOA, E DÁ OUTRAS PROVIDÊNCIAS.",Legalização e denominação de vias e espaços públicos
Institui o Programa “Adote uma Escola” no Município de Florianópolis e dá outras providências.,Gestão da Política Educacional
"Dispõe sobre a alteração do Art. 1º da Lei nº 2127/1984, que denomina a Avenida “Das Lagostas”, a via pública de nºs (C-2 e C-3) 12, que parte da passagem (P5) A-04 até a Avenida (C-1) 06 do loteamento Jurerê, no Distrito de Canasvieiras.",Legalização e denominação de vias e espaços públicos
"Dispõe sobre a denominação das vias do Loteamento Alameda Cezzane, no bairro Vargem Pequena, nesta Capital.",Legalização e denominação de vias e espaços públicos
Solicita informações a respeito do Plano de dos servidores públicos municipais - Plan Saúde.,Gestão e Regulação da Saúde Pública
Requer informações referente ao Centro de Saúde da Fazenda do Rio Tavares.,Equipamentos públicos de saúde
Requer informações sobre canetas aplicadoras de insulina utilizadas na rede pública municipal de saúde.,Prevenção e combate de doenças
Requer informações a respeito de construção de nova unidade do CS Vila Aparecida.,Equipamentos públicos de saúde
Indicação para intensificar fiscalização do entorno da Lagoa do Peri,Áreas protegidas e conservação ambiental
DISPÕE SOBRE A OBRIGATORIEDADE DE DIVULGAÇÃO DA IDADE DA FROTA DO SISTEMA DE TRANSPORTE COLETIVO URBANO DO MUNICÍPIO DE FLORIANÓPOLIS E DÁ OUTRAS PROVIDÊNCIAS.,Transporte público
"Requer informações e providências ao Executivo Municipal e à COMCAP acerca da falta de caminhões para a coleta de lixo em Florianópolis, diante de denúncia de paralisação de trabalhadores, acúmulo de resíduos e prejuízos à saúde pública.",Limpeza Urbana
À Companhia Catarinense de Águas e Saneamento – CASAN,Rede de abastecimento de água
"Requer informações à Secretaria Municipal de Infraestrutura acerca da parceria firmada com a empresa Jet, responsável pela disponibilização de patinetes elétricos no município, bem como solicita providências de fiscalização quanto à disposição e circulação desses veículos em áreas destinadas a pedestres.",Gestão e Regulação da Mobilidade Urbana
"Requer informações ao Poder Executivo Municipal, por meio da Secretaria Municipal da Fazenda, acerca das verbas remuneratórias e indenizatórias pagas no âmbito do Município de Florianópolis, em cumprimento à decisão liminar proferida pelo Ministro Flávio Dino, do Supremo Tribunal Federal, na Reclamação (RCL) nº 88.319.",Planejamento e orçamento público
Indica ao Executivo Municipal a necessidade de garantir transporte coletivo gratuito e funcionamento 24 horas durante todo o período do Carnaval no Município de Florianópolis.,Evento cultural
"Indica ao Executivo Municipal a necessidade de criação de autorização municipal simplificada para vendedores ambulantes e artesãos, especialmente trabalhadores permanentes das praias de Florianópolis.",Alvarás e liberações administrativas
"Indica fiscalização da Blitz Sanear nas ligações de esgoto ao longo dos rios Sangradouro e Quinca Antônio, bairros Pântano do Sul e Armação do Pântano do Sul",Rede de esgotamento sanitário
"Solicita o recapeamento asfáltico e melhorias na pavimentação da Rua Professor Egídio Ferreira, no bairro Capoeiras.",Manutenção da infraestrutura viária
Solicita o recapeamento asfáltico em toda a extensão da Rua Irmã Bonavita.,Manutenção da infraestrutura viária
"Sugere providências por meio do órgão competente visando a realização de estudo para uma parceria com o Governo do Estado, com o objetivo de viabilizar a construção de um Colégio Cívico-Militar na região dos bairros Rio Tavares e Campeche.",Gestão da Política Educacional
Veto Parcial ao Projeto de Lei n. 19446/2025.,Alvarás e liberações administrativas
Requer ao Executivo Municipal informações sobre os canais de atendimento por telefone da COMCAP.,Limpeza Urbana
REQUERIMENTO DE INFORMAÇÕES SOBRE O FUNCIONAMENTO DA PASSARELA DA CIDADANIA DURANTE O PERÍODO DE CARNAVAL E OUTROS EVENTOS NA PASSARELA NEGO QUIRIDO,Evento cultural
REQUERIMENTO DE INFORMAÇÕES SOBRE OS EDITAIS DE CADASTRAMENTO DE AMBULANTES PARA A TEMPORADA DE VERÃO EM FLORIANÓPOLIS,Alvarás e liberações administrativas
"Requer informações ao Poder Executivo Municipal, por meio da Secretaria Municipal de Segurança e Ordem Pública, acerca da atuação dos Agentes de Segurança e Ordem Pública Comunitários em abordagens de pessoas em situação de rua e a adoção de providências para regularização de possíveis irregularidades.",Pessoas em vulnerabilidade ou risco social
Requer informações sobre a Inexigibilidade de Licitação nº 031/2026.,Evento cultural
Aquisição e manutenção de ar-condicionado o CeDRA.,Pessoas com deficiência e neurodivergentes
"Solicito os serviços de pavimentação e drenagem em toda a extensão da Servidão Carlos José Nunes, localizada no bairro Rio Vermelho, nesta Capital.",Manutenção da infraestrutura viária
"Solicito os serviços de pavimentação e drenagem em toda a extensão da Servidão Alaide Silveira de Barcelos, localizada no bairro Rio Vermelho, em Florianópolis.",Manutenção da infraestrutura viária
"Solicito os serviços de limpeza e roçagem em toda a extensão da Rua Fabriciano Inácio Monteiro, localizada no bairro Vargem do Bom Jesus, nesta Capital.",Limpeza Urbana
"Solicito a realização de pavimentação da Servidão dos Curumins, localizada no Bairro Rio Vermelho, neste município de Florianópolis.",Manutenção da infraestrutura viária
"Solicito os serviços de manutenção no NEIM Colônia Z11, localizado na Barra da Lagoa, neste município de Florianópolis.",Manutenção da estrutura escolar
"Solicito serviço de drenagem na Rua Recanto dos Girassóis do Campo, nº 763, localizada no bairro Praia da Daniela, nesta Capital.",Rede de drenagem
"Solicito a instalação de placas de proibido estacionar na Servidão Esperança, no bairro Ingleses do Rio Vermelho, nesta Capital.",Manutenção da infraestrutura viária
"Solicito serviço de limpeza e roçagem em toda a extensão da Rua Recanto dos Girassóis do Campo, localizada no bairro Praia da Daniela, nesta Capital.",Limpeza Urbana
"Solicito o serviço de hidrojato em toda a extensão da Servidão Estevão Antonio Nunes, localizada no bairro Cachoeira do Bom Jesus, em Florianópolis.",Limpeza Urbana
"Solicito o serviço de hidrojato em toda a extensão da Servidão João Simplício da Costa, localizada no bairro Cachoeira do Bom Jesus, nesta Capital.",Limpeza Urbana
"Solicito os reparos no asfalto na Rua Irmã Bonavita, localizada no bairro Capoeiras, na Capital.",Manutenção da infraestrutura viária
"Solicito os serviços de limpeza e roçagem em toda a extensão da Estrada Anarolina Silveira Santos, localizada no bairro Vargem do Bom Jesus, em Florianópolis.",Limpeza Urbana
"Solicito o recolhimento de material pesado que se encontra acumulado na Praia do Abraão, próximo ao rancho de pesca, localizada no bairro Abraão, nesta Capital.",Limpeza Urbana
"Solicito o reparo na pavimentação da Servidão Ayrton Senna, localizada no bairro Ingleses do Rio Vermelho, nesta Capital.",Manutenção da infraestrutura viária
"Solicito a instalação de câmeras de videomonitoramento na entrada da Avenida das Constelações, Residencial Jardim Rio Vermelho, bairro Rio Vermelho, nesta Capital.",Manutenção da infraestrutura viária
"Solicito a execução do serviço de hidrojato na Rua das Ararás, nº 27, bairro Lagoa da Conceição, nesta Capital.",Limpeza Urbana
"Solicita a instalação de sinalização de Carga e Descarga na Avenida Santos Saraiva, nº 1279, bairro Estreito.",Manutenção da infraestrutura viária
"Indica ao Executivo Municipal a necessidade de reparo em buraco na via da Avenida Juscelino Kubitschek, no cruzamento com a Rua Nossa Senhora do Rosário, no bairro Jardim Atlântico.",Manutenção da infraestrutura viária
"Indica Reparo de Buracos na Rua Hermann Blumenau, em Frente a Faixas de Pedestres e Tampas de Bueiro",Manutenção da infraestrutura viária
"Indica Reparo Urgente de Buraco na Avenida Hercílio Luz, altura do nº 839",Manutenção da infraestrutura viária
"Indica Reparo de Buraco na Via da Rodovia Baldicero Filomeno, altura do nº 10200 - Ribeirão da ilha",Manutenção da infraestrutura viária
Indica Reparo de Buraco na Via da Avenida Antônio Borges dos Santos – Bairro Armação,Manutenção da infraestrutura viária
"Indica ao Executivo Municipal a necessidade de reparo em buraco na via da Avenida Juscelino Kubitschek (PC3), próximo à entrada de acesso para a Rua Gualberto Senna, no bairro Jardim Atlântico.",Manutenção da infraestrutura viária
"Indica ao Executivo Municipal a necessidade de reparo em buraco na Rua Felipe Neves, nº 69.",Manutenção da infraestrutura viária
"Indica ao Poder Executivo Municipal que adote providências administrativas para o cumprimento da decisão liminar proferida pelo Ministro Flávio Dino, do Supremo Tribunal Federal, na Reclamação (RCL) nº 88.319, no que se refere às verbas remuneratórias e indenizatórias pagas no âmbito do Município de Florianópolis.",Gestão de pessoas e carreira no serviço público
"Solicita ao Poder Executivo Municipal a poda de árvore na Avenida Almirante Tamandaré, nº 84, no bairro Coqueiros.",Limpeza Urbana
Solicita a poda de manutenção e limpeza de todos os coqueiros situados na orla dos bairros Coqueiros e Itaguaçu.,Limpeza Urbana
Concede Troféu Gesuína Adelaide dos Santos (Dona Gininha) ao Bloco Carnavalesco S.O.S - Enterro da Tristeza.,Troféu Gesuína Adelaide dos Santos (Dona Gininha)
"EMENDA MODIFICATIVA AO nº PLC 1.995/2025 - Reconhece o Programa Municipal de Regularização Fundiária - Floripa Regular como o Plano Setorial de Regularização Fundiária, nos termos do Plano Diretor do Município de Florianópolis, e dá outras providências.",Regularização fundiária
"EMENDA AO PLC N. 1995/2025 - Reconhece o Programa Municipal de Regularização Fundiária - Floripa Regular como o Plano Setorial de Regularização Fundiária, nos termos do Plano Diretor do Município de Florianópolis, e dá outras providências.",Regularização fundiária
Requerimento de Grande Expediente para homenagear Allan Machado,Uso do Grande Expediente para homenagem
"Indica ao Executivo Estadual e à SIE a necessidade de reparo em buracos na Rodovia SC-401, em frente ao Corporate Park.",Manutenção da infraestrutura viária
Requer informações ao Executivo Municipal e à Secretaria Municipal de Saúde sobre o andamento da obra do Centro de Saúde do Rio Tavares (CS Rio Tavares).,Equipamentos públicos de saúde
Requerimento para realização de Audiência Pública referente a Temporada Verão 2025/2026.,Regulação e fomento ao turismo
REQUER AUDIÊNCIA PÚBLICA PARA DEBATER O PROGRAMA FLORIPA PARA TODOS NO CARIANOS.,Impactos urbanísticos de empreendimentos
Solicita cópia de processo a respeito de incentivo à fruição pública.,
Indicação para garantir a modernização dos sopradores de folhas utilizados pelos trabalhadores da Autarquia de Melhoramentos da Capital - COMCAP,Limpeza Urbana
"Reindica ao Executivo Municipal a necessidade de reforma completa da Praça da Pista de Skate da Rua Areias do Campeche, no Sul da Ilha, conforme Indicação nº 00676/2025.",Criação e manutenção de área de lazer e atividade física
"Indica ao Executivo Municipal a necessidade de reparo em buraco existente na Servidão Clandestina, esquina com a Rua dos Eucaliptos, nas proximidades da Lagoa da Chica, no bairro Campeche.",Manutenção da infraestrutura viária
Indicação para incluir prova de títulos nos próximos editais de concurso ou processos seletivos,Gestão e Regulação da Zeladoria Urbana
Manutenção no telhado do NEIM Sueli Gadotti,Manutenção da estrutura escolar
"Indica ao Executivo Municipal a necessidade de flexibilização das regras de acesso às arenas e espaços públicos para permitir a entrada de garrafas de água de plástico, transparentes, lacradas e com rótulo, visando à proteção da saúde e ao bem-estar da população.",Evento cultural
"Solicita a construção de calçadas e adequação de acessibilidade na marginal da BR-282, Saída 2, entre os bairros Coqueiros e Vila Aparecida.",Manutenção da infraestrutura viária
Desobstrução de bueiros na SERVIDÃO LEÔNCIO AMARO DUARTE - PÂNTANO DO SUL,Rede de drenagem
"Cria o BEM – Banco de Equipamento de Mobilidade, no âmbito do Município de Florianópolis, e dá outras providências",Acessibilidade
"Dispõe sobre a denominação da Rua Euclides Olegário dos Santos, em toda a sua extensão, no bairro Ponta das Canas, nesta Capital.",Legalização e denominação de vias e espaços públicos
"Requer informações ao Poder Executivo Municipal sobre o contrato de concessão do serviço de remoção, guarda e depósito de veículos apreendidos","Compras, contratos e patrimônio público"
"Requer envio de expediente à Secretaria de Estado da Infraestrutura e Mobilidade (SIE/SC), solicitando a realização de estudo técnico visando à melhoria no trevo de Jurerê, no cruzamento das rodovias SC-402 e SC-400",Organização do trânsito
"Requer envio de expediente ao Chefe do Poder Executivo, para verificar a possiblidade de iniciar o processo de municipalização da Rodovia João Gualberto Soares, no bairro Rio Vermelho.",Gestão e Regulação da Mobilidade Urbana
REQUERIMENTO DE ARQUIVAMENTO DE PROJETOS DE LEI,Arquivamento de proposição
Requer a tramitação em Urgência Urgentíssima do Projeto de Lei nº 19280/2024,Solicitação de urgência
"Indicação de reparos estruturais no letreiro turístico ""EU AMO SANTO ANTÔNIO""",Obras e Reparos Urbanos
"Indica Limpeza, Recolhimento de Lixo e Apuração de Vazamento de Esgoto nas Oficinas Líticas da Barra da Lagoa",Rede de abastecimento de água
"Solicito a pavimentação e a implantação de sistema de drenagem pluvial na Servidão Recanto da Vovó, nº 126, bairro Barra da Lagoa, nesta Capital.",Manutenção da infraestrutura viária
"Solicito o reparo em boca de lobo na Servidão Madre Paulina, nº 522, bairro Ingleses, nesta Capital.",Manutenção da infraestrutura viária
"Solicito o reparo em boca de lobo na Servidão Esperança, nº 36, bairro Ingleses, nesta Capital.",Manutenção da infraestrutura viária
"Solicito a instalação de faixa de pedestres na esquina da Rua Dário Manoel Cardoso com a Servidão Ipanema, bairro Sítio de Baixo, nesta Capital.",Manutenção da infraestrutura viária
"Solicito o serviço de limpeza e roçagem na Servidão Recanto da Vovó, nº 126, bairro Barra da Lagoa, nesta Capital.",Limpeza Urbana
"Solicito a realização de reparos no asfalto na Avenida Prefeito Osmar Cunha, próximo ao nº 398, bairro Centro, nesta Capital.",Manutenção da infraestrutura viária
"Solicito a realização de análise técnica para implementação de lombada ou redutores de velocidade na Servidão Olavio Valentim Garcia, bairro Ingleses, nesta Capital.",Organização do trânsito
"Solicito a limpeza e roçagem na Servidão São Bernardo, em toda a sua extensão, bairro Cachoeira do Bom Jesus, nesta Capital.",Limpeza Urbana
"Solicito a realização de serviços de limpeza e manutenção, situada na Rua Maria Claudino da Cruz, nº 305, bairro Capoeiras, nesta Capital.",Limpeza Urbana
"Solicito a instalação de lombofaixa de pedestres na Avenida Luiz Boiteux Piazza, nº 5682, bairro Canasvieiras, nesta Capital.",Manutenção da infraestrutura viária
"Solicito a limpeza e roçagem na Rua Dante de Pata, em toda a sua extensão, bairro Ingleses, nesta Capital.",Limpeza Urbana
"Solicito a limpeza e roçagem na Rua Luiz Elias Daux, ao lado do nº 831, bairro Ingleses, nesta Capital.",Limpeza Urbana
Indica urgência para estudo e construção de cobertura nas quadras da EBM Neusa Paula da Silveira (Ingleses).,Manutenção da estrutura escolar
Indica uma série de reparos e manutenções no NEIM Ingleses I.,Manutenção da estrutura escolar
Indica melhorias estruturais no telhado da EBM Herondina Medeiros Zeferino.,Manutenção da estrutura escolar
Reforma Teatro da UBRO,Criação e manutenção de área de lazer e atividade física
Indica readequação de linha de ônibus no Ribeirão da Ilha.,Transporte público
APROVA AS CONTAS DO SENHOR PREFEITO MUNICIPAL RELATIVAS AO EXERCÍCIO DE 2024,Planejamento e orçamento público
CONCEDE MEDALHA BEATA JOANA DE GUSMÃO A SENHORA ANAÍS ELISA CASTRELLÓN CASTILLO,Medalha Beata Joana de Gusmão
SUBSTITUTIVO GLOBAL AO PROJETO DE LEI N. 18.188/2021,Legalização e denominação de vias e espaços públicos
Requer-se a retirada do Projeto de Lei nº 19843/2026 de tramitação.,Arquivamento de proposição
Sugere providências por meio do órgão competente visando a ampliação da equipe técnica especializada na análise dos processos de Regularização Fundiária Urbana (REURB) no Município de Florianópolis.,Regularização fundiária
"Sugere providências por meio do órgão competente visando a instalação de placas indicativas com a identificação dos bairros nas entradas destes, em todo o território do Município de Florianópolis.",Organização do trânsito
Concede o Troféu Governador Celso Ramos à Fernando Ligório,Troféu Governador Celso Ramos
CONCEDE TÍTULO DE CIDADÃO HONORÁRIO AO SENHOR VOLNEI JOSÉ KOCH,Título de cidadã e cidadão honorário
"Moção de Aplausos pela coragem e dedicação dos Policiais Militares ERICK PEREIRA DE OLIVEIRA, THIAGO HENRIQUE LOPES e EMILY AGUIAR DA SILVA",Moção de aplausos
EMENDA 01 AO PROJETRO DE LEI N. 18.353/2021,Emenda
EMENDA 02 AO PROJETO DE LEI L N. 18.353/2021,Emenda
EMENDA 03 AO PROJETO DE LEI N. 18.353/2021,Emenda
EMENDA 04 AO PROJETO DE LEI N. 18.353/2021,Emenda
EMENDA 05 AO PROJETO DE LEI N. 18.353/2021.,Emenda
"REVOGA A LEI N. 2.274, DE 1985 – QUE DECLARA DE UTILIDADE PÚBLICA A SCUDERIE DETETIVE LE COCQ",Título de utilidade pública
DECLARA DE UTILIDADE PÚBLICA A ASSOCIAÇÃO DE VETERANOS DO CORPO DE FUZILEIROS NAVAIS (AVCFN),Título de utilidade pública
"DECLARA DE UTILIDADE PÚBLICA A ASSOCIAÇÃO CULTURAL, RECREATIVO, ESPORTIVA, FILANTRÓPICA MASTER DO FIGUEIRENSE FUTEBOL CLUBE",Título de utilidade pública
DISPÕE SOBRE A UTILIZAÇÃO DA NOMENCLATURA (PcD) – PESSOA COM DEFICIÊNCIA COMO TERMINOLOGIA ADEQUADA PARA REFERIR ÀS PESSOAS COM DEFICIÊNCIA NO ÂMBITO DO MUNICÍPIO DE FLORIANÓPOLIS,Pessoas com deficiência e neurodivergentes
DECLARA DE UTILIDADE PÚBLICA A ASSOCIAÇÃO CULTURAL DO RANCHO DE PESCA PARELHA ATOBÁ,Título de utilidade pública
DECLARA DE UTILIDADE PÚBLICA A ASSOCIAÇÃO DE ESPORTES,Título de utilidade pública
"DECLARA DE UTILIDADE PÚBLICA A ASSOCIAÇÃO RECREATIVA, CULTURAL E ESPORTIVA SÃO CRISTÓVÃO FUTEBOL COSTEIRA",Título de utilidade pública
"ALTERA A EMENTA E O ART. 1º DA LEI N. 5.403, DE 1998 – DECLARA DE UTILIDADE PÚBLICA O CENTRO CULTURAL ANASTÁCIA",Título de utilidade pública
DECLARA DE UTILIDADE PÚBLICA O INSTITUTO ARVOREDO DE BASQUETEBOL,Título de utilidade pública
ALTERA O ART. 1º DA LEI N. 6.067 DE 2002 - DECLARA DE UTILIDADE PÚBLICA A FEDERAÇÃO CATARINENSE DE BODYBOARDING,Título de utilidade pública
DECLARA DE UTILIDADE PÚBLICA A ASSOCIAÇÃO CULTURAL CATAVENTO DE IDEIAS - ACUCA DE IDEIAS,Título de utilidade pública
DECLARA DE UTILIDADE PÚBLICA A ASSOCIAÇÃO BALAIO CAPOEIRA (ABC),Título de utilidade pública
DECLARA DE UTILIDADE PÚBLICA A ASSOCIAÇÃO DOS AMIGOS DE CANASVIEIRAS (ASAC),Título de utilidade pública
DECLARA DE UTILIDADE PÚBLICA O INSTITUTO ALKE,Título de utilidade pública
DECLARA DE UTILIDADE PÚBLICA A JCI FLORIANÓPOLIS,Título de utilidade pública
DECLARA DE UTILIDADE PÚBLICA A ASSOCIAÇÃO ESCOLA DE REMO INGLESES,Título de utilidade pública
REQUERIMENTO PARA CRIAÇÃO DE FRENTE PARLAMENTAR DE COMBATE AO ABUSO E EXPLORAÇÃO SEXUAL DE CRIANÇAS E ADOLESCENTES,Frente Parlamentar
REQUER A RECRIAÇÃO DA FRENTE PARLAMENTAR DE ATENÇÃO ÀS MUDANÇAS CLIMÁTICAS.,Frente Parlamentar
REQUER A RECRIAÇÃO DA FRENTE PARLAMENTAR EM DEFESA DAS POLÍTICAS CULTURAIS NO MUNICÍPIO DE FLORIANÓPOLIS.,Frente Parlamentar
REQUER A CRIAÇÃO DA FRENTE PARLAMENTAR PELA MOBILIDADE URBANA,Frente Parlamentar
Requer a criação da Frente Parlamentar Pela Garantia dos Direitos LGBTI+ no município de Florianópolis.,Frente Parlamentar
"Dispõe sobre a Política Municipal de Saúde Integral de Lésbicas, Gays, Bissexuais, Pessoas Não Binárias, Intersexo, Transgêneros, Travestis e Transexuais (LGBTI+)",Diversidade sexual e de gênero
Solicitação de regularização do caminhão de coleta seletiva nas ruas do bairro Santinho.,Limpeza Urbana
"Providências sobre a situação da NEIM Fermínio Francisco Vieira, Rua. Sebastião L. da Silva, 250, bairro Córrego Grande.",Manutenção da estrutura escolar
Solicitação de Instalação de Iluminação Pública na Praça no Bairro Ingleses do Rio Vermelho,Iluminação pública
Sugere providências ao órgão competente para mais fiscalização das forças de segurança ao que se refere aos veículos automotores que utilizam escapamentos adulterados com a finalidade de produzir mais barulho.,Segurança e monitoramento de espaços públicos
Sugere providências ao órgão competente para a revitalização da pista de skate street situada na praça localizada no bairro Costeira do Pirajubaé.,Criação e manutenção de área de lazer e atividade física
"Solicita a revitalização da Academia da Melhor Idade e Parque Infantil localizados na ""Arena de Esporte e Lazer Prainha-Mocotó""",Criação e manutenção de área de lazer e atividade física
"Requer o desarquivamento de proposições de autoria deste vereador, arquivadas em função do término da legislatura",Desarquivamento de proposição
Requerimento de informações sobre o surto de virose e diarreia no município de Florianópolis à CASAN,Prevenção e combate de doenças
Requerimento de informações sobre o surto de virose e diarreia no município de Florianópolis à Vigilância Sanitária,Prevenção e combate de doenças
Requerimento de informações sobre o surto de virose e diarreia no município de Florianópolis à Secretaria Municipal de Saúde de Florianópolis,Prevenção e combate de doenças
"Requer a CASAN averiguar e reparar vazamento de esgoto na Rua Silva Jardim, no Bairro José Mendes",Rede de esgotamento sanitário
Requer informações a respeito do sistema de transporte coletivo urbano de Florianópolis.,Transporte público
Dispõe sobre a instalação de pontos de apoio para trabalhadores de aplicativos de entrega e de transporte individual privado de passageiros no Município de Florianópolis e dá outras providências.,Serviços de transporte individual privado
"Solicita reparos no calçamento presente na extensão da Avenida da Saudade, no Bairro Trindade",Manutenção da infraestrutura viária
Solicitação de limpeza na Rua Cel. Lopes Viêira 140 - Centro.,Limpeza Urbana
Solicitação de melhoria e calçamento na Servidão Domingos Izaltino dos Santos - Vargem grande.,Manutenção da infraestrutura viária
Solicitar o desarquivamento dos Projetos de Lei arquivados por final de legislatura de autoria deste Vereador.,Desarquivamento de proposição
Requer o desarquivamento de Projetos de Lei e Projeto de Resolução.,Desarquivamento de proposição
Requer o arquivamento do Requerimento N.º 00007/2025,Arquivamento de proposição
Sugere providências do órgão competente a fim de reparar a iluminação pública dos poste indicados nos endereços.,Iluminação pública
"Sugere providências do órgão competente a fim de que seja feita a raspagem de sargetas para retirada de areia da Rua Cândido Pereira dos Anjos, no bairro São João do Rio Vermelho, conhecida como Travessão. ",Limpeza Urbana
Requer desarquivamento do PL19354/2024,Desarquivamento de proposição
Moção de Aplausos à Fernanda Torres pelo Globo de Ouro de Melhor Atriz em Filme de Drama,Moção de aplausos
"INCLUI O INCISO II AO §5º, DO ART. 2º, DA LEI N. 5.273, DE 1998, QUE DISPÕE SOBRE A DENOMINAÇÃO DE LOGRADOUROS PÚBLICOS.",Legalização e denominação de vias e espaços públicos
Indica a criação de dispositivos de segurança para pedestres em cruzamento localizado no Bairro Monte Cristo,Manutenção da infraestrutura viária
"Solicita Retorno da operação da linha de transporte executivo 462 no bairro Campeche, cuja suspensão ocorreu durante a pandemia.",Transporte público
"Os Vereadores das representações partidárias do REPUBLICANOS, MDB e União Brasil, com assento nesta Casa Legislativa, que abaixo subscrevem, com base no art. 70 do Regimento Interno, vêm constituir Bloco Parlamentar por deliberação das respectivas bancadas, a ser liderado pelo Vereador Claudinei Marques (Republicanos) ",Bloco Parlamentar
REQUER A CRIAÇÃO DA FRENTE PARLAMENTAR EM DEFESA DA INDÚSTRIA DA CANNABIS,Frente Parlamentar
SOLICITA O DESARQUIVAMENTO DOS PROJETOS ARQUIVADOS PELO TÉRMINO DA LEGISLATURA ANTERIOR DO VEREADOR DIÁCONO RICARDO,Desarquivamento de proposição
"REQUER A CRIAÇÃO DA FRENTE PARLAMENTAR PELA REDUÇÃO DA JORNADA DE TRABALHO, SEM REDUÇÃO DE SALÁRIO",Frente Parlamentar
Requer Audiência Pública no âmbito da Comissão de Turismo e Assuntos Internacionais.,Evento Cultural
"Pedido de remoção e reinstalação do bicicletário localizado na Rodovia Admar Gonzaga no Itacorubi, em frente ao “CIDASC”. O gabinete do respectivo vereador, foi comunicado por moradores da região sobre o bicicletário destinado para bicicletas elétricas da empresa “Estácio” estar dificultando a locomoção na calçada em que está instalado, localizada na Rodovia Admar Gonzaga, no Bairro Itacorubi, em frente à Companhia Integrada de Desenvolvimento Agrícola de Santa Catarina “CIDASC”",Infraestrutura cicloviária
"Requer laudos técnicos sobre a situação do prédio da antiga rodoviária, na Avenida Hercílio Luz, no Centro.","Compras, contratos e patrimônio público"
"Estabelece o fim da escala de trabalho 6x1 nas terceirizações, contratações de obras e serviços, e nas celebrações de parcerias públicas ou privadas realizadas pela Administração Pública do município de Florianópolis, e dá outras providências.",Direitos e condições de trabalho
Requerimento de informações sobre o contingente de guarda vidas no município de Florianópolis ,Gestão e Regulação da Segurança Pública
"“Dispõe sobre a Instituição do Dia Municipal de conscientização e incentivo ao diagnóstico precoce do Retinoblastoma”, a ser celebrado no dia 18 de setembro, com objetivo de conscientização da população sobre a doença.”",Dia Municipal
"Solicita-se a limpeza e a manutenção da Servidão Natalino, no bairro Capoeiras, devido ao mato alto que compromete a circulação e a segurança dos moradores como demonstrado nas imagens em anexo.",Limpeza Urbana
REQUER A CRIAÇÃO DE FRENTE PARLAMENTAR DO CONSERVADORISMO.,Frente Parlamentar
Requerimento de Informações sobre a Fiscalização de Acessibilidade nas Vias Públicas,Acessibilidade
solicitar melhoria no calçamento na Servidão Joaquim Soares - no bairro Itacorubi,Manutenção da infraestrutura viária
"O Vereador que esta subscreve, na forma regimental, solicita o envio de expediente ao Chefe do Poder Executivo, sugerindo providências do órgão competente a fim de que seja realizado recapeamento pela extensão da Rua Elesbão Pinto da Luz, a partir do cruzamento com a Rua Joaquim Nabuco (Bairro Monte Cristo), por toda a extensão da via até o cruzamento com a Rua Professor Egídio Ferreira (Bairro Jardim Atlântico, altura do Fort Atacadista). Além disso, indico que sejam viabilizados estudos para reparos nas ruas adjacentes a esta via. A comunidade relata dificuldades na mobilidade na região, podendo ser identificados diversos buracos por toda a via, o que vem oferecendo riscos de acidentes e de estragos nos automóveis particulares e transportes públicos.",Manutenção da infraestrutura viária
"“Institui o Dia Municipal do Agente de Educação Especial no Município de Florianópolis e dá outras providências, nesta Capital.”",Dia Municipal
Dispõe sobre a proibição de homenagens a escravocratas no município Florianópolis e dá outras providências,Promoção da equidade e combate à discriminação
"INCLUI ITEM NO ANEXO I DA LEI N. 10.482, DE 2019 - DIA MUNICIPAL DO CONSERVADORISMO.",Dia Municipal
DISPÕE SOBRE A LEITURA DA BÍBLIA COMO RECURSO PARADIDÁTICO NAS ESCOLAS DA REDE PÚBLICA E PARTICULAR DE ENSINO NO MUNICÍPIO DE FLORIANÓPOLIS.,Material didático
Dispõe sobre a equiparação da licença maternidade às trabalhadoras de empresas terceirizadas contratadas pelo município de Florianópolis.,Gestão de pessoas e carreira no serviço público
CONCEDE MEDALHA DO MÉRITO DESPORTIVO MIGUEL LIVRAMENTO DO MUNICÍPIO DE FLORIANÓPOLIS AO SENHOR MARCELO VALADÃO JÚNIOR,Medalha do Mérito Desportivo Miguel Livramento
CONCEDE A MEDALHA E O DIPLOMA FRANCISCO DIAS VELHO AO SENHOR MARCELO RAMOS PEREGRINO FERREIRA.,Medalha Francisco Dias Velho
"O Vereador que esta subscreve, na forma regimental, solicita o envio de expediente ao Chefe do Poder Executivo, sugerindo providências do órgão competente a fim de que sejam realizados reparos de buracos presentes pela extensão das Ruas José João Martendal e Jornalista Tito Carvalho, no Bairro Carvoeira. As imagens dos buracos encontram-se nos anexos desta indicação.",Manutenção da infraestrutura viária
"O Vereador que esta subscreve, na forma regimental, solicita o envio de expediente ao Chefe do Poder Executivo, sugerindo providências do órgão competente a fim de que sejam realizados os devidos reparos em um buraco presente na Rua Professora Maria Júlia Franco n° 63, no Bairro José Mendes. A foto do buraco encontra-se nos anexos desta indicação.",Manutenção da infraestrutura viária
"O Vereador que esta subscreve, na forma regimental, solicita o envio de expediente ao Chefe do Poder Executivo, sugerindo providências do órgão competente a fim de que sejam realizados os devidos reparos em um buraco/cratera presente na Rua Silva Jardim, n° 635 (em frente a panificadora Francestar), Bairro José Mendes. O buraco está oferecendo risco de acidentes e estragos nos automóveis particulares e transportes públicos.",Manutenção da infraestrutura viária
CONCEDE A MEDALHA ANTONIETA DE BARROS À SENHORA DOUTURA LUIZA CESAR PORTELLA.,Medalha Antonieta de Barros
"Requer a realização Audiência Pública no âmbito da Comissão de Orçamento, Finanças e Tributação para debater a limitação orçamentária e o endividamento da PMF.",Planejamento e orçamento público
"Requer informações sobre a atuação da Guarda Municipal de Florianópolis-SC, com relação aos casos de violência contra as Mulheres e Meninas na Capital.",Política para mulheres
"Requerimento de Informações sobre o monitoramento de árvores em risco de queda - A presente solicitação fundamenta-se nos recentes eventos climáticos adversos, que ocasionaram riscos e prejuízos em períodos de chuva, com destaque para a queda de árvores em número significativo. Tais incidentes representam um grave risco à segurança da população, além de comprometerem a mobilidade urbana e a integridade do patrimônio público e privado",Vegetação e arborização urbana
"Dispõe sobre a vedação de contratação pela administração municipal de pessoas condenadas por crimes contra o Estado Democrático de Direito, no âmbito do município de Florianópolis.",Gestão de pessoas e carreira no serviço público
"O Vereador que esta subscreve, na forma regimental, solicita o envio de expediente ao Chefe do Poder Executivo, sugerindo providências do órgão competente a fim de que sejam realizados reparos/reposição em partes do calçadão de pedras Petit Pavé em frente ao Prédio da CMF. Os desenhos formados no Petit Pavé tratam-se de um patrimônio imaterial do município, fazendo parte da obra produzida pelo artista plástico Hassis para o passeio da Praça XV. O livro ""PRAÇA XV DE NOVEMBRO – LEVANTAMENTO E RECUPERAÇÃO DOS DESENHOS – IPUF"" apresenta detalhamento sobre a recuperação correta da obra.",Manutenção da infraestrutura viária
"O Vereador que esta subscreve, na forma regimental, solicita o envio de expediente ao Chefe do Poder Executivo, sugerindo providências do órgão competente a fim de que sejam realizados reparos em uma Ciclorrota (espaço compartilhado entre pedestres e bicicletas) localizada na Rodovia Dr. Antônio Luiz Moura Gonzaga, entre a Panificadora Floripão (Porto da Lagoa) e o Restaurante Uai de Minas (Rio Tavares). Os moradores apontam as péssimas condições do espaço, principalmente após chuvas, quando é gerado um grande lamaçal, necessitando assim de manutenção e limpeza.",Infraestrutura cicloviária
"O vereador que subscreve este documento apresenta a Vossa Excelência a presente indicação para ser apreciada em Plenário e encaminhada ao Excelentíssimo Senhor Topázio Neto, Prefeito do Município de Florianópolis, solicitando que o Poder Executivo encaminhe a questão à secretaria responsável. Solicita-se que seja elaborado e executado o projeto de pavimentação e drenagem da Rua Tílio de Oliveira, localizada no bairro Pântano do Sul.",Manutenção da infraestrutura viária
"O vereador que subscreve este documento apresenta a Vossa Excelência a presente indicação para ser apreciada em Plenário e encaminhada ao Excelentíssimo Senhor Topázio Neto, Prefeito do Município de Florianópolis, solicitando que o Poder Executivo encaminhe a questão à secretaria responsável. Solicita-se que seja elaborado o projeto de pavimentação e drenagem da Servidão Euclides João Alves, localizada no bairro Armação do Pântano do Sul.",Manutenção da infraestrutura viária
"O vereador que subscreve este documento apresenta a Vossa Excelência a presente indicação para ser apreciada em Plenário e encaminhada ao Excelentíssimo Senhor Topázio Neto, Prefeito do Município de Florianópolis, solicitando que o Poder Executivo encaminhe a questão à secretaria responsável. Solicita-se que seja realizado o reparo do buraco localizado na Rua Francisco Thomas dos Santos, no bairro Armação do Pântano do Sul.",Manutenção da infraestrutura viária
"O Vereador que esta subscreve, na forma regimental, solicita o envio de expediente ao Chefe do Poder Executivo, sugerindo providências do órgão competente a fim de manutenção no calçamento e placa de identificação na Servidão Leonor Queirós Teixeira - Saco dos limões.",Manutenção da infraestrutura viária
"O Vereador que esta subscreve, na forma regimental, solicita o envio de expediente ao Chefe do Poder Executivo, sugerindo providências do órgão competente a fim de solicitar a Pavimentação da Rua Deputado Siqueira Bello - Monte Cristo.",Manutenção da infraestrutura viária
"O Vereador que esta subscreve, na forma regimental, solicita o envio de expediente ao Chefe do Poder Executivo, sugerindo providências do órgão competente a fim de realizar a limpeza do leito de rio na ROD. Virgílio Várzea - Saco Grande - próximo ao número 2609.",Gestão e proteção de corpos hídricos e áreas associadas
"O Vereador que esta subscreve, na forma regimental, solicita o envio de expediente ao Chefe do Poder Executivo, sugerindo providências do órgão competente a fim de que seja viabilizada a compra de um computador para uso do Conselho Municipal de Política Cultural de Florianópolis (CMPC-Floripa), com sede no Centro Cultural Silveira de Souza.",Gestão e Regulação da Cultura e Lazer
"Requer a CASAN averiguar e reparar vazamento de esgoto na Rua Professora Maria Júlia Franco, no Bairro José Mendes.",Rede de esgotamento sanitário
"Desarquivamento do Projeto de Decreto Legislativo nº 2509/2023",Desarquivamento de proposição
Desarquivamento de Projetos de Lei de Autoria do Ver. Renato da Farmácia,Desarquivamento de proposição
Requer informações a respeito de publicação de edital para concurso público para Agentes Comunitários de Saúde.,Trabalhadores da saúde
REQUER A CRIAÇÃO DA FRENTE PARLAMENTAR DOS DIREITOS ANIMAIS,Frente Parlamentar
Requer informações sobre problemas estruturais existentes na Fundação Municipal de Meio Ambiente (FLORAM).,Governança ambiental
"Desarquivamento dos Projetos de Lei n. 19337/2024, 19353/2024, 17980/2019, 19311/2024, 19153/2024, 18786/2023, 18574/2023, 18913/2023 e 18327/2021 e desarquivamento do Projeto de Lei Complementar n. 01937/2023.",Desarquivamento de proposição
"Moção de Aplausos à Igreja Mais de Cristo, pelos seus 18 anos de relevantes serviços prestados à comunidade de Florianópolis.",Moção de aplausos
"A Vereadora que esta subscreve, na forma regimental, solicita o envio de expediente ao Chefe do Poder Executivo, sugerindo providências do órgão competente a fim de reparar buraco localizado na Rua Fúlvio Adulcci. 828, Estreito, e causado pelas chuvas do dia 16 de janeiro de 2025.",Manutenção da infraestrutura viária
"A Vereadora que esta subscreve, na forma regimental, solicita o envio de expediente ao Chefe do Poder Executivo, sugerindo providências do órgão competente a fim de reforçar a sinalização dos cruzamentos: 1) Rua Pedro Cunha com a Rua Professora Antonieta de Barros; 2) Rua Professora Antonieta de Barros com a Rua João Evangelista da Costa; 3) Rua Nossa Senhora das Graças com a Rua Souza Dutra; 4) Rua Nossa Senhora das Graças com a Rua Desembargador Gil Costa",Organização do trânsito
"A Vereadora que esta subscreve, na forma regimental, solicita o envio de expediente ao Chefe do Poder Executivo, sugerindo providências do órgão competente a fim de indicar reparo em esgoto a céu aberto na Rua Engenheiro Agrônomo Jaime Mauro Knabben, Balneário, nº 72.",Rede de esgotamento sanitário
"O Vereador que esta subscreve, na forma regimental, solicita o envio de expediente ao Chefe do Poder Executivo, sugerindo providências do órgão competente a fim de que sejam realizadas melhorias nas condições de acessibilidade em ponto de ônibus localizado em frente ao viaduto no Bairro João Paulo, sentido Norte da Ilha. Um morador da região, na condição de Pessoa com Deficiência (PCD) relatou nas redes sociais a dificuldade de acesso ao ponto de ônibus, sendo observada pelo meio fio elevado e irregular em relação ao asfalto, pela falta de calçamento e pela faixa de pedestres afastada do ponto de ônibus. É fundamental que sejam realizados estudos e viabilizadas as melhores soluções para o problema relatado, a fim de evitar acidentes e atender as condições de acessibilidade para PCDs.",Acessibilidade
"A Vereadora que esta subscreve requer o envio de expediente ao Prefeito de Florianópolis e ao Secretário Municipal de Meio Ambiente e Desenvolvimento Sustentável de Florianópolis, solicitando a inscrição no Edital nº 01/2025 do Ministério das Cidades para participação no curso “Urgência climática - Implementando soluções em territórios urbanos vulneráveis”.",Mudanças climáticas
"O Vereador que esta subscreve, na forma regimental, solicita o envio de expediente ao Chefe do Poder Executivo, sugerindo providências do órgão competente a fim de que sejam realizadas melhorias na sinalização de trânsito do Centro Histórico do Bairro Ribeirão da Ilha. Os moradores relatam que a sinalização com pintura da Freguesia do Ribeirão (Rod. Baldicero Filomeno), é insuficiente para diminuir a velocidade dos veículos que transitam na região, e que a situação vem oferecendo perigo de acidentes com os veículos e os pedestres, que possuem pouco espaço para circulação fora da via. A sugestão é que, no lugar das pinturas, sejam instaladas placas ou viabilizadas outras formas mais efetivas para solucionar o problema.",Organização do trânsito
"O Vereador que esta subscreve, na forma regimental, solicita o envio de expediente ao Chefe do Poder Executivo, sugerindo providências do órgão competente a fim de solicitar a pavimentação da parte legalizada na Servidão do Dema no bairro Pedrita até o numero 202.",Manutenção da infraestrutura viária
Requer informações da Secretaria Municipal de Educação acerca das rematrículas de estudantes na Rede Municipal,Vagas em creches e escolas
Requer informações a respeito de concurso público para Monitores Escolares.,Trabalhadores da educação
"Requerimento ao Projeto de Lei 18846/2023 “Dispõe sobre a denominação da Servidão das Gralhas, via que parte da Estrada Cristóvão Machado de Campos, no bairro da Vargem Grande, nesta Capital.”",Juntada de documento
Requer informações sobre a distribuição hormonal e atendimento à população pelo Ambulatório Trans,Gestão e Regulação da Saúde Pública
Pedido de informação à Fundação Cultural de Florianópolis Franklin Cascaes (FCFFC) a respeito dos Editais suspensos de Fomento à Cultura Política Nacional Aldir Blanc (PNAB).,Gestão e Regulação da Cultura e Lazer
"Requer informações à Secretaria Municipal de Cultura, Esporte e Lazer a respeito do Plano Municipal de Cultura e editais de fomento à Cultura",Gestão e Regulação da Cultura e Lazer
"Pedido de informação à Secretaria Municipal de Cultura, Esporte e Lazer a respeito dos Editais suspensos de Fomento à Cultura Política Nacional Aldir Blanc (PNAB) pela Fundação Cultural de Florianópolis Franklin Cascaes (FCFFC).",Gestão e Regulação da Cultura e Lazer
SOLICITA SESSÃO SOLENE EM HOMENAGEM AOS 190 ANOS DA POLÍCIA MILITAR DE SANTA CATARINA NO DIA 05 DE MAIO.,Sessão Solene
AUTORIZA O PREFEITO MUNICIPAL A UTILIZAR ATÉ 10% (DEZ POR CENTO) DAS Emenda IMPOSITIVAS DESTINADAS A OBRAS E SERVIÇOS PÚBLICOS EM CASO DE ESTADO DE EMERGÊNCIA OU CALAMIDADE PÚBLICA.,Planejamento e orçamento público
Desarquivamento de Projetos de Lei de Autoria do Ver. Bericó,Desarquivamento de proposição
"Requer a CASAN averiguar rompimento de tubulação de esgoto na Rua Morro do Mocotó, 226 - Centro.",Rede de esgotamento sanitário
"MOÇÃO DE APLAUSOS AO DEPUTADO FEDERAL NIKOLAS FERREIRA, POR SEU EMPENHO NA DEFESA DA LIBERDADE ECONÔMICA.",Moção de aplausos
Requer a CASAN averiguar a qualidade da água na Servidão Maria Silva Ramos 198 - Ingleses do Rio Vermelho.,Rede de abastecimento de água
"O Vereador que esta subscreve, na forma regimental, solicita o envio de expediente ao Chefe do Poder Executivo, sugerindo providências do órgão competente a fim de vistoriar, por meio da Defesa Civil Municipal, a estrutura do canal do Parque São Jorge, em toda sua extensão, localizado na Avenida Buriti – Bairro Parque São Jorge.",Gestão e proteção de corpos hídricos e áreas associadas
"O Vereador que esta subscreve, na forma regimental, solicita o envio de expediente ao Chefe do Poder Executivo, sugerindo providências do órgão competente a fim de adotar medidas para a revitalização da Praça Willian Silva Pereira de Souza, conhecida como Praça dos Skatistas, localizada na Avenida Atlântica, bairro Jardim Atlântico.",Criação e manutenção de área de lazer e atividade física
"O Vereador que esta subscreve, na forma regimental, solicita o envio de expediente ao Chefe do Poder Executivo, sugerindo providências do órgão competente a fim de providenciar a instalação de estrutura adequada no ponto de embarque e desembarque de passageiros de aplicativos de transporte, como Uber, localizado no Terminal de Integração do Centro.",Organização do trânsito
"O Vereador que esta subscreve, na forma regimental, solicita o envio de expediente ao Chefe do Poder Executivo, sugerindo providências do órgão competente a fim de solicitar a recolocação da placa de identificação da Rua Nova Esperança, localizada no bairro Monte Cristo, CEP 88090-068. A ausência da referida placa tem causado transtornos significativos aos moradores e visitantes.",Organização do trânsito
"Requer realização de Audiência Pública no âmbito da Comissão de Viação, Obras Públicas e Urbanismo.",Serviços de transporte individual privado
Solicita realização de Sessão Solene em comemoração aos 45 anos de fundação do Partido dos Trabalhadores (PT).,Sessão Solene
SOLICITA GRANDE EXPEDIENTE DA CÂMARA PARA TRATAR SOBRE O DIA MUNDIAL DA CONSCIENTIZAÇÃO DO AUTISMO. ,Uso do Grande Expediente para homenagem
"Susta o Decreto n. 27.313, de 31 de dezembro de 2024, que reajustou a tarifa para o Transporte Coletivo Urbano de Florianópolis.",Transporte público
SOLICITA O DESARQUIVAMENTO DO PL 18072/2020.,Desarquivamento de proposição
Arquivamento do Projeto de Lei Complementar nº 1.973/2025,Arquivamento de proposição
"Requer à Secretaria Municipal do Meio Ambiente e Desenvolvimento Sustentável e à Secretaria Municipal de Limpeza e Manutenção Urbana, informações em relação ao Programa Floripa Lixo Zero.",Educação ambiental
"O Vereador que esta subscreve, na forma regimental, solicita o envio de expediente ao Chefe do Poder Executivo, sugerindo providências do órgão competente a fim de solicitar a substituição e modernização dos pontos de ônibus localizados no Balneário do Estreito e em toda a região continental, considerando as condições precárias em que se encontram atualmente",Manutenção de pontos de ônibus
"O Vereador que esta subscreve, na forma regimental, solicita o envio de expediente ao Chefe do Poder Executivo, sugerindo providências do órgão competente a fim de instalação de iluminação pública na Alameda Moçambique, no bairro São João do Rio Vermelho.",Iluminação pública
" A Vereadora que esta subscreve, na forma regimental, solicita o envio de expediente ao Chefe do Poder Executivo, sugerindo providências do órgão competente a fim de reparar calçamento do Largo da Catedral Metropolitana, localizado em frente à Praça XV de Novembro, na Rua Padre Miguelinho, 321, Centro.",Manutenção da infraestrutura viária
"O Vereador que esta subscreve, na forma regimental, solicita o envio de expediente ao Chefe do Poder Executivo, sugerindo providências do órgão competente a fim de que realize uma fiscalização urgente em um imóvel que se encontra em estado de abandono, com acúmulo de entulhos e mato excessivo, gerando transtornos aos moradores vizinhos na Servidão Butiá, 125 – Monte Cristo, Florianópolis/SC.",Limpeza Urbana
CONCEDE O TÍTULO DE CIDADÃO HONORÁRIO AO DR. HARISSON ARAÚJO ALMEIDA,Título de cidadã e cidadão honorário
"O Vereador que esta subscreve, na forma regimental, solicita o envio de expediente ao Chefe do Poder Executivo, sugerindo providências do órgão competente a fim de realizar uma fiscalização urgente no restaurante Rosso, localizado na Rod. Gilson da Costa Xavier, 201 - Santo Antônio de Lisboa, Florianópolis - SC, 88051-000, diante de denúncias recebidas de moradores sobre o despejo irregular de esgoto diretamente no mar.",Rede de esgotamento sanitário
"Requer a CASAN averiguar entupimento da rede de esgoto na Rua General Vieira da Rosa, 202 - Centro.",Rede de esgotamento sanitário
Requer a CASAN averiguar ligação da rede de esgoto na Servidão Angra dos Reis - Ingleses do Rio Vermelho.,Rede de esgotamento sanitário
Requerimento de Informações sobre as Medidas e Planejamentos Adotados para Catástrofes Climáticas,Mudanças climáticas
"Pedido de informação à Secretaria Municipal de Transportes e Infraestrutura, acerca de buraco localizado na rua de mão inglesa, na Praça Tancredo Neves, esquina com a Rua Dr. Álvaro Milen da Silveira.",Manutenção da infraestrutura viária
REQUERIMENTO DE DESARQUIVAMENTO DOS PROJETOS ARQUIVADOS PELO TÉRMINO DA LEGISLATURA,Desarquivamento de proposição
CONSTITUIÇÃO DE BLOCO PARLAMENTAR,Bloco Parlamentar
"O Vereador que esta subscreve, na forma regimental, solicita o envio de expediente ao Chefe do Poder Executivo, sugerindo providências do órgão competente a fim de que sejam realizados reparos na Rua Fernando Machado, em frente ao Cacalhada Comedy Club n° 79 , localizada no Centro de Florianópolis.",Manutenção da infraestrutura viária
"O Vereador que esta subscreve, na forma regimental, solicita o envio de expediente ao Chefe do Poder Executivo, sugerindo providências do órgão competente a fim de realizar a restauração da  Rua Hipólito Mafra, no Saco dos Limões, reparando, especialmente, o buraco próximo à entrada da Rua (foto). ",Manutenção da infraestrutura viária
"O Vereador que subscreve, diante de denúncia feita por moradores do bairro Jardim Atlântico sobre vazamento de esgoto na Praia do Jardim Atlântico (ponto 01 do cadastro do IMA de balneabilidade), entre a Avenida Atlântico e a Rua Elesbão Pinto da Luz, requer os seguintes procedimentos: 1. Que o Executivo, através dos órgãos competentes, acione a concessionária prestadora de serviço de água e esgoto no município (CASAN), para que fiscalize possíveis ligações irregulares de esgoto na rede pluvial, já que o mapa de abrangência da rede de esgoto da concessionária indica que o bairro citado, consta como contemplado com sistema inteiramente ligado e com sua estação de tratamento funcionando (EE Felipe Neves/Coloninha). 2. Que o Executivo, através da Secretaria de Municipal de Meio Ambiente e Desenvolvimento Sustentável, questione o IMA/SC, órgão responsável pela análise de balneabilidade, sobre a metodologia de análise das coletas. Por todo o exposto, solicito urgência para lidar com as demandas.",Rede de esgotamento sanitário
Requer informações a respeito da manutenção das fossas em escolas municipais.,Manutenção da estrutura escolar
Requer a CASAN averiguar e regularizar o fornecimento de água nas ruas do Bairro Carvoeira.,Rede de abastecimento de água
MOÇÃO DE REPÚDIO À PERFORMANCE DO BLOCO DA LAJE PELO ESCÁRNIO A JESUS CRISTO.,Moção de repúdio
"DISPÕE SOBRE A PROIBIÇÃO DE ATOS DE DESRESPEITO A DOGMAS, CRENÇAS E RITOS RELIGIOSOS DA RELIGIÃO CRISTÃ E DE OUTRAS RELIGIÕES NO ÂMBITO DO MUNICÍPIO DE FLORIANÓPOLIS.",Decoro e conduta em espaços públicos
INSTITUI O PROGRAMA DE UTILIZAÇÃO DE CADEIRAS ANFÍBIAS PARA PESSOAS COM DEFICIÊNCIA NAS PRAIAS DE FLORIANÓPOLIS E DÁ OUTRAS PROVIDÊNCIAS.,Acessibilidade
"Dá nova redação ao § 5º do art. 8º da Lei Complementar nº 374/2010 que “Dispõe sobre a regularização de construções irregulares e clandestinas na forma que especifica, de atividade não residencial sem licença para funcionamento e dá outras providências”",Regularização fundiária
DISPÕE SOBRE A OBRIGATORIEDADE DE AFIXAÇÃO DE CARTAZ INFORMATIVO ACERCA DA LEI Nº 19.233/2025 DO ESTADO DE SANTA CATARINA NAS INSTITUIÇÕES DE ENSINO PÚBLICAS E PRIVADAS NO MUNICÍPIO DE FLORIANÓPOLIS E DÁ OUTRAS PROVIDÊNCIAS,Gestão da política educacional
Desarquivamento do Projeto de Lei Complementar n. 01956/2024.,Desarquivamento de proposição
"Requer o desarquivamento dos projetos em nome da ex-Vereadora Maryanne Mattos, do Partido Liberal, arquivados ao final da legislatura",Desarquivamento de proposição
"Pedido de informação à Secretaria Municipal de Habitação e Desenvolvimento Urbano, acerca da padronização das prestações de serviços nas calçadas desta cidade.",Alvarás e liberações administrativas
"Requer, à Secretaria Municipal de Saúde, informações referentes aos repasses do Piso Nacional da Enfermagem (PNE).",Trabalhadores da saúde
Requerimento de informações sobre os quiosques no município de Florianópolis.,Alvarás e liberações administrativas
Requerimento de informações sobre os contratos de concessão do município de Florianópolis.,Gestão e Regulação da Mobilidade Urbana
"O Vereador que esta subscreve, na forma regimental, solicita o envio de expediente ao Chefe do Poder Executivo, sugerindo providências do órgão competente a fim de que sejam realizados reparos em asfalto da Avenida Santa Catarina, próximo ao n° 429 (via lateral do estádio Orlando Scarpelli) , localizada no Bairro Canto. Recebemos imagens de moradores, que mostram um grande buraco na via, além de espaços com rachaduras.",Manutenção da infraestrutura viária
"O Vereador que esta subscreve, na forma regimental, solicita o envio de expediente ao Chefe do Poder Executivo, sugerindo providências do órgão competente a fim de solicitar galeria de escoamento de água começando na região da praça do João Paulo seguindo pela Servidão Natalícia Pereira indo até o final da Rua João Pio do Valê Pereira, chegando até ao mar.",Rede de drenagem
"A Vereadora que esta subscreve, na forma regimental, solicita o envio de expediente ao Chefe do Poder Executivo, sugerindo providências do órgão competente a fim de indicar reparo em placas da passarela do bairro João Paulo, localizada Rodovia João Paulo nº 50,",Organização do trânsito
Requerimento de informações sobre o aumento do IPTU no município de Florianópolis.,Planejamento e orçamento público
"O vereador que subscreve este documento apresenta a Vossa Excelência a presente indicação para ser apreciada em Plenário e encaminhada ao Excelentíssimo Senhor Topázio Neto, Prefeito do Município de Florianópolis, solicitando que o Poder Executivo encaminhe a questão à secretaria responsável. Solicita-se a realização de obras de drenagem em toda a extensão da Servidão Loduvina Pires, localizada no bairro Armação do Pântano do Sul, tendo em vista que a infraestrutura atual encontra-se condenada.",Rede de drenagem
"Requer a CELESC averiguar a iluminação na Servidão Caminho da Prainha, 100 - Barra da Lagoa.",Iluminação pública
Arquivamento do PROJETO DE LEI N.º 19443/2025.,Arquivamento de proposição
"PEDIDO DE DESARQUIVAMENTO DOS PROEJTOS DE LEI DE AUTORIA DO VEREADOR JOÃO COBALCHINI, EM RAZÃO DO FINAL DA LEGISLATURA.",Desarquivamento de proposição
REQUER A RECRIAÇÃO DA FRENTE PARLAMENTAR DE APOIO À AGROECOLOGIA E À SEGURANÇA E SOBERANIA ALIMENTAR E NUTRICIONAL (SSAN),Frente Parlamentar
REQUERIMENTO PARA CRIAÇÃO DE FRENTE PARLAMENTAR DE DESENVOLVIMENTO ECONÔMICO.,Frente Parlamentar
REQUERIMENTO PARA CRIAÇÃO DE FRENTE PARLAMENTAR PELA SEGURANÇA JURÍDICA,Frente Parlamentar
REQUER A CRIAÇÃO DA FRENTE PARLAMENTAR EM DEFESA DA FÉ CRISTÃ,Frente Parlamentar
REQUER A CRIAÇÃO DA FRENTE PARLAMENTAR DO CONTINENTE,Frente Parlamentar
DESARQUIVAMENTO DE PROJETOS DE AUTORIA DO VEREADOR JOSIMAR PEREIRA.,Desarquivamento de proposição
"O Vereador que esta subscreve, na forma regimental, solicita o envio de expediente ao Chefe do Poder Executivo, sugerindo providências do órgão competente a fim de determinar aos proprietários, ou a municipalidade realizar a limpeza de imóveis abandonados na Rua José Bonifácio, números 333 e 334, no bairro Estreito.",Limpeza Urbana
"A Vereadora que esta subscreve requer o envio de expediente ao Chefe do Poder Executivo e ao Secretário Municipal de Infraestrutura e Manutenção da Cidade de Florianópolis, solicitando a instalação de uma placa de “Proibido Estacionar” na Rua dos Marimbaus, em Jurerê Internacional.",Organização do trânsito
"A Vereadora que esta subscreve, requer o envio de expediente ao Chefe do Poder Executivo e ao Secretário Municipal de Infraestrutura e Manutenção da Cidade, sugerindo a possibilidade de ampliação dos horários da linha 847 TIRIO/TITRI via UFSC.",Transporte público
"O vereador que subscreve, na forma regimental, solicita o envio de expediente ao Chefe do Poder Executivo, em que sugere providências ao órgão competente para realização da drenagem e pavimentação em toda a extensão da Servidão Passaredo, localizada no Bairro Rio Tavares, via essa a qual é oficial e não foi contemplada com tais serviços de infraestrutura.",Manutenção da infraestrutura viária
"O Vereador que esta subscreve, na forma regimental, solicita o envio de expediente ao Chefe do Poder Executivo, sugerindo providências urgentes do órgão competente a fim de que seja providenciada a reinstalação de uma placa com denominação da Avenida Vinícius de Moraes (CEP 88037-240), localizada no Bairro Córrego Grande. Os moradores da região relatam que, desde 2024, reivindicam a reinstalação da placa com nome da rua, que foi retirada em função de uma troca de poste, e desde então vem enfrentando imprevistos em função da sua falta. ",Organização do trânsito
"O Vereador que esta subscreve, na forma regimental, solicita o envio de expediente ao Chefe do Poder Executivo, sugerindo providências do órgão competente a fim de sejam realizados reparos de buraco na Rua Felipe Schmidt, localizada no Centro, na altura do Top Market, próximo ao nº 882. As imagens do buraco encontra-se nos anexos desta indicação.",Manutenção da infraestrutura viária
Requer a CASAN averiguar ligação da rede de esgoto na Servidão Andre Conoeiro - Vargem Grande.,Rede de esgotamento sanitário
"Requer a CASAN averiguar a qualidade da água na Rua dos Pinheiros 145 - Ingleses do Rio Vermelho.",Rede de abastecimento de água
Requer a CASAN averiguar ligação da rede de esgoto na Rua Morro do Mocotó 160 - Centro.,Rede de esgotamento sanitário
"Autoriza o Poder Executivo Municipal a promover a passagem do cargo de Auxiliar de Sala para o Quadro do Magistério e dá outras providências.",Trabalhadores da educação
REQUER A CRIAÇÃO DE FRENTE PARLAMENTAR EM DEFESA DO AUTISMO.,Frente Parlamentar
"Requer realização de Audiência Pública no âmbito da Comissão de Trabalho, Legislação Social e Serviço Público.",Trabalhadores da educação
"Requer a CELESC averiguar a iluminação na Estrada João Belarmino da Silva, 2528 - Costa de Dentro - Pântano do Sul.",Iluminação pública
CRIAÇÃO DE UMA FRENTE PARLAMENTAR PARA O DESENVOLVIMENTO DO DESPORTO ADAPTADO (PARADESPORTO),Frente Parlamentar
"Solicita a instalação de lixeiras na extensão das vias Av. Juscelino Kubitschek (PC3), Rua Manoel Pizzolati, Rua Gualberto Senna, Rua Elesbão Pinto da Luz e Av. Atlântica.",Limpeza Urbana
"Solicitar a instalação de uma placa de ""Carga e Descarga"" na R. Osvaldo Cruz, 24 - Balneario, Florianópolis - SC, 88075-270, esquina com a loja Super Trato",Organização do trânsito
"Apoio à construção do TEA Tapera, incluindo o fornecimento de materiais e suporte necessário para a conclusão das obras, promovendo a inclusão social no bairro Tapera.",Pessoas com deficiência e neurodivergentes
"limpeza urbana na Rua Laurindo Marcelino da Silva, visando a remoção de mato e resíduos acumulados",Limpeza Urbana
indicação para a viabilidade da instalação de banheiros inteligentes na Beira-Mar Continental.,Criação e manutenção de área de lazer e atividade física
"Solicitar a instalação de duas lixeiras na Rua Osvaldo de Oliveira, nº 170, bairro Capoeiras, Florianópolis - SC.",Limpeza Urbana
"Solicitação de reparo e manutenção da galeria pluvial situada na Servidão Luiz Carlos Theodorico Gomes, CEP 88034-688, no bairro Itacorubi.",Rede de esgotamento sanitário
"Solicitação de implementação de um sistema de drenagem na Servidão Maria Oliveira Nunes, bairro Santinho.",Rede de drenagem
Solicitação de regularização da coleta de resíduos no bairro Estreito.,Limpeza Urbana
Desassoreamento no Rio Papaquara - Servidão Braulina Machado - Vargem Grande.,Gestão e proteção de corpos hídricos e áreas associadas
DENOMINA VIA PÚBLICA LOCALIZADA NO BAIRRO DO CAMPECHE COMO SERVIDÃO ISAURO JOSÉ MARTINS.,Legalização e denominação de vias e espaços públicos
Requer esclarecimentos da Secretaria de Assistência Social acerca da reforma do Restaurante Popular de Florianópolis e da mudança na população alvo de seus serviços,Segurança alimentar e nutricional
"ESTABELECE O PRINCÍPIO DA CONFIANÇA, RECONHECENDO A AUTODECLARAÇÃO COMO INSTRUMENTO VÁLIDO EM PROCEDIMENTOS ADMINISTRATIVOS NO MUNICÍPIO DE FLORIANÓPOLIS, E DÁ OUTRAS PROVIDÊNCIAS.",Alvarás e liberações administrativas
Requer a CELESC averiguar na iluminação Rua Treze de Maio 329 - Morro do Mocotó - Centro,Iluminação pública
"Requer a CELESC averiguar a iluminação na Servidão Braulina Machado - Vargem Grande - Papaquara.",Iluminação pública
Requerimento de informações sobre a frota de motocicletas no município de Florianópolis.,Gestão e Regulação da Mobilidade Urbana
Requerimento de informações acerca do volume de atendimentos médicos realizados em função de acidentes de trânsito em Florianópolis.,Gestão e Regulação da Saúde Pública
REQUER A RECRIAÇÃO DA FRENTE PARLAMENTAR DE SAÚDE MENTAL.,Frente Parlamentar
Solicita cópia do Ato de Rescisão do Termo de Colaboração PMF - Instituto Aminc.,Segurança alimentar e nutricional
Solicita documentos oficiais a respeito de instalação de parklets.,Alvarás e liberações administrativas
"REQUER TRIBUNA LIVRE A SER CONCEDIDA À SRA. MARGARETH CARREIRÃO, PRESIDENTE E FUNDADORA DA ASSOCIAÇÃO CATARINENSE DE DOENÇAS RARAS, EM RAZÃO DO DIA MUNDIAL DAS DOENÇAS RARAS.",Prevenção e combate de doenças
"Solicita reparo de buraco na Rua Felipe Neves, no Bairro Coloninha",Manutenção da infraestrutura viária
Reforma da praça localizada na Servidão Palmeiras Verdes,Criação e manutenção de área de lazer e atividade física
"Solicita a reposição de lombadas na Rua Laurindo Januário da Silveira, no Bairro Lagoa da Conceição",Organização do trânsito
"Venho, por meio deste, solicitar a instalação de uma lombada na Rua do Iamim, CEP 88058-610, em frente ao número 1358, no bairro Canasvieiras. Esta solicitação baseia-se em um pedido antigo dos moradores da localidade, com o intuito de garantir a ordem e a segurança daqueles que utilizam a via.",Organização do trânsito
"Solicitação para a continuação da pavimentação da Rua Bayer Filho, no bairro Coqueiros.",Manutenção da infraestrutura viária
Solicita notificação de proprietário de imóvel alagado no bairro Monte Verde.,Controle sanitário e vigilância em saúde
"Solicitando a revitalização da quadra de esportes localizada na Servidão Escadaria da Bica (subindo a escadaria da Igreja Assembleia de Deus, no final da escada), situada no bairro Centro, na Comunidade da Mariquinha, no município de Florianópolis.",Criação e manutenção de área de lazer e atividade física
Requer informações sobre o cronograma desta assessoria para a V Conferência Nacional de Políticas para Mulheres a ser realizada em Brasília em Setembro de 2025.,Política para mulheres
"Requer informações sobre o cronograma da Secretaria Estadual para a V Conferência Nacional de Políticas para Mulheres, a ser realizada em Brasília em Setembro de 2025.",Política para mulheres
"Requer a CASAN averiguar e reparar vazamento de esgoto na Servidão Escadaria da Bica, no bairro Centro (Comunidade da Mariquinha).",Rede de esgotamento sanitário
"Requerimento de informações acerca do valor arrecadado com o ISS dos aplicativos de intermediação de transporte, hospedagem e entrega no município de Florianópolis.",Planejamento e orçamento público
"INCLUI ITEM NO ANEXO IV DA LEI N. 10.482, DE 2019 - MAIO VERMELHO: MÊS MUNICIPAL DE CONSCIENTIZAÇÃO E PREVENÇÃO DO ACIDENTE VASCULAR CEREBRAL (AVC). ",Mês Municipal
"Dispõe sobre a proibição de execução de músicas e videoclipes com letras e coreografias que façam apologia ao crime, ao uso de drogas ou apresentem conteúdos de natureza sexual ou erótica nas unidades escolares da rede de ensino do Município de Florianópolis.",Material didático
"Requer à Secretaria Municipal de Educação, informações referentes ao novo Piso do Magistério.",Gestão da política educacional
Concede Medalha João Davi Ferreira Lima à Derlei Catarina de Luca,Medalha Professor João David Ferreira Lima
Requer a juntada de documento ao PL nº. 19417/2024.,Juntada de documento
Requer a juntada de documento ao PL nº. 19405/2024.,Juntada de documento
Requer Grande Expediente para a Homenagear as Lojas  Koerich pela comemoração de 70 anos de atividades.,Sessão Solene
"Requer o deslocamento do poste de iluminação na Servidão Julio Petroski, n° 320 - Ingleses",Iluminação pública
"Requer à Prefeitura à Secretaria Municipal de Assistência Social de Florianópolis, informações sobre os Programas de Assistência Social da MÉDIA COMPLEXIDADE executados no ano de 2024.",Rede de Assistência Social
Requer a realização de Audiência Pública no âmbito da Comissão de Turismo e Assuntos Internacionais (CTAI) para debater a aplicação das leis de turismo do município.,Regulação e fomento ao turismo
SOLICITA PROVIDÊNCIAS Á CELESC PARA REALOCAÇÃO DE UM POSTE LOCALIZADO EM FRENTE Á IGREJA DE SÃO FRANCISCO DE PAULA NO BAIRRO DE CANASVIEIRAS.,Iluminação pública
"solicita o envio de expediente ao Superintendente Regional do DNIT no Estado de Santa Catarina, solicitando a manutenção da passarela localizada ao lado da Praça Novo Horizonte, na Rua Paralela Novo Horizonte, às margens da BR 282 (via expressa) no bairro Monte Cristo, na região continental desta Capital.  ",Manutenção da infraestrutura viária
"Solicitação de cuidados emergenciais no tráfego do local e reparo da ponte na Rua Walter Gomes, bairro Santo Antônio de Lisboa.",Manutenção da infraestrutura viária
"Solicitação de providências referente à obra na Rua das Ostras, no bairro Sambaqui.",Impactos urbanísticos de empreendimentos
Sugestão de mudança de horário da Coleta Seletiva no bairro Cachoeira do Bom Jesus.,Limpeza Urbana
"Solicitação de manutenção da rede da goleira do campo de futebol comunitário da Servidão Manoel Félix da Silva, 25, no bairro Itacorubi.",Criação e manutenção de área de lazer e atividade física
"Solicitar que seja feito o reparo nas lajotas na Servidão Vassourinha, 176 - Rio Tavares, Florianópolis - SC, 88048-370.",Manutenção da infraestrutura viária
"Revitalização da Rua Evangelina Tavares Moellmann, Lote 3 - Açores",Rede de drenagem
"Solicitar o envio de caminhão hidrojato no bairro Capoeiras, para a Rua Francisco Belmiro e Travessa Onestino Francisco da Silva.",Limpeza Urbana
"Solicitação para ao reparo de um buraco localizado na Rua Felipe Neves n° 1493, o referido buraco tem causado transtornos aos motoristas e pedestres que transitam pelo local, podendo resultar em acidentes e danos aos veículos. A situação se agravou recentemente devido às chuvas que junto veio restos de entulhos obstruindo ainda o bueiro.",Manutenção da infraestrutura viária
"Solicitar a recuperação da malha asfáltica por toda a extensão da Rua Joaquim Carneiro, no bairro Capoeiras.",Manutenção da infraestrutura viária
"O Vereador que esta subscreve, na forma regimental, solicita o envio de expediente ao Chefe do Poder Executivo, solicitando informações sobre o estudo para a implementação de acesso à rua Procurador Abelardo Gomes, que teve seu início em 2023 junto a Secretaria Municipal de Planejamento e Inteligência Urbana. O referido projeto prevê a alteração da faixa exclusiva de ônibus, bem como a reestruturação da via para permitir o tráfego de veículos em duas faixas.",Gestão e Regulação da Mobilidade Urbana
"Venho, por meio deste, solicitar a instalação de um semáforo para pedestres no cruzamento da avenida marinheiro Max Schramm, na frente do n° 3091, visando à melhoria da mobilidade e a segurança da população que transita diariamente pelo local.",Organização do trânsito
"Senhor Presidente, O Vereador que esta subscreve, na forma regimental, solicita o envio de expediente ao Chefe do Poder Executivo, solicitando que a Rua Intendente Antônio Damasco, localizada no bairro Ratones, nesta Capital, seja pavimentada da Igreja Nossa Senhora dos Remédios e Cemitério Distrital de Ratones nº 2452 até a altura da entrada da Servidão Daniel José Homem, conforme croqui anexo.",Manutenção da infraestrutura viária
"Venho solicitar, em caráter de urgência, a poda ou remoção de uma árvore localizada na Rua Carlos Ausgusto Domingues n°173 fundos, que apresenta risco iminente de queda sobre uma residência na qual mora uma senhora de 83 anos.",Limpeza Urbana
"Solicita reparos em buraco na Rua Santos Saraiva, localizada no Bairro Estreito",Manutenção da infraestrutura viária
"Solicita reparos em buraco/cratera na Rua Prof. Belarmino Corrêa, localizada no Bairro Trindade",Manutenção da infraestrutura viária
"Solicita reparos no NEIM Orlandina Cordeiro, no bairro Monte Verde.",Manutenção da estrutura escolar
Concede Medalha Antonieta de Barros à Cauane Gabriel Azevedo Maia,Medalha Antonieta de Barros
"Requer a CASAN averiguar ligação da rede de esgoto na Rua 25 de Novembro - Serrinha - Trindade.",Rede de esgotamento sanitário
Indica a criação de um 5º e um 6º Conselhos Tutelares de Florianópolis,Direitos de Crianças e Adolescentes
"Requer tribuna livre a ser concedida à Sra. Vanessa Cristina Brasil Souza, representante do Movimento Vida Além do Trabalho (VAT)",Direitos e condições de trabalho
"Proíbe a contratação de shows, artistas e eventos abertos ao público infantojuvenil que envolvam, no decorrer da apresentação, expressão de apologia ao crime organizado ou ao uso de drogas e dá outras providências.","Compras, contratos e patrimônio público"
"DECLARA DE UTILIDADE PÚBLICA A ASSOCIAÇÃO DE PROPRIETÁRIOS, MORADORES E AMIGOS DE JURERÊ TRADICIONAL E JURERÊ INTERNACIONAL - ""AVANTE JURERÊ INTERNACIONAL""",Título de utilidade pública
"O vereador que subscreve, na forma regimental, solicita o envio de expediente ao Chefe do Poder Executivo, em que sugere providências ao órgão competente para realização da pavimentação e drenagem do trecho oficial, porém, que ainda não foi contemplada com tais serviços, na Servidão Pedro Castanho, localizada no Bairro Alto Ribeirão.",Manutenção da infraestrutura viária
"O vereador que subscreve, na forma regimental, solicita o envio de expediente ao Chefe do Poder Executivo, em que sugere providências ao órgão competente para realização de drenagem e pavimentação em toda extensão da Servidão Luiza Francisca Guimarães, localizada no Bairro Rio Tavares, via essa a qual é oficial e não foi contemplada com tais serviços de infraestrutura.",Manutenção da infraestrutura viária
"DESARQUIVAMENTO DOS PROJETOS DE LEI N.º 19389/2024, 19383/2024, 19354/2024, 19348/2024, 19340/2024, 19201/2024, 19132/2024, 18897/2023, 18847/2023, 18783/2023, 18771/2023, 18769/2023, 18692/2023, 18688/2023, 18669/2023, 18610/2023, 18421/2022, 18420/2022, 18391/2022, 18314/2021, 18308/2021, 18305/2021, 18186/2021, 18134/2020, 18162/2020, 18097/2020, 18036/2020, 18000/2020, 17990/2019, 17972/2019, 17954/2019.  ",Desarquivamento de proposição
"O Vereador que esta subscreve, na forma regimental, solicita o envio de expediente ao Chefe do Poder Executivo, sugerindo providências do órgão competente a fim de solicitar que seja feito o reparo do buraco na subida da R. Douglas Seabra Levier, 204 - Trindade, que tem causado transtornos para a comunidade local. Recebemos diversas reclamações de moradores e motoristas que passam pelo local, destacando os riscos e dificuldades de trafegabilidade na via.",Manutenção da infraestrutura viária
"O Vereador que esta subscreve, na forma regimental, solicita o envio de expediente ao Chefe do Poder Executivo, sugerindo providências do órgão competente a fim de sugerir providências do órgão competente a fim de solicitar a limpeza e manutenção do parquinho da NEIM Cristo Redentor, localizado na R. Valdemiro Monguilhot, 5 - Centro, Florianópolis - SC, 88020-330.",Manutenção da estrutura escolar
"A Vereadora que esta subscreve, na forma regimental, solicita o envio de expediente ao Chefe do Poder Executivo, com base nas necessidades e demandas da comunidade local, visando a realização de reparos e melhorias na infraestrutura da Rua Nossa Senhora de Fátima, no bairro Areias do Campeche, aprimorar o sistema de escoamento das águas pluviais na referida via.",Rede de drenagem
"DENOMINA VIA PÚBLICA, SERVIDÃO ANTÔNIO JOSÉ DA LUZ AMARAL FILHO, NO MUNICÍPIO DE FLORIANÓPOLIS/SC.  ",Legalização e denominação de vias e espaços públicos
Requer a CASAN averiguar implantação e ativação da rede coletora no bairro Monte Verde.,Rede de esgotamento sanitário
"APROVA AS CONTAS DO PREFEITO MUNICPAL DE FLORIANÓPOLIS, RELATIVAS AO EXERCÍCIO DE 2023  ",Planejamento e orçamento público
DECLARA DE UTILIDADE PÚBLICA MUNICIPAL A   ASSOCIACAO PRO-VOLEI DE EDUCACAO ESPORTE CULTURA E LAZER,Título de utilidade pública
"Requer envio de expediente ao Governador do Estado de Santa Catarina, a fim de obter informações sobre a destinação da área do Complexo Penitenciário de Florianópolis.",Infraestrutura de segurança
Pedido de desarquivamento de todos os projetos de autoria do Vereador Jeferson Backer,Desarquivamento de proposição
"Requer a CELESC averiguar a iluminação na Rua Morro do Mocotó, 248 - Centro.",Iluminação pública
Requer a CELESC a readequação do poste de iluminação no meio da via pública na Rua Atahulba de Andrade n°107 (ao fim da rua) bairro Monte Cristo,Iluminação pública
"REQUER A REALIZAÇÃO DE AUDIÊNCIA PÚBLICA NO ÂMBITO DA COMISSÃO DE DEFESA DO CONSUMIDOR, DIREITOS HUMANOS E SEGURANÇA PÚBLICA",Segurança alimentar e nutricional
Moção de aplausos ao “O Bom Samaritano” pela realização de mais um Encontro dos Recuperados.  ,Moção de aplausos
"MOÇÃO DE APLAUSOS À IGREJA SARA NOSSA TERRA, EM RECONHECIMENTO AOS RELEVANTES SERVIÇOS PRESTADOS À COMUNIDADE DE FLORIANÓPOLIS",Moção de aplausos
"O Vereador que esta subscreve, na forma regimental, solicita o envio de expediente ao Chefe do Poder Executivo, sugerindo providências do órgão competente a fim de solicitar a realização de limpeza e desassoreamento no trecho do Rio Itacurubi, localizado ao lado do Centro de Saúde do Itacurubi.",Gestão e proteção de corpos hídricos e áreas associadas
"O Vereador que esta subscreve, na forma regimental, solicita o envio de expediente ao Chefe do Poder Executivo, sugerindo providências do órgão competente a fim de solicitar a Companhia de Melhoramentos da Capital (COMCAP) a realização do serviço de roçagem e limpeza do terreno localizado na Rodovia Francisco Thomas dos Santos na frente do  n°6800, no sul da ilha.",Limpeza Urbana
"A Vereadora que esta subscreve, na forma regimental, solicita o envio de expediente ao Chefe do Poder Executivo, sugerindo providências do órgão competente a fim de reparar buracos na ciclofaixa e nos sistemas de coleta de águas pluviais, popularmente conhecidos como bueiros. Tais buracos estão localizados no trecho entre a rua João Pio Duarte Silva, nº 1677, e a rua Vera Linhares de Andrade, nº 2855, no bairro Córrego Grande.",Infraestrutura cicloviária
"A vereadora que esta subscreve, na forma regimental, requer o envio de expediente ao Chefe do Poder Executivo e ao Secretário Municipal de Infraestrutura e Manutenção da Cidade, com o intuito de solicitar o reparo do buraco presente na Rua Bico do Lacre, 144, bairro Cacupé.",Manutenção da infraestrutura viária
"A vereadora que esta subscreve, na forma regimental, requer o envio de expediente ao Chefe do Poder Executivo e ao Secretário Municipal de Infraestrutura e Manutenção da Cidade, com o intuito de solicitar a manutenção urgente da escadaria localizada no Morro do Bode, na Servidão Siqueira, bairro José Mendes.",Acessibilidade
"A vereadora que esta subscreve, na forma regimental, requer o envio de expediente ao Chefe do Poder Executivo e ao Secretário Municipal de Infraestrutura e Manutenção da Cidade, com o intuito de solicitar o reparo urgente do buraco presente na Rua das Acácias, no bairro Carvoeira.",Manutenção da infraestrutura viária
"O Vereador que subscreve o presente, nos termos regimentais, solicita o envio de expediente ao Chefe do Poder Executivo, recomendando a adoção de medidas pelo órgão competente para a manutenção urgente da academia de ginástica ao ar livre localizada na Avenida Madre Benvenuta, em frente ao Posto Policial, altura do n. 1176 - bairro Santa Mônica. ",Criação e manutenção de área de lazer e atividade física
"O Vereador que subscreve o presente, nos termos regimentais, solicita o envio de expediente ao Chefe do Poder Executivo, recomendando a adoção de medidas pelo órgão competente para a revitalização na praça localizada na Avenida Atlântica, altura do n. 692 - bairro Jardim Atlântico.",Criação e manutenção de área de lazer e atividade física
CONCEDE MEDALHA ANTONIETA DE BARROS DO MUNICÍPIO DE FLORIANÓPOLIS  A SRA BRUNA COSTA DOS SANTOS.,Medalha Antonieta de Barros
CONCEDE MEDALHA PROFESSOR JOÃO DAVI FERREIRA LIMA AO SENHOR MARCOS CANETTA,Medalha Professor João David Ferreira Lima
Fica concedido o Título de Cidadão Honorário do Município de Florianópolis ao Senhor Luiz Dagoberto Brião.,Título de cidadã e cidadão honorário
"Requer a CASAN averiguar e reparar vazamento de água na Servidão Ruth Bastos de Oliveira, no Bairro Lagoa da Conceição",Rede de abastecimento de água
CONCEDE MEDALHA E DIPLOMA DE MÉRITO FRANCISCO DIAS VELHO AO SENHOR CARLOS ALBERTO TEIXEIRA. ,Medalha Francisco Dias Velho
Dispõe sobre a implementação de sinais sonoros em semáforos nas vias públicas do município de Florianópolis/SC”.  ,Acessibilidade
CONCEDE MEDALHA E DIPLOMA DE MÉRITO VIRGÍLIO VÁRZEA AO SR ÉDIO FERNANDES.,Medalha Virgílio Várzea
"Realização de Reunião Ampliada na Comissão de Defesa do Consumidor, Direitos Humanos e Segurança Pública, com a finalidade de debater e analisar novas soluções tecnológicas para a segurança pública no município de Florianópolis.  ",Infraestrutura de segurança
"Reunião ampliada na Comissão de Defesa do Consumidor, Direitos Humanos e Segurança Pública para discutir a situação do Mercado Público de Florianópolis.","Compras, contratos e patrimônio público"
Requerimento de Informações sobre Contratos de Planos de Saúde para Servidores Municipais.,Gestão de pessoas e carreira no serviço público
REQUER INFORMAÇÕES ACERCA DOS PASSES DE GRATUIDADE PARA PESSOAS HIV+ NO MUNICÍPIO DE FLORIANÓPOLIS,Promoção da equidade e combate à discriminação
Requer informações à Secretaria Municipal de Infraestrutura e Manutenção da Cidade sobre os tipos de vias no município,Gestão e Regulação da Mobilidade Urbana
realização de uma Reunião Ampliada no âmbito da Comissão de Saúde para discutir a proliferação das capivaras. ,Prevenção e combate de doenças
"Este vereador que subscreve, com fulcro no Regimento Interno desta Casa, requer que seja discutido e votado pelo colendo plenário, o Requerimento que ora apresentamos:  realização de Sessão Comemorativa à Abertura da Semana das Religiões de Matrizes Africanas",Sessão Comemorativa
"Solicita reparos em buraco no cruzamento entra a Rua José Donatílio da Luz e Rua Luís D'Acampora, localizadas no Bairro Jardim Atlântico.",Manutenção da infraestrutura viária
"Solicita reparos no EBM Antônio Paschoal Apóstolo, no bairro Rio Vermelho.",Manutenção da estrutura escolar
"Venho, por meio deste, solicitar o plantio de uma árvore em um buraco localizado na calçada da Rua Mauro de Carvalho n°39, que atualmente representa um risco para pedestres e compromete a estética do local.",Manutenção da infraestrutura viária
"Trata-se de MOÇÃO DE APLAUSOS e reconhecimento as Guardas-Vidas Civis (GVC) Paola de Almeida Prado Dias Gama e Clara Quemel Ribeiro, por serem responsáveis pelo primeiro resgate realizado por mulheres no Estado de Santa Catarina, com uso de moto aquática, salvando a vida de quatro banhistas.  ",Moção de aplausos
CONCEDE TÍTULO DE CIDADÃO HONORÁRIO DO MUNICÍPIO DE FLORIANÓPOLIS AO SR PEDRO JOEL HORSTMANN.,Título de cidadã e cidadão honorário
CONCEDE O TÍTULO DE CIDADÃO HONORÁRIO DO MUNICÍPIO DE FLORIANÓPOLIS AO SENHOR PEDRO DE QUEIROZ CORDOVA SANTOS,Título de cidadã e cidadão honorário
Concede Título de Cidadã Honorária do Município de Florianópolis à Geni Núñez,Título de cidadã e cidadão honorário
Requerimento de informações acerca do contrato e respectivos aditivos firmados entre a CASAN (Companhia Catarinense de Águas e Saneamento) e a Prefeitura Municipal de Florianópolis.  ,Acesso a documentos
"Requer ao Poder Executivo Municipal, informações referentes a divulgação dos shows nas Arenas do Carnaval de Rua 2025.",Evento Cultural
"DISPÕE sobre a implantação de espaços neurossensoriais para neurodivergentes: Transtorno do Espectro Autista (TEA), Transtorno do Déficit de Atenção com Hiperatividade (TDAH), Transtorno do Processamento Sensorial (TPS) e outros transtornos comportamentais, em estabelecimentos públicos de saúde, educação e assistência social no município de Florianópolis e dá outras providências.",Pessoas com deficiência e neurodivergentes
"ADEQUA ÀS NORMAS PREVIDENCIÁRIAS NO ÂMBITO  DO  MUNICÍPIO  DE   FLORIANÓPOLIS ÀS REGRAS ESTABELECIDAS PELA EMENDA CONSTITUCIONAL N. 103, DE 2019, ALTERANDO AS LEIS COMPLEMENTARES N. 349, DE 2009, N. 717, DE 2021, N. 468, DE 2013, N. 770, DE 2024, E A LEI COMPLEMENTAR CMF N. 063, DE 2003.",Gestão de pessoas e carreira no serviço público
ALTERA O ART. 31 DA LEI ORGÂNICA DO MUNICÍPIO DE FLORIANÓPOLIS (Acerca do regime proprio de previdencia),Gestão de pessoas e carreira no serviço público
"DECLARA OS MUNICÍPIOS DE VELAS/LOCALIZADO NA ILHA DE SÃO JORGE/REGIÃO AUTÔNOMA DOS AÇORES/ PORTUGAL E FLORIANÓPOLIS/SC/BRASIL COMO ""CIDADES-IRMÃS"" E AUTORIZA A CELEBRAÇÃO DE ACORDOS DE COOPERAÇÃO PARA CONSECUÇÃO DE OBJETIVOS COMUNS.",Relações institucionais e cooperação
"Requer informações à Secretaria Municipal de Infraestrutura e Manutenção da Cidade sobre a reforma do Trapiche da Praia da Saudade, no Bairro Coqueiros",Criação e manutenção de área de lazer e atividade física
RATIFICA   O   PROTOCOLO   DE   INTENÇÕES   E AUTORIZA O INGRESSO DO MUNICÍPIO DE FLORIANÓPOLIS NO    CONSÓRCIO    INTERFEDERATIVO    SANTA CATARINA    -    CINCATARINA    E    DÁ    OUTRAS PROVIDÊNCIAS.,Relações institucionais e cooperação
Requerimento de informações acerca do contrato e respectivos aditivos firmados entre a COMCAP e RACLI e a Prefeitura Municipal de Florianópolis.,Acesso a documentos
Requerimento de informações acerca dos contratos e respectivos aditivos firmados entre as empresas drenagem e a Prefeitura Municipal de Florianópolis.,Acesso a documentos
REQUERER O ARQUIVAMENTO DO PLC 1.705/2018,Arquivamento de proposição
Solicita informações sobre estudo para a implementação de acesso à Rua Procurador Aberlado Gomes.,Gestão e Regulação da Mobilidade Urbana
"Requer envio de expediente  Secretaria de Estado da Infraestrutura e Mobilidade para manutenção na Rodovia Francisco Thomaz dos Santos, bairro Armação do Pântano do Sul.",Manutenção da infraestrutura viária
"Requer Audiência Pública para debater a proposta de Reforma da Previdência prevista no PLC n° 01976/2025 e a Proposta de Emenda à Lei Orgânica n° 00110/2025,  ambos de autoria do poder executivo.",Gestão de pessoas e carreira no serviço público
Requer a CELESC averiguar a iluminação na Servidão Siqueira 317 - José Mendes.,Iluminação pública
EMENDA SUPRESSIVA N. 01 AO PLC 1.967/2024.,Emenda
EMENDA MODIFICATIVA N. 01 AO PLC 1.967/2024,Emenda
EMENDA MODIFICATIVA N. 02 AO PLC 1.967/2024,Emenda
"Venho, por meio deste, solicitar em caráter de urgência a poda de uma árvore localizada na Rua Mauro de Carvalho 39, que já se encontra em contato com a fiação elétrica, representando riscos à segurança pública.",Limpeza Urbana
Solicita a compra e instalação de ar-condicionados no Centro de Saúde da Barra da Lagoa,Equipamentos públicos de saúde
"Solicitar providências urgentes para o reparo de um buraco localizado na Rua dos Navegantes no bairro Balneário do Estreito n°515, que comprometeu a estrutura de um bueiro no local.",Manutenção da infraestrutura viária
"Solicitar providências urgentes para a revitalização da trilha da Prainha, localizada na Barra da Lagoa.",Limpeza Urbana
"Solicita adequação de rampas de acessibilidade na extensão da Avenida Cláudio Alvim Barbosa, na Beira Mar Continental",Acessibilidade
"Solicita a instalação de rampa, bem como a manutenção de rampa de acessibilidade já existente, na Rua Heitor Blum, no Bairro Estreito",Acessibilidade
"Solicitando a roçada e a limpeza na Rua José Lins do Rego, no bairro do Bom Abrigo, em frente ao número 380.",Limpeza Urbana
"Indica a manutenção de hidrojato presente na extensão da Rua Laurindo José de Souza, localizada no Bairro Barra da Lagoa.",Limpeza Urbana
"Solicita limpeza e manutenção em ponto de ônibus na Rodovia Jornalista Manoel de Menezes, no Bairro Barra da Lagoa",Manutenção de pontos de ônibus
"Indica melhorias da iluminação pública na localização de ponto de ônibus na Rodovia Jornalista Manoel de Menezes, no Bairro Barra da Lagoa",Iluminação pública
Inclusão da emissão de laudo de autismo (CID-11) na rede pública de saúde de Florianópolis,Gestão e Regulação da Saúde Pública
"Solicitando melhorias na estrutura do ponto de ônibus localizado na Rua José Lins do Rego, no bairro Bom Abrigo, em frente ao número 380.",Manutenção de pontos de ônibus
"Solicita a instalação de calçada em trecho entre a ponte e o ponto de ônibus localizados na Rodovia Jornalista Manoel de Menezes, no Bairro Barra da Lagoa",Manutenção da infraestrutura viária
"Venho, por meio deste, solicitar a revitalização da praça localizada na Rua José Anchieta n°275,no bairro balneário do estreito com o objetivo de proporcionar aos moradores melhores condições de uso e convivência.",Criação e manutenção de área de lazer e atividade física
"Venho, por meio deste, solicitar providências urgentes para o reparo do trapiche localizada, na praia entre as ruas Rua São José e a Rua Osvaldo Cruz no bairro balneário do estreito próxima ao jardim urbano, tendo em vista a sua importância para a comunidade e os riscos que sua atual condição representa.",Criação e manutenção de área de lazer e atividade física
"DENOMINA VIA PÚBLICA, SERVIDÃO LUIZ ANTONIO BORTOLINI, NO MUNICÍPIO DE FLORIANÓPOLIS/SC.",Legalização e denominação de vias e espaços públicos
Pedido de informação a CASAN a respeito do Trato pelo Norte no bairro Rio Vermelho.,Rede de esgotamento sanitário
"Dispõe sobre a alteração do art. 1º da Lei nº 9.475 de 2014 (extensão de denominação da Servidão Guiomar de Lima Monteiro, via pública no Distrito de Canasvieiras).",Legalização e denominação de vias e espaços públicos
"Requer convocação do Secretário de Assistência Social, Bruno Souza.","Gestão de Políticas Sociais, de Direitos e Equidade"
CONCEDE MEDALHA E DIPLOMA DE MÉRITO FRANCISCO DIAS VELHO A SENHORA MARLI CRISTINA SCOMAZZON.,Medalha Francisco Dias Velho
CONCEDE MEDALHA E DIPLOMA DE MÉRITO FRANCISCO DIAS VELHO AO SENHOR MARCELO GONZAGA.,Medalha Francisco Dias Velho
Concede a Medalha e Diploma de Mérito Virgílio Várzea à Silvia Luz,Medalha Virgílio Várzea
Requerimento de informações sobre os quiosques de praia no município de Florianópolis.,Alvarás e liberações administrativas
Requer realização de Audiência Pública no âmbito da Comissão de Meio Ambiente para debater a coleta de lixo em Florianópolis.,Limpeza Urbana
Requer a Juntada de Informações ao PL 19455/2025.,Juntada de documento
"Requer a realização de Audiência Pública, no âmbito da Comissão de Trabalho, Legislação Social e Serviço Público",Educação de jovens e adultos (eja)
"Requer realização de Audiência Pública no âmbito da Comissão de Trabalho, Legislação Social e Serviço Público",Trabalhadores da educação
Requerem a constituição da Frente Parlamentar Memória e Patrimônio Histórico,Frente Parlamentar
"PROÍBE A COMERCIALIZAÇÃO E A ADMINISTRAÇÃO DE MEDICAMENTOS E VACINAS “ANTI-CIO”, SEM PRESCRIÇÃO MÉDICO-VETERINÁRIA, E DÁ OUTRAS PROVIDÊNCIAS",Bem-estar e proteção animal
Solicita o fornecimento de material de divulgação sobre métodos de combate ao mosquito Aedes Aegypti nos Centros de Saúde do Município,Prevenção e combate de doenças
"Solicita atendimento de equipe multidisciplinar semanalmente, no Centro de Saúde da Barra da Lagoa",Trabalhadores da saúde
Solicita o fornecimento de remédios controlados no Centro de Saúde da Barra da Lagoa,Prevenção e combate de doenças
Solicita realização de chamada de aprovados em concurso público.,Trabalhadores da educação
Implementação do Ônibus Formiguinha na Fortaleza Da Barra da lagoa,Transporte público
"Solicita a recuperação do calçamento da Rua Bico de Lacre, no Cacupé.",Manutenção da infraestrutura viária
"Solicitação de melhorias na sinalização vertical em faixa de pedestres na Avenida César Seara, no bairro Carvoeira.",Organização do trânsito
Solicitação de implantação de faixas elevadas de pedestre no bairro Rio Vermelho.,Organização do trânsito
"Solicitação de fiscalização de obra realizada em Área de Preservação Permanente na Servidão Gabriel Eduardo, ao lado do número 220, no bairro Campeche.",Áreas protegidas e conservação ambiental
"Solicitação de implantação de uma faixa elevada de pedestre na Rua Artista Bittencourt, 211, bairro Centro.",Organização do trânsito
"Solicitação de reparo de buracos na Rua Marcus Aurélio Homem e na Rua 25 de Novembro, na Serrinha.",Manutenção da infraestrutura viária
"Solicita gratuidade no transporte coletivo de Florianópolis, entre 28 de fevereiro  e 4 março, durante o Carnaval.",Evento Cultural
CONCEDE O TÍTULO DE CIDADÃO HONORÁRIO AO SENHOR FLÁVIO DE SOUZA DA SILVA,Título de cidadã e cidadão honorário
Concede Medalha Antonieta de Barros a “Mayara de Andrade Bezerra”,Medalha Antonieta de Barros
"Indicação de implementação de um programa de parceria com aplicativos de transporte, visando garantir o deslocamento de mulheres vítimas de violência doméstica até a Delegacia da Mulher",Política para mulheres
"Requer a CASAN averiguar e reparar vazamento de esgoto na Av. Madre Benvenuta, no bairro Trindade.",Rede de esgotamento sanitário
"Solicitação de limpeza e manutenção da galeria subterrânea que perpassa a Servidão Vilela, no bairro Agronômica.",Rede de esgotamento sanitário
"Dispõe sobre a proibição de despesas que promovam ou incentivem invasões de propriedades e grupos terroristas no âmbito do Município de Florianópolis, e dá outras providências.","Compras, contratos e patrimônio público"
"ALTERA A LEI N. 1.244, DE 1974, E A LEI COMPLEMENTAR N. 94, DE 2001, A FIM DE PERMITIR A PRESENÇA DE CÃES EM PRAIAS NO MUNICÍPIO DE FLORIANÓPOLIS, CONFORME REGULAMENTAÇÃO",Gestão e Regulação da Cultura e Lazer
"DECLARA DE UTILIDADE PÚBLICA MUNICIPAL O ""GRÊMIO RECREATIVO E CULTURAL BLOCO CARNAVALESCO IMPÉRIO CACHOEIRENSE - GRECIC""",Título de utilidade pública
DESARQUIVAMENTO do Projeto de Lei Nº 17354/2017,Desarquivamento de proposição
DESARQUIVAMENTO DO PROJETO DE LEI N.º 19263/2024,Desarquivamento de proposição
Solicita ampliação do Programa Formiguinha para o Morro da Penitenciária.,Transporte público
"Indica a equiparação de horários de ônibus de dias úteis no final de semana de carnaval, bem como a possibilidade da ampliação dos horários de ônibus durante o carnaval",Transporte público
"Solicita reparos por toda a extensão da Rua Capitão Américo, no Bairro Córrego Grande",Manutenção da infraestrutura viária
"Solicita melhorias nas pontes e pela extensão da Servidão João Luzia da Ventura, no Bairro Ratones",Manutenção da infraestrutura viária
Indica a contratação de profissionais psicólogos para atuação no Centro de Saúde do Centro,Trabalhadores da saúde
"Solicita a limpeza e manutenção das áreas ao longo da Rodovia João Gualberto Soares (SC406), no Bairro Barra da Lagoa, buscando combater a proliferação do mosquito Aedes aegypti",Controle sanitário e vigilância em saúde
"Sugere providências ao órgão competente para realização de uma revisão do tempo de alternância do semáforo situado no final da Rua Arno Hoeschel, localizada no Bairro Centro.",Organização do trânsito
Sugere providências ao órgão competente para realização da manutenção de placas indicativas de bairros.,Organização do trânsito
Inclusão de mais horários de ônibus na linha 161 - Morro da Penitenciária - Trindade.,Transporte público
Reforma do parquinho da NEIM CAMPECHE.,Manutenção da estrutura escolar
Reforma e melhorias no NEIM MORRO DA QUEIMADA - José Mendes.,Manutenção da estrutura escolar
"solicitar com a máxima urgência, a execução de serviços de reparo, manutenção, limpeza e roçagem da Escola Básica Municipal (EBM) Luiz Cândido da Luz, localizada no bairro da Vargem Grande.",Manutenção da estrutura escolar
"solicitar com a máxima urgência, a execução de serviços de reparo, manutenção, limpeza e roçagem do NEIM Doralice Teodora Bastos, localizado no bairro Canasvieiras.",Manutenção da estrutura escolar
"Solicita drenagem e pavimentação da Servidão Servidão Luiza Maria dos Santos, no bairro São João do Rio Vermelho.",Manutenção da infraestrutura viária
Revitalização do restante das calçadas da Rodovia João Gualberto Soares.,Manutenção da infraestrutura viária
"Solicitação de instalação de sinalização vertical e horizontal na Rua São Cristóvão, no Bairro Coqueiros, visando melhorar a segurança e o tráfego local.",Organização do trânsito
Solicitação da revitalização das calçadas da Rua Cândido Pereira dos Anjos no bairro rio vermelho,Manutenção da infraestrutura viária
"Solicitação de manutenção do muro da Escola Básica Municipal Antônio Paschoal Apóstolo, Rod. João Gualberto Soares, 6809, bairro Rio Vermelho.",Manutenção da estrutura escolar
Concede Medalha Antonieta de Barros a “Bianca  Elaine  da  Silva  Pacheco”,Medalha Antonieta de Barros
CONCEDE TÍTULO DE CIDADÃO HONORÁRIO DO MUNICÍPIO DE FLORIANÓPOLIS AO SENHOR EDUARDO ANTONIO GORI SATTAMINI,Título de cidadã e cidadão honorário
"Solicitação de fiscalização de vazamento de esgoto na Rodovia Gilson da Costa Xavier, 201, no bairro Santo Antônio de Lisboa.",Rede de esgotamento sanitário
"ALTERA A LEI  Nº 8929 DE 2012, QUE PROÍBE O USO DE APARELHOS COM AMPLIFICAÇÃO DE SOM NO SISTEMA DE TRANSPORTE COLETIVO.",Transporte público
Dispõe sobre a dispensa de exigências burocráticas para os blocos de carnaval de rua realizados no Município de Florianópolis,Evento Cultural
Concede Medalha Virgílio Várzea à Roberto de Oliveira Moraes,Medalha Virgílio Várzea
"Concede Medalha Virgílio Várzea à Marcos Aurélio Justino.",Medalha Virgílio Várzea
Concede Medalha Virgílio Várzea à Floripa Mil Grau,Medalha Virgílio Várzea
requerer o desarquivamento de todos os Projetos de Lei de autoria do ex-Vereador Valci Brasil Junior.,Desarquivamento de proposição
Requer o desarquivamento dos projetos de lei deste vereador,Desarquivamento de proposição
DESARQUIVAMENTO do Projeto de Lei de autoria deste Vereador.,Desarquivamento de proposição
Arquiva Projeto de Requerimento nº 02894/25,Arquivamento de proposição
"Solicitação de providências referente às demandas da Escola Antônio Paschoal Apóstolo, na Rod. João Gualberto Soares, 6809, bairro São João do Rio Vermelho.",Manutenção da estrutura escolar
"Solicitação de instalação de uma lombada na Rua João Gualberto Soares, bairro Rio Vermelho.",Organização do trânsito
Solicitação de construção de muro de alvenaria ao redor da sede do Projeto Bairro Educador na Rua Anibal Nunes Pires - José Mendes.,"Gestão de políticas sociais, de direitos e equidade"
"solicitar a pavimentação e drenagem da Servidão Manuel Tiburcio Duarte (Lei nº 6954 de 2006), localizada no Bairro Rio Vermelho, em Florianópolis. ",Manutenção da infraestrutura viária
Complementação da Pavimentação da Servidão Ester Gonçalves,Manutenção da infraestrutura viária
complementação da pavimentação da Serv. Lidia da Silveira Espindola,Manutenção da infraestrutura viária
"solicitar a pavimentação e drenagem da Serv. Luiza Fernandes Costa, (LEI CMF No 341/99).",Manutenção da infraestrutura viária
"Venho, por meio deste, solicitar a instalação de uma placa de Proibido Estacionar na Rua Joaquim Nabuco n°1100 no Bairro Monte Cristo.",Organização do trânsito
Indica melhorias nas condições de segurança no Centro de Saúde da Barra da Lagoa,Infraestrutura de segurança
Indica reparo em buraco na rua Belmira Isabel Martins,Manutenção da infraestrutura viária
Indica construção de lombada na Rua Francisco Tolentino,Organização do trânsito
Solicitação de manutenção no campo do bairro Vila Aparecida,Criação e manutenção de área de lazer e atividade física
Solicitação implantação de um posto do Pró-Cidadão na Secretaria do Continente.,Atendimento ao cidadão e serviços públicos essenciais
Indicação para remoção de árvores PINUS na região da Praia da Galheta,Vegetação e arborização urbana
"Solicitação de limpeza e manutenção do Cemitério São Cristóvão, no bairro Capoeiras.",Limpeza Urbana
"Realização de poda de árvore na Servidão Santos, visando garantir a passagem adequada de caminhões e melhorar a mobilidade no bairro Rio Tavares.",Limpeza Urbana
"Realização de reparos na pavimentação da Estrada Vereador Onildo Lemos, visando eliminar os buracos ao longo da via e melhorar a trafegabilidade no bairro Ingleses.",Manutenção da infraestrutura viária
"Requer a manutenção da Servidão Vicência Maria de Jesus, bairro Itacorubi.",Manutenção da infraestrutura viária
Indica a adoção de contrato emergencial para compra e instalação de aparelhos de ar-condicionado para a rede municipal de educação,Aquisição de equipamentos e mobiliário escolar
Indica revisão no registro de asfalto da Rua Eduardo Horn,Atendimento ao cidadão e serviços públicos essenciais
"Requer informações à Secretaria Municipal de Infraestrutura e Manutenção da Cidade sobre Projeto de revitalização da Rua Laurindo José de Souza, no Bairro Barra da Lagoa",Gestão e Regulação da Mobilidade Urbana
Requer à Secretaria Municipal de Assistência Social e à Prefeitura Municipal de Florianópolis informações sobre o fim da parceria com NURREVI e a anunciada reforma do Restaurante Popular,Segurança alimentar e nutricional
Requer informações sobre Contratos de Terceirização de Serviços firmados entre empresas terceirizadas e a prefeitura Municipal de Florianópolis  – SC,Gestão de pessoas e carreira no serviço público
"Requer à Secretaria Municipal de Assistência Social e à Prefeitura Municipal de Florianópolis, informações sobre ações diante do Relatório do CNDH de 2024",Rede de Assistência Social
Concede Medalha Antonieta de Barros à Odete Cipriano,Medalha Antonieta de Barros
Concede o Título de Cidadão Honorário à Josué Cipriano,Título de cidadã e cidadão honorário
Concede Medalha Professor João Davi Ferreira Lima à Éber Rossi,Medalha Professor João David Ferreira Lima
"Venho, por meio deste, solicitar medidas urgentes para a solução do problema de esgoto a céu aberto localizado na Servidão Diamantina Freitas no bairro centro, tendo em vista os impactos negativos que essa situação causa à população e ao meio ambiente.",Rede de esgotamento sanitário
"solicitação a pavimentação e drenagem da Serv. Nunes Silveira, (LEI CMF N° 608/2001)",Manutenção da infraestrutura viária
solicitação a pavimentação e drenagem da Serv. Vitor Francisco Da Silveira (LEI N° 1015/2004),Manutenção da infraestrutura viária
solicitação a pavimentação e drenagem da Serv. Honorina Rosa Silva (LEI  n° 9670/2014),Manutenção da infraestrutura viária
solicitação a pavimentação e drenagem da Serv. Redusino Da Silveira (LEI N° 7141/2006),Manutenção da infraestrutura viária
"solicitação a pavimentação e drenagem da Serv. Família Brito (LEI No 8981, de 22 de junho de 2012)",Manutenção da infraestrutura viária
solicitar a pavimentação e drenagem da Serv. Azaleia Azul (LEI N° 7145/2006).,Manutenção da infraestrutura viária
Solicitação de instalação de corrimão no alto das escadarias da Rua 13 de Maio - no Bairro José Mendes ( Morro do Mocotó),Acessibilidade
"Construção de um deck, possibilitando o acesso a praia do Santinho, localizado na Servidão Vitor Manoel Ferreira. ",Expansão da infraestrutura de mobilidade
"Reconstrução do trapiche/passarela de madeira localizado ao final da Rua Manoel Salomé Jaques, no bairro Cachoeira do Bom Jesus.",Manutenção da infraestrutura viária
"Manutenção da academia ao ar livre localizada na Rua Juvenal Egídio Ramos, no bairro Açores, Florianópolis - SC, nas proximidades da Associação Balneário dos Açores.",Criação e manutenção de área de lazer e atividade física
Implementação de semáforos indicadores do sentido de tráfego da Ponte Hercílio Luz.,Organização do trânsito
Solicitação de inscrição na segunda edição do Novo PAC Seleções.,Relações institucionais e cooperação
"Solicitação de instalação de uma placa de “Proibido Estacionar” na Rua Desembargador Tavares Sobrinho, no bairro Coqueiros.",Organização do trânsito
"Solicitação a pavimentação e drenagem da Serv.Familia Brito, (LEI CMF No 341/99).",Manutenção da infraestrutura viária
"Solicitação de Instalação de Proteção Lateral no Elevado da Avenida da Saudade, Bairro Agronômica",Organização do trânsito
"Solicitação de Instalação de Faixa de Pedestres na Rua Cândido Pereira dos Anjos, nº 4308",Organização do trânsito
"Venho, por meio deste, solicitar, em caráter de urgência, a limpeza do terreno baldio localizado na Rua José Lins do Rego, no bairro Itaguaçu, ao lado da Fruteira Pauli.",Limpeza Urbana
Indica a garantia e a fiscalização dos horários de transporte público das linhas 670 e 672 para o bairro Monte Cristo,Transporte público
"Recolocação da faixa de pedestres na Rua Joaquim Nabuco, em frente à Escola de Educação Básica América Dutra, visando a segurança da comunidade escolar e dos pedestres – Centro.",Organização do trânsito
"Realização de serviço de hidrojateamento na Travessa da Cidadania, visando a desobstrução e manutenção do sistema de drenagem – Monte Cristo.",Rede de drenagem
"Venho, por meio deste, solicitar a realização de um estudo para a instalação de uma placa de trânsito que proíba o estacionamento de caminhões, ônibus de excursão, trailers e motorhomes na Rua Joaquina Nabuco, nº 1100, no bairro Monte Cristo, em frente ao Conjunto Habitacional Panorama.",Organização do trânsito
"Solicita o envio de expediente ao Chefe do Poder Executivo, sugerindo providências do órgão competente relacionadas a Casa de Acolhimento para Mulheres em Situação de Violência Doméstica – Projeto Amadas, atualmente administrada pela organização social Nurrevi.",Política para mulheres
Solicita fiscalização sobre restrições de acesso público à Praia Mole.,Fiscalização administrativa e sanções
Solicita ao Chefe do Poder Executivo a flexibilização do Decreto N.º 26609/2024 no período do Carnaval,Evento Cultural
CONCEDE MEDALHA E DIPLOMA DE MÉRITO VIRGÍLIO VÁRZEA AO SENHOR ROBERTO BORBA,Medalha Virgílio Várzea
CONCEDE A MEDALHA DO MÉRITO DESPORTIVO MIGUEL LIVRAMENTO AO SENHOR ROBSON LUIZ VIEIRA,Medalha do Mérito Desportivo Miguel Livramento
"O Vereador que este subscreve, na qualidade de Líder do Bloco Republicanos, União Brasil e MDB, vêm requerer o desarquivamento do Projeto de Lei n. 18.899/2023, de autoria do ex-Vereador Marquinhos",Desarquivamento de proposição
"O Vereador que este subscreve, na qualidade de Líder do Bloco Republicanos, União Brasil e MDB, vêm requerer o desarquivamento do Projeto de Lei n. 17512/2018, de autoria do ex-Vereador Miltinho Barcelos",Desarquivamento de proposição
"O Vereador que este subscreve, na qualidade de Líder do Bloco Republicanos, União Brasil e MDB, vêm requerer o desarquivamento do Projeto de Lei n. 19.005/2023, de autoria do ex-Vereador Marquinhos",Desarquivamento de proposição
Requerimento de informações sobre os concursos públicos no município de Florianópolis.,Gestão de pessoas e carreira no serviço público
Requerimento de informações sobre os concursos públicos e alteração de carreira dos fiscais do município de Florianópolis.,Gestão de pessoas e carreira no serviço público
"Solicita o desarquivamento do Projeto de Lei n.º 18547/2023, que denomina “Servidão Dona Diva” a ""Servidão Sem Denominação"" localizada próximo à Rua Tenente Olimpio Costa.",Desarquivamento de proposição
"EMENDA MODIFICATIVA (CORRETIVA) AO PLC N. 1.977, DE 2025. Fica alterada a redação do Projeto de Lei Complementar n. 1.977, de 2025, de forma que: Onde se lê: LEI N. 1.244, DE 1974 Leia-se: LEI N. 1.224, DE 1974",Emenda
"solicitação a pavimentação e drenagem da Serv. Das Montanhas, (LEI No 8391/2010).",Manutenção da infraestrutura viária
"solicitação a pavimentação e drenagem da Serv. Leandro Domingos Nunes (LEI N° 9266, de 28 de junho de 2013)",Manutenção da infraestrutura viária
Solicita a tramitação do PLC N.º 01976/2025 (Reforma da Previdência) em mais Comissões desta Casa Legislativa,Pedido de tramitação em comissão
Solicita a tramitação da PELO N.º 00110/2025 (Reforma da Previdência) em mais Comissões desta Casa Legislativa,Pedido de tramitação em comissão
"REQUER A REALIZAÇÃO DE SESSÃO COMEMORATIVA, EM JUNHO DE 2024, PARA HOMENAGEAR O 104° ANIVERSÁRIO FIGUEIRENSE FUTEBOL CLUBE.",Sessão Comemorativa
Requer a destinação do Grande Expediente em alusão ao mês da conscientização da fibromialgia ,Sessão Comemorativa
Requer a destinação do Grande Expediente em alusão ao dia dos Povos Indígenas. ,Sessão Comemorativa
CONCEDE O TÍTULO DE CIDADÃO HONORÁRIO DO MUNICÍPIO DE FLORIANÓPOLIS AO SENHOR VÂNIO BOING,Título de cidadã e cidadão honorário
CONCEDE A MEDALHA ANTONIETA DE BARROS À ALDELICE BRAGA (NÊGA),Medalha Antonieta de Barros
CONCEDE TROFÉU EROTIDES HELENA DA SILVA (NEGA TIDE) AO SEU ARMANDO,Troféu Erotides Helena da Silva (Nega Tide)
CONCEDE MEDALHA PROFESSOR JOÃO DAVI FERREIRA LIMA AO PROFESSOR RODRIGO ROSSO,Medalha Professor João David Ferreira Lima
CONCEDE TÍTULO DE CIDADÃO HONORÁRIO AO SENHOR PEDRO GOEDERT.,Título de cidadã e cidadão honorário
Concede a Medalha Antonieta de Barros à Beatriz Vargas,Medalha Antonieta de Barros
CONCEDE MEDALHA E DIPLOMA DO MÉRITO FRANCISCO DIAS VELHO À DEPUTADA ANA CAMPAGNOLO,Medalha Francisco Dias Velho
Institui o Programa Tarifa Zero no transporte público coletivo convencional de passageiros por ônibus no município de Florianópolis.,Transporte público
CONCEDE A MEDALHA DO MÉRITO DESPORTIVO MIGUEL LIVRAMENTO AO SENHOR ROBSON LUIZ VIEIRA.,Medalha do Mérito Desportivo Miguel Livramento
"DECLARA DE UTILIDADE PÚBLICA MUNICIPAL A ""INSTITUTO MEMÓRIA ESCOTEIRA""",Título de utilidade pública
Solicitação de Informações sobre o Quadro de Servidores da Administração Pública Municipal de Florianópolis – SC,Gestão de pessoas e carreira no serviço público
"Requerimento de Informações sobre o Programa ""Maria da Penha vai à Escola""",Gestão da Política Educacional
"O Vereador que este subscreve, na qualidade de Líder do Bloco PSOL e PT, vêm requerer o desarquivamento de todos os Projetos de autoria do ex-Vereador Marcos José de Abreu (Marquito)",Desarquivamento de proposição
DESARQUIVAMENTO do Projeto de Lei Complementar 1852/2021.,Desarquivamento de proposição
REQUER INFORMAÇÕES ACERCA DA ESTRATÉGIA DE ACOLHIMENTO PARA PESSOAS EM SITUAÇÃO DE RUA NO PERÍODO DO CARNAVAL,Pessoas em vulnerabilidade ou risco social
"Indica a implantação de dispositivos de segurança de trânsito em trecho da Rodovia Governador Gustavo Richard antes da bifurcação do Acesso Mauro Ramos, no Centro",Expansão da infraestrutura de mobilidade
INDICA A NECESSIDADE DE COMPOSIÇÃO DE EQUIPE PARA O DEBATE SOBRE O TRAPICHE DE COQUEIROS,Criação e manutenção de área de lazer e atividade física
INDICAÇÃO AO PODER EXECUTIVO – CRIAÇÃO DO PORTAL “FLORIPA FÁCIL”.,Atendimento ao cidadão e serviços públicos essenciais
"solicitação a pavimentação e drenagem da Serv.Thomázia Rita da Silveira– Bairro Rio Vermelho, (LEI CMF No 341/99).",Manutenção da infraestrutura viária
Solicitação a pavimentação e drenagem da Serv. Carlos José Nunes (LEI N° 9115/2012),Manutenção da infraestrutura viária
"Solicitação a pavimentação e drenagem da Serv. Leandro Albino Da Silva Silva (LEI N° 9207/2013, de 24 de janeiro de 2013.)",Manutenção da infraestrutura viária
"Solicitação a pavimentação e drenagem da Serv: Onze Horas (LEI No 9130, de 11 de dezembro de 2012).",Manutenção da infraestrutura viária
Solicitação a pavimentação e drenagem da Serv. Nascente Do Rio Vermelho (LEI n° 752/2002),Manutenção da infraestrutura viária
CONCEDE TÍTULO DE CIDADÃ HONORÁRIA À SENHORA AMANDA SANTOS,Título de cidadã e cidadão honorário
"Requer informações sobre o Programa de atenção Humanizada ao Aborto Legal e Juridicamente autorizado no âmbito do município de Florianopolis - SC, Lei nº 10.338 de 15 de março de 2018",Gestão e Regulação da Saúde Pública
"Denomina a praça localizada no logradouro Servidão Palmeiras Verdes, no bairro Monte Cristo, como Praça Andréia Dolisete dos Santos",Legalização e denominação de vias e espaços públicos
Concede Medalha e Diploma de Mérito Virgílio Várzea ao Instituto Trabalho Digno,Medalha Virgílio Várzea
Revitalização da Praça Roldão da Rocha Pires no Bairro Santo Antônio de Lisboa.,Criação e manutenção de área de lazer e atividade física
"Solicitação de manutenção do muro da Escola Municipal Beatriz de Souza Brito, na Rua Dep. Antônio Edu Vieira, 600, no bairro Pantanal.",Manutenção da estrutura escolar
"Solicitação de contratação de profissional para a biblioteca da Escola Municipal Beatriz de Souza Brito, na Rua Dep. Antônio Edu Vieira, 600, no bairro Pantanal.",Trabalhadores da educação
Solicitação de letreiro Rua Amaro Coelho - Ponto final da Barra da lagoa.,Organização do trânsito
Solicitação de instalação de ar-condicionado em todos os ônibus do transporte convencional e da modalidade Formiguinha.,Transporte público
"Solicita pintura de vaga PCD em frente ao portão de entrada da Associação Praia do Riso, em Coqueiros",Acessibilidade
Concede Medalha Antonieta de Barros à Mirê Chagas,Medalha Antonieta de Barros
"Requer à CASAN averiguar e reparar vazamento de esgoto na Servidão Cisne Real, no Bairro Ingleses do Rio Vermelho",Rede de esgotamento sanitário
"Requer a CASAN averiguar e reparar vazamentos de esgoto na Estrada Dário Manoel Cardoso, no Bairro Ingleses do Rio Vermelho",Rede de esgotamento sanitário
"Solicita a leitura na íntegra da Recomendação Nº 04, de 18 de fevereiro de 2025, do CIAMP - Rua Nacional",Pessoas em vulnerabilidade ou risco social
"Requer tribuna livre a ser concedida ao Sr. Artur Velter Medeiros, presidente da Torcida Organizada Gaviões Alvinegros (TOGA). Em comemoração ao 34° aniversário da referida torcida. ",Apoio e fomento ao esporte
SOLICITA A AUTORIZAÇÃO DO ICMBIO PARA SERVIÇOS DE DRENAGEM E MANUTENÇÃO EM VIAS URBANAS NO BAIRRO DANIELA.,Gestão e proteção de corpos hídricos e áreas associadas
"Solicita a reconstituição do Projeto de Lei N.º 18397/2022, nos termos do art. 47, § 7º, do Regimento Interno",Reconstituição
CONCEDE MEDALHA E DIPLOMA DE MÉRITO VIRGÍLIO VÁRZEA AO SENHOR FERNANDO FERNANDES,Medalha Virgílio Várzea
"O Vereador que esta subscreve, na forma regimental, solicita o envio de expediente ao Excelentíssimo Senhor Governador do Estado de Santa Catarina, Jorginho Mello, solicitando a criação de postos de atendimento para serviços estaduais e municipais, como a CASAN, CELESC, DETRAN e PROCON, nos seis pontos existentes de atendimento do Pró-Cidadão, nesta Capital.",Atendimento ao cidadão e serviços públicos essenciais
"Solicita reparos em buracos na Rua Felipe Neves, esquina com a Rua Tupinambá, no bairro Coloninha",Manutenção da infraestrutura viária
"Solicitação do cumprimento do Plano Municipal de Educação e do II Plano Municipal de Políticas Públicas e Direitos Humanos de Lésbicas, Gays, Bissexuais, Travestis e Transexuais - LGBT, no que se refere às formações oferecidas aos/às profissionais da educação.",Diversidade sexual e de gênero
"instalação de novo abrigo do ponto de ônibus localizado na Rodovia Baldicero Filomeno, no bairro Bom Abrigo, altura do número 10755",Manutenção de pontos de ônibus
Indica a criação de uma linha de ônibus que otimize o trajeto da Barra da Lagoa até a UPA Norte,Transporte público
"Solicitação de manutenção do muro de contenção na SC 405, na região do mirante do Morro das Pedras.",Obras e Reparos Urbanos
"Sugere providências ao órgão competente para realização de drenagem e pavimentação em toda extensão da Servidão Laurindo Koehrig, localizada no Bairro Morro das Pedras.",Manutenção da infraestrutura viária
"Sugere que sejam adotadas providências, por meio do órgão competente, para a instalação de lombofaixas e placas de sinalização no Condomínio Villa Pamplona, no Bairro Rio Tavares, com atenção especial à Via 5, onde o problema se mostra mais agravante.",Organização do trânsito
"Sugere a implementação de iluminação de LED nos postes da Rodovia Governador Gustavo Richard, localizada no Centro deste município.",Iluminação pública
Reforma e melhorias na EBM Batista Pereira - Ribeirão da Ilha.,Manutenção da estrutura escolar
Solicitação de calçamento na Rua das 11 Horas - São João do Rio Vermelho.,Manutenção da infraestrutura viária
Solicitação de calçamento na Servidão Andre Canoeiro - Vargem Grande.,Manutenção da infraestrutura viária
solicitação a pavimentação e drenagem da Serv. Estação Lua Clara (lei No 691/2002),Manutenção da infraestrutura viária
solicitação a pavimentação e drenagem da Serv. José Hilário Duarte (LEI No 1032/2004),Manutenção da infraestrutura viária
solicitação a pavimentação e drenagem da Serv. Marciso Francisco Da Silveira (LEI No 8757/ 2011),Manutenção da infraestrutura viária
Inclusão de Horários de Ônibus Costa do Moçambique Direto (Via Mauro Ramos),Transporte público
"Solicitação de limpeza, manutenção e revitalização da escadaria localizada na Servidão André Napoleão, no bairro Saco dos Limões.",Manutenção da infraestrutura viária
"Venho, por meio deste, solicitar providências urgentes para o reparo de um buraco localizado na calçada da Rua Belmira Isabel Martins n°123 bairro estreito.",Manutenção da infraestrutura viária
"TROCA URGENTE DE POSTE DE LUZ LOCALIZADO NA RODOVIA BALDICERO FILOMENO ALTURA DO NUMERO 6688, RISCO DE QUEDA.",Manutenção de rede elétrica
Indica a manutenção e reposição de guarda-corpos da ciclovia da Avenida Madre Benvenuta,Infraestrutura cicloviária
"Requer à CASAN averiguar e reparar vazamento de esgoto na Rua Araranguá, número 157, no bairro Centro, localizado no final da rua.",Rede de esgotamento sanitário
"Requer à CASAN averiguar e tomar as devidas providências acerca do vazamento de esgoto na Servidão André Napoleão, no bairro Saco dos Limões.",Rede de esgotamento sanitário
"Solicitação de providências sobre extravasamento de esgoto “in natura” na Rua do Ipê Roxo, no bairro Canto da Lagoa.",Rede de esgotamento sanitário
Solicitar a construção de um campo de futebol society (campo sintético) público na comunidade Vila Aparecida,Criação e manutenção de área de lazer e atividade física
"O Vereador que esta subscreve, invocando o § 3º, do Art.71 do Regimento Interno, requer a realização de Tribuna Livre em Sessão Plenária, ao Doutor Sérgio Luiz Ferreira, Doutor em História e grande conhecedor da ascendência açoriana e africana no sul do país para elucidação da ação demolitória na Praia do Forte, localizada no norte da ilha desta Capital",Zoneamento
"Requer o envio de expediente à Secretaria de Estado da Educação de Santa Catarina, a fim de obter esclarecimentos acerca de bloqueio do site ""www.paulofreire.org"" na rede estadual de educação",Material didático
"Construção de um campo de futebol society (campo sintético) público na creche NEIM Ilha Continente, localizada no bairro Capoeiras.",Ampliação da rede física escolar
"Venho manifestar a minha solicitação referente à realização de obras de drenagem na Rua Fúlvio Aducci, nº 1338, no bairro Estreito.",Rede de drenagem
"solicitação a pavimentação e drenagem da Serv. Papaterra, (Lei N° 6708/2005).",Manutenção da infraestrutura viária
"solicitação a pavimentação e drenagem da Serv. Colibri Verde (lei n° 9056, 14 de setembro de 2012).",Manutenção da infraestrutura viária
"solicitação a pavimentação e drenagem da Serv. Ipê Florido (lei No 8418/2010),",Manutenção da infraestrutura viária
Solicitação a pavimentação e drenagem da Serv. Ipê Florido (lei n° 8418/2010),Manutenção da infraestrutura viária
Solicitação a pavimentação e drenagem da Serv.Carlos José Nunes (LEi N° 9115/2012),Manutenção da infraestrutura viária
SOLICITA O ARQUIVAMENTO DO PROJETO DE RESOLUÇÃO Nº 2912/2025,Arquivamento de proposição
"Requer informações sobre o Contrato de Licitação com a empresa Crestani Comércio Ltda, para manutenção e serviços em geral no Mercado Público de Florianópolis  – SC. ",Acesso a documentos
"O Vereador que esta subscreve, na forma regimental, solicita o envio de expediente ao Chefe do Poder Executivo Municipal, requerendo que a Prefeitura Municipal de Florianópolis/SC realize os licenciamentos, aprovação de projeto e a construção de  1 (um) Heliponto que auxiliará no turismo local, bem como, para atendimento das forças de segurança e saúde pública municipal e estadual, no terreno localizado às margens da Avenida Governador Gustavo Richard, perto da entrada do Túnel Antonieta de Barros, nesta Capital.",Expansão da infraestrutura de mobilidade
REQUER O DESARQUIVAMENTO DO PROJETO DE LEI N. 18609/2023,Desarquivamento de proposição
Solicita realização de Sessão Solene em comemoração aos 70 anos de fundação da escola de samba Embaixada Copa Lord,Sessão Solene
"Requer Tribuna Livre a Srª Helena Jucélia Vidal de Oliveira, presidente da Associação dos Remanescentes do Quilombo Vidal Martins.",Povos Tradicionais
"solicita o envio de expediente ao Chefe do Poder Executivo, sugerindo providências do órgão competente a fim de solicitar a pavimentação e drenagem da Serv. Paulista (LEI  N°  836/2003), no Bairro Rio Vermelho.",Manutenção da infraestrutura viária
"Solicita reparos em buracos na Servidão Atílio, localizada na Costeira do Pirajubaé",Manutenção da infraestrutura viária
"Sugerindo a retirada da ciclofaixa da Rua Fúlvio Aducci, no bairro Estreito.",Infraestrutura cicloviária
Chamamento público dos professores auxiliares de educação especial (PAEES),Trabalhadores da educação
Melhoria e manutenção da estrutura elétrica e hidráulica e instalações gerais do NEIM Waldemar da Silva Filho,Manutenção da estrutura escolar
Criação do projeto Horta no centro de saúde Barra da Lagoa,"Gestão de Políticas Sociais, de Direitos e Equidade"
Solicitar a COSIP averiguar e realizar melhoramento da rede elétrica do NEIM Waldemar da Silva Filho,Manutenção da estrutura escolar
Aumento da frota de ônibus entre a Barra da Lagoa e Canasvieiras,Transporte público
melhorias nas dependências e equipe do centro de saúde da Barra da Lagoa,Equipamentos públicos de saúde
"Solicita limpeza da Rua Itabira, localizada no Bairro Itacorubi.",Limpeza Urbana
"Venho, por meio deste, solicitar a realização do tamponamento de um bueiro localizado na Rua Belmira Isabel Martins n°123 no bairro do estreito, que se encontra aberto, representando risco para pedestres, ciclistas e motoristas que transitam pela região.",Rede de esgotamento sanitário
Solicita providências sobre possível esgoto a céu aberto na praia do Morro das Pedras.,Rede de esgotamento sanitário
Informações sobre pessoas em situação de rua no continente.,Pessoas em vulnerabilidade ou risco social
"Solicita ao Poder Executivo de Florianópolis que atualize o site ""www.pmf.sc.gov.br"" com sua devida estrutura organizacional atualizada",Acesso a documentos
Solicita realização de Sessão Solene em homenagem aos 87 anos da Assembleia de Deus em Florianópolis.,Sessão Solene
"PROÍBE A CONTRATAÇÃO DE SHOWS, ARTISTAS E EVENTOS ABERTOS AO PÚBLICO INFANTOJUVENIL QUE ENVOLVAM, NO DECORRER DA APRESENTAÇÃO, EXPRESSÃO DE APOLOGIA AO CRIME ORGANIZADO OU AO USO DE DROGAS E DÁ OUTRAS PROVIDÊNCIAS.","Compras, contratos e patrimônio público"
Solicitação a pavimentação e drenagem da Serv. Luiza Maria Dos Santos (lei No 861/2003).,Manutenção da infraestrutura viária
Solicitação a pavimentação e drenagem da Serv. Domingos Pedro Teixeira.,Manutenção da infraestrutura viária
"Solicitação a pavimentação e drenagem da Serv. dos Vieiras (lei No 8511/2011),",Manutenção da infraestrutura viária
Solicitação de Pavimentação e drenagem da Servidão Alvina De Lima Delfino,Manutenção da infraestrutura viária
Solicitação da Pavimentação e drenagem da Serv. Justina Francisca de Jesus,Manutenção da infraestrutura viária
Solicitação da Pavimentação e drenagem da Serv. Dunas Verdes,Manutenção da infraestrutura viária
Solicitação da Pavimentação e drenagem da servidão Antenor de Souza Conceição,Manutenção da infraestrutura viária
Solicitação da Pavimentação e drenagem da Serv. Domingos Manoel da Silveira,Manutenção da infraestrutura viária
Solicitação da Pavimentação e drenagem da Serv. Fabriciana de Souza Ávila,Manutenção da infraestrutura viária
"Solicitação de instalação de corrimões em pontos estratégicos das vias de acesso ao Bar Favela Pico do Mané, localizado no Morro do Mocotó.",Acessibilidade
"Solicitação de reinstalação do Projeto Orla em Florianópolis, através da formação de um comitê gestor.",Áreas protegidas e conservação ambiental
"Solicitação de providências referente às demandas da Escola Básica Municipal Brigadeiro Eduardo Gomes, na Av. Pequeno Príncipe, 2939, no bairro Campeche Leste, CEP 88066-030.",Manutenção da estrutura escolar
"Solicitação de limpeza da rede pluvial na Rua Bico do Lacre, bairro Cacupé.",Rede de drenagem
Solicitação a pavimentação e drenagem da Serv. Alaide Silveira de Barcelos (LEI Nº 11.104/ 2023).,Manutenção da infraestrutura viária
Indica a manutenção da ponte e reposição de seu corrimão na Servidão Catarina Sodré no bairro Itacorubi,Manutenção da infraestrutura viária
"Solicitação de providências referente às demandas do Núcleo de Educação Infantil Municipal Campeche, na Servidão Dionísio Rafhael Ignácio, 287.",Manutenção da estrutura escolar
"Solicitação de reparo na escadaria da Servidão Quebra-Pote, no Centro, CEP 88020-301.",Manutenção da infraestrutura viária
"Solicitação de contratação de profissionais para o Centro de Saúde Caieira da Barra do Sul, Rod. Baldicero Filomeno, 19795, Ribeirão da Ilha, CEP 88064-764.",Trabalhadores da saúde
"Venho, por meio deste, solicitar a realização de serviços de limpeza e manutenção na Praça da Colinha, localizada no bairro Jardim Atlântico. Segundo os moradores, a praça está sem manutenção, o que coloca em risco os usuários, uma vez que alguns brinquedos do parque estão quebrados.",Criação e manutenção de área de lazer e atividade física
"Pintura da quadra poliesportiva localizada no bairro Chico Mendes, bem como a manutenção da grama sintética da mesma.",Criação e manutenção de área de lazer e atividade física
"Venho, por meio deste, solicitar a retirada de entulhos localizados na Rua Elesbão Pinto da Luz, nº 248, bairro Monte Cristo, os quais têm causado transtornos à comunidade local. A remoção desses materiais é essencial para garantir a segurança, a organização da via pública e a valorização da nossa cidade.",Limpeza Urbana
"Solicitar o envio de 190 metros quadrados de lajota para o calçamento da Servidão da Seta 2, no bairro Itaguaçu.",Manutenção da infraestrutura viária
"A vereadora que está subscreve, na forma regimental, solicita o envio de expediente ao Chefe do Poder Executivo, para sugerir providências dos órgãos competentes relacionadas a publicação das estatísticas sobre as mulheres atendidas pelas políticas públicas sob a gerência do município de Florianópolis – SC conforme determina a Lei. 10.715/2020.",Política para mulheres
"Solicitação de instalação de redutores de velocidade na Rua Santos Saraiva, na altura do n. 469, no bairro Estreito.",Organização do trânsito
Solicita informações a respeito do Programa de Incentivo à Inovação de Florianópolis.,Acesso a documentos
CONCEDE MEDALHA ANTONIETA DE BARROS A SENHORA TEREZINHA AURORA PEREIRA,Medalha Antonieta de Barros
CONCEDE TÍTULO DE CIDADÃO HONORÁRIO AO SENHOR CORONEL FERNANDO RODRIGUES DE MENEZES.,Título de cidadã e cidadão honorário
"Requer a CASAN averiguar vazamento de esgoto na Rua João Gonzaga da Costa, 488 - Saco Grande.",Rede de esgotamento sanitário
SUBSTITUTIVO GLOBAL  AO  PROJETO DE LEI N.º 19240/2024 ,Substitutivo
EMENDA AO PROJETO DE LEI N. 18.853/2023,Emenda
EMENDA AO PROJETO DE LEI N. 17.288/2017,Emenda
EMENDA AO PROJETO DE LEI N. 16.011/2014,Emenda
EMENDA AO PROJETO DE LEI N. 18.106/2020.,Emenda
"Solicitação de melhorias na infraestrutura e saneamento básico da Rua Servidão Maria de Oliveira Nunes, Praia do Santinho",Rede de esgotamento sanitário
CONCEDE MEDALHA E DIPLOMA DO MÉRITO FRANCISCO DIAS VELHO AO SR. GUILHERME SILVEIRA DE OLIVEIRA,Medalha Francisco Dias Velho
CONCEDE MEDALHA E DIPLOMA DO MÉRITO FRANCISCO DIAS VELHO AO SENHOR CORONEL RENATO JOSÉ DE SOUZA.,Medalha Francisco Dias Velho
Requer realização de Audiência Pública sobre a PEC do Fim da escala 6x1,Direitos e condições de trabalho
"Dispõe sobre a obrigatoriedade de implantação de sistema de ar condicionado de refrigeração e aquecimento em todas as escolas públicas e creches do município de Florianópolis, visando assegurar a temperatura adequada nas salas de aula, e dá outras providências.",Manutenção da estrutura escolar
Requer informações sobres suspensão de serviço social da PMF.,Rede de Assistência Social
Reconstrução do muro lateral da EBM Antônio Paschoal Apóstolo - São Joao do Rio Vermelho.,Manutenção da estrutura escolar
Solicitação de calçamento na Servidão São Bernardo de Claraval - Vargem Grande,Manutenção da infraestrutura viária
Solicitação de calçamento na Servidão Percival Pires - Vargem Grande,Manutenção da infraestrutura viária
Solicitação de calçamento da Servidão Nunes Silveira - São João do Rio Vermelho,Manutenção da infraestrutura viária
"solicitar urgentemente uma reforma no NEIM Pequeno Príncipe, localizado na Rua Francisco Vieira, 200, Morro das Pedras.",Manutenção da estrutura escolar
Solicitação da Pavimentação e Drenagem Da Serv. dos Malabares,Manutenção da infraestrutura viária
Solicitação da Pavimentação e drenagem da Serv. Anjos e Arcanjos,Manutenção da infraestrutura viária
Solicitação da Pavimentação e drenagem da Serv. Lidia Teixeira Dos Santos,Manutenção da infraestrutura viária
Solicitação Pavimentação e drenagem da Serv. Ipê Branco,Manutenção da infraestrutura viária
Solicitação da Pavimentação e drenagem da Serv. Expedicionário Braz Laurindo de Souza,Manutenção da infraestrutura viária
Solicitação da Pavimentação e drenagem da Serv. Rio Vermelho,Manutenção da infraestrutura viária
Solicitação da Pavimentação e drenagem da Serv. Nery Donaciano Rodrigues,Manutenção da infraestrutura viária
Solicitação da Pavimentação e drenagem da Rua Vale do Sol,Manutenção da infraestrutura viária
Solicitação a pavimentação e drenagem da Serv. Clarinda Mattilde Coelho (Lei No 9208/2013).,Manutenção da infraestrutura viária
"solicitação a pavimentação e drenagem da Serv. Cinco Rosas, (LEI N° 8758, De 07 De Dezembro De 2011.).",Manutenção da infraestrutura viária
Implementação de ponto de táxi com cobertura no Mercado Público de Florianópolis.,Serviços de transporte individual privado
Pavimentação na Servidão Debrandino Machado - bairro Costeira do Pirajubaé.,Manutenção da infraestrutura viária
"Implementação de toldos ou arborização no parquinho infantil localizado na Avenida Prof. Henrique da Silva Fontes, ao lado da pista de skate da Trindade.",Criação e manutenção de área de lazer e atividade física
Indicação de manutenção e análise detalhada no sistema de climatização da NEIM Zulma Freitas de Souza,Manutenção da estrutura escolar
"Solicitação de uma avaliação técnica para a implantação de uma nova linha do transporte coletivo ""Formiguinha"", ligando o Centro de Florianópolis ao Floripa Airport.",Transporte público
CONCEDE MEDALHA PROFESSOR JOÃO DAVI FERREIRA LIMA A PROFESSORA ROSANE GONÇALVES NITSCHKE.,Medalha Professor João David Ferreira Lima
CONCEDE MEDALHA PROFESSOR JOÃO DAVI FERREIRA LIMA AO PROFESSOR MARCUS VINÍCIUS MOTTER BORGES.,Medalha Professor João David Ferreira Lima
CONCEDE O TÍTULO DE CIDADÃO HONORÁRIO AO SENHOR GUALTIERO SCHLICHTING PICCOLI.,Título de cidadã e cidadão honorário
CONCEDE O TÍTULO DE CIDADÃO HONORÁRIO AO SENHOR FLÁVIO ROGÉRIO PEREIRA GRAFF.,Título de cidadã e cidadão honorário
Requer a CASAN averiguar vazamento de água potável na Servidão Atair Hammes - Capoeiras.,Rede de abastecimento de água
Requer informações sobre aplicação de taxas para emissão de alvarás destinados a blocos de carnaval.,Planejamento e orçamento público
CONCEDE MEDALHA E DIPLOMA DO MÉRITO FRANCISCO DIAS VELHO AO SENHOR PAULO AUGUSTO MEIRA DE ALBUQUERQUE.,Medalha Francisco Dias Velho
Concede o Título de Cidadão Honorário do Município de Florianópolis ao Senhor João Carlos da Rosa Hasse,Título de cidadã e cidadão honorário
"Solicita a reconstrução urgente do muro e limpeza dos escombros na Escola Básica Municipal Antônio Paschoal Apóstolo, localizada no Bairro São João do Rio Vermelho",Manutenção da estrutura escolar
"Solicita reparos no telhado da Escola Básica Municipal Antônio Paschoal Apóstolo, no Bairro São João do Rio Vermelho",Manutenção da estrutura escolar
Concede o Troféu Erotides Helena da Silva (Nega Tide) em homenagem aos 30 anos do Bloco Pauta que Pariu,Troféu Erotides Helena da Silva (Nega Tide)
CONCEDE TROFÉU EROTIDES HELENA DA SILVA (NEGA TIDE) AO SAMBA-ENREDO PODCAST,Troféu Erotides Helena da Silva (Nega Tide)
Requer o envio ao Poder Executivo de pedido de reconsideração do parecer relativo ao Projeto de Lei nº 19.405/2025.,Outros requerimentos
"Requer Tribuna Livre para Thuanny Sá Galdino, presidente da Associação Catarinense de Tradutores e Intérpretes de Língua de Sinais (Acatils)",Pessoas com deficiência e neurodivergentes
DISPÕE SOBRE A CONCESSÃO DE GRATUIDADE NO SERVIÇO DE TRANSPORTE COLETIVO URBANO PARA BENEFICIÁRIOS DO PROJETO FORMIGUINHA E DÁ OUTRAS PROVIDÊNCIAS. ,Transporte público
Requer informações sobre a reforma do Restaurante Popular.,Segurança alimentar e nutricional
Requer informações sobre Restaurante Popular.,Segurança alimentar e nutricional
Requer informações sobre o Restaurante Popular.,Segurança alimentar e nutricional
"Requer a realização de Audiência Pública para debater a implantação de unidade do Fort Atacadista, no bairro Rio Tavares.",Impactos urbanísticos de empreendimentos
CONCEDE TROFÉU EROTIDES HELENA DA SILVA (NEGA TIDE) AO EDUARDO MACHADO SEARA ,Troféu Erotides Helena da Silva (Nega Tide)
CONCEDE MEDALHA ANTONIETA DE BARROS À SENHORA BRUNA VIEIRA MARQUES GOMES,Medalha Antonieta de Barros
CONCEDE TÍTULO DE CIDADÃO HONORÁRIO AO SENHOR ALBERTO LOCH.,Título de cidadã e cidadão honorário
CONCEDE TROFÉU EROTIDES HELENA DA SILVA (NEGA TIDE) AO SENHOR ALEXANDRE LUIZ DE OLIVEIRA,Troféu Erotides Helena da Silva (Nega Tide)
"DENOMINA PRAÇA SÃO FRANCISCO DE ASSIS, LOGRADOURO PÚBLICO NO BAIRRO JURERÊ.",Legalização e denominação de vias e espaços públicos
CONCEDE MEDALHA E DIPLOMA DE MÉRITO VIRGÍLIO VÁRZEA AO SENHOR DARCI GUILHERMINO MELO.,Medalha Virgílio Várzea
CONCEDE A MEDALHA E DIPLOMA DE MÉRITO VIRGÍLIO VÁRZEA AO SENHOR RAFAEL DAVI CAMPOS.,Medalha Virgílio Várzea
"Solicitação de limpeza da Rua Campolino Alves, nº 120, no bairro Capoeiras.",Limpeza Urbana
Concede a Medalha Professor João David Ferreira Lima à professora Sonia Maria Martins de Melo.,Medalha Professor João David Ferreira Lima
Concede Medalha Antonieta de Barros à Helena Jucélia Vidal de Oliveira.,Medalha Antonieta de Barros
CONCEDE MEDALHA E DIPLOMA DO MÉRITO FRANCISCO DIAS VELHO AO SENHOR MARCELO VERONDINO DUARTE.,Medalha Francisco Dias Velho
AUTORIZA O MUNICÍPIO DE FLORIANÓPOLIS A DESAFETAR E ALIENAR O IMÓVEL QUE ESPECIFICA E DÁ OUTRAS PROVIDÊNCIAS ,"Compras, contratos e patrimônio público"
"Requer convocação do Comandante da Guarda Municipal de Florianópolis, Andrey de Souza Vieira.  ",Gestão e Regulação da Segurança Pública
Requer a realização de Reunião Ampliada no âmbito da Comissão de Turismo e Assuntos Internacionais (CTAI) para debater a aplicação das leis de turismo do município de Florianópolis.,Regulação e fomento ao turismo
Indica a criação de linha de ônibus Formiguinha para atender aos campi da UFSC e UDESC no município reativação de linhas conectando o continente à UFSC,Transporte público
Distribuição e manutenção de ar-condicionado no NEIM Hermenegilda Carolina Jacques - Ratones,Manutenção da estrutura escolar
"Solicitação de ponto de ônibus coberto na Rua Monsenhor Topp, nº 71 - Centro - Monte Serrat",Manutenção de pontos de ônibus
"Solicitação de ponto de ônibus coberto na Rodovia Rozalia Paulina Ferreira, nº 3708 - Pântano do Sul.",Manutenção de pontos de ônibus
Indicação de reforma no parque do NEIM Fermínio Francisco Vieira.,Manutenção da estrutura escolar
Indicação de demolição da Antiga Rodoviária de Florianópolis,"Compras, contratos e patrimônio público"
CONCEDE MEDALHA E DIPLOMA DE MÉRITO VIRGÍLIO VÁRZEA DO MUNICÍPIO DE FLORIANÓPOLIS AO SENHOR JOÃO SEBASTIÃO GREFF.,Medalha Virgílio Várzea
Concede o Troféu Erotides Helena da Silva (Nega Tide) à senhora Valdeonira Silva dos Anjos.,Troféu Erotides Helena da Silva (Nega Tide)
Concede Medalha e Diploma de Mérito Virgílio Várzea à Roberta Zimmer de Cerqueira Cezar.,Medalha Virgílio Várzea
Concede o Título de Cidadão Honorário do Município de Florianópolis à Carlos Alberto Zago,Título de cidadã e cidadão honorário
“Concede Medalha e Diploma de Mérito Virgílio Várzea ao Senhor Gilberto Lopes Teixeira.”  ,Medalha Virgílio Várzea
“Concede Medalha Antonieta de Barros à Senhora Anita Silveira Pires.”  ,Medalha Antonieta de Barros
“Concede Medalha Professor João David Ferreira Lima ao Senhor João Luiz Martins.”   ,Medalha Professor João David Ferreira Lima
Concede o Troféu Erotides Helena da Silva (Nega Tide) em homenagem ao Baque Mulher,Troféu Erotides Helena da Silva (Nega Tide)
CONCEDE TÍTULO DE CIDADÃO HONORÁRIO AO SENHOR MARIO DANIEL GONZALEZ,Título de cidadã e cidadão honorário
CONCEDE TÍTULO DE CIDADÃO HONORÁRIO AO SENHOR JORGE DE SOUZA COELHO  ,Título de cidadã e cidadão honorário
Concede Medalha Antonieta de Barros à Maria Helena Kraeski,Medalha Antonieta de Barros
CONCEDE MEDALHA PROFESSOR JOÃO DAVID FERREIRA LIMA AO SENHOR RAFAEL MOREIRA OCAMPO MORÉ ,Medalha Professor João David Ferreira Lima
CONCEDE TÍTULO DE CIDADÃO HONORÁRIO AO SENHOR CORONEL SERAFIM GIUSEPPE FRANSOZI,Título de cidadã e cidadão honorário
CONCEDE MEDALHA E DIPLOMA DE MÉRITO VIRGÍLIO VÁRZEA A CARLOS ANTÔNIO DA SILVA,Medalha Virgílio Várzea
CONCEDE MEDALHA E DIPLOMA DE MÉRITO VIRGÍLIO VÁRZEA A FUNDAÇÃO CENTROS DE REFERÊNCIA EM TECNOLOGIA INOVADORAS - CERTI,Medalha Virgílio Várzea
Devido a COSIP não atender este caso vimos requerer a CELESC ligação da iluminação pública na Servidão Percival Pires - Vargem Grande.,Iluminação pública
REQUERIMENTO AO GOVERNO DO ESTADO PARA A INSTALAÇÃO DE CÂMERAS DE SEGURANÇA NA RODOVIA JOÃO GUALBERTO SOARES,Infraestrutura de segurança
Requerimento de pedido de infomação acerca da reconstrução de muro da Escola Municipal Antônio Paschoal Apóstolo. ,Manutenção da estrutura escolar
Manutenção na tubulação do bueiro na Servidão Paraná-Mirim - Saco Grande.,Rede de esgotamento sanitário
"Venho, por meio deste, solicitar a realização de obras de drenagem na Rua Senador Alberto Pasqualini, próximo ao nº 139, no bairro Canto, considerando os seguintes relatos dos moradores.",Rede de drenagem
“Concede Medalha e Diploma Francisco Dias Velho ao Senhor Antônio Marius Zuccarelli Bagnati.”  ,Medalha Francisco Dias Velho
"Solicita reparos no asfalto da Rua Elesbão Pinto da Luz, no Bairro Jardim Atlântico",Manutenção da infraestrutura viária
Indicação de demolição da Antiga Rodoviária de Florianópolis.,"Compras, contratos e patrimônio público"
"Indica a implementação de uma ciclovia na Avenida Rio Branco, no Centro",Infraestrutura cicloviária
solicitação a pavimentação e drenagem da Serv. Maria Clara de Jesus (N° 8924/2012).,Manutenção da infraestrutura viária
"Solicitação a pavimentação e drenagem da Serv. Caminho do Lago, (Lei n° 8587/2011)",Manutenção da infraestrutura viária
Solicitação da Pavimentação e drenagem da Rua Diácono Ademí Pereira de Abreu,Manutenção da infraestrutura viária
Solicitação da Pavimentação e drenagem da Serv. Professora Dinalva Alves Cardoso,Manutenção da infraestrutura viária
Solicitação da Pavimentação e Drenagem da Serv. Vila dos Sabiás,Manutenção da infraestrutura viária
Solicitação da Pavimentação e drenagem da Serv. Recanto Feliz,Manutenção da infraestrutura viária
Indica a manutenção e o conserto da climatização das salas de aula do NEIM Sérgio Grando no bairro Centro,Manutenção da estrutura escolar
"Reparo de um bueiro que cedeu, resultando na formação de um buraco que vem gerando transtornos para moradores e pedestres, localizado na Rua Dom Pedro I, n.º 288, no bairro Capoeiras.",Manutenção da infraestrutura viária
"Venho solicitar, com urgência, a poda das árvores localizadas na Rua Fúlvio Aducci, nº 128, no bairro Estreito.",Limpeza Urbana
"Limpeza e manutenção URGENTE dos parques localizados na NEIM Mateus de Barros, situada na Rua dos Cedros, nº 88, no bairro Monte Cristo.",Limpeza Urbana
"Indica a manutenção e o conserto da climatização das salas de aula, biblioteca, secretária também a recuperação e manutenção da área externa/pátio da EBM Professora Dilma Lucia dos Santos, no bairro Armação do Pântano do Sul.",Manutenção da estrutura escolar
Manutenção nos bebedouros da EBM José Jacinto Cardoso - Trindade,Manutenção da estrutura escolar
"Realizar a manutenção e limpeza do viaduto localizado na Avenida Ivo Silveira, próximo à Ponte Hercílio Luz, que passa acima da Rua Fulvio Aducci.",Limpeza Urbana
Atenção especial ao NEIM Maria Elena Da Silva - Ingleses do Rio Vermelho.,Manutenção da estrutura escolar
Emenda Modificativa ao PL n. 18839/2023  ,Emenda
Requer arquivamento do PROJETO DE RESOLUÇÃO N.º 02930/2025.,Arquivamento de proposição
"Senhores Vereadores, O Vereador que este subscreve, invocando o §3º do Art. 71 do Regimento Interno, requer a realização de uma Sessão Comemorativa desta Casa Legislativa em homenagem ao Dia da Rendeira e do Rendeiro.",Sessão Comemorativa
"À Secretaria de Estado da Infraestrutura e Mobilidade de Santa Catarina (SIE/SC), solicitando reparo de buraco acentuado na Rodovia Admar Gonzaga, localizada no Bairro Itacorubi",Manutenção da infraestrutura viária
"À Secretaria de Estado da Infraestrutura e Mobilidade de Santa Catarina (SIE/SC), solicitando a remoção e reinstalação de bicicletário na Rodovia Admar Gonzaga, localizada no Bairro Itacorubi  ",Infraestrutura cicloviária
CONCEDE O TÍTULO DE CIDADÃO HONORÁRIO AO DR. RICARDO FRETTA FLORES.,Título de cidadã e cidadão honorário
"Senhor Presidente, O Vereador que esta subscreve, na forma regimental, solicita envio de expediente ao Chefe do Poder Executivo, Excelentíssimo Senhor Topázio Silveira Neto, informando conhecimento da formalização de doação de terreno localizado no bairro Vargem Grande e solicitando a agilidade na conclusão dos projetos e aprovação do financiamento para construção da Escola do Futuro, localizada na Servidão Embaixador Baptista Lusardo (Projeto de Lei 18.972/2023), no bairro Vargem Grande, denominada no Geoportal como “Rua VL – 01, desmembramento 031/2012”, sob matrícula nº 178.161 (anexo 1), via que parte da Estrada Cristóvão Machado de Campos, no bairro supracitado.",Ampliação da rede física escolar
Requer a realização de Audiência Pública para debater o Projeto de Lei Complementar nº 01979/2025.,Gestão e Regulação da Mobilidade Urbana
"A Vereadora que este subscreve, com fundamento no Art. 152, I, do  Regimento Interno desta Câmara Municipal, requer o arquivamento do PROJETO DE RESOLUÇÃO N.º 02938/2025. ",Arquivamento de proposição
Concede Medalha Antonieta de Barros à Sonia Maria Martins de Melo.,Medalha Antonieta de Barros
"Requer a realização de Reunião Ampliada no âmbito da Comissão de Orçamento, Finanças e Tributação (COFT) para debater a atualização do cadastro imobiliário do município de Florianópolis.",Planejamento e orçamento público
"Requer a realização de Reunião Ampliada no âmbito da Comissão de Defesa do Consumidor, Direitos Humanos e Segurança Pública.",Infraestrutura de segurança
"Requer a realização de Reunião Ampliada no âmbito da Comissão de Ciência e Tecnologia, Inovação e Informática (CCTOII) para debater a aplicação de transição energética",Energia e sustentabilidade
Requer arquivamento do PROJETO DE RESOLUÇÃO N.º 02931/2025.,Arquivamento de proposição
Solicitação de limpeza e corte de mato no Parque da NEIM Mateus de Barros,Limpeza Urbana
"Solicitar a mudança de local da feira da Rua José Augusto de Farias/Anita Garibaldi, das 6h30 às 18h30, para a Praça Olívio Amorim, no Centro, das 6h30 às 18h.",Alvarás e liberações administrativas
Indicação de demolição da Antiga Rodoviária de Florianópolis para a SMAS,"Compras, contratos e patrimônio público"
"Requer convocação da Secretária Municipal de Segurança e Ordem Pública, Maryanne Mattos.",Gestão e Regulação da Segurança Pública
CONCEDE TÍTULO DE CIDADÃO HONORÁRIO DO MUNICÍPIO DE FLORIANÓPOLIS AO SR. FÚLVIO BRASIL ROSAR NETO.,Título de cidadã e cidadão honorário
Pedido de informações acerca do andamento de reforma ao NEIM Waldemar da Silva Filho,Manutenção da estrutura escolar
"CONCEDE A MEDALHA E DIPLOMA FRANCISCO DIAS VELHO, AO DR. WALTOIR MENEGOTTO (IN MEMORIAM).",Medalha Francisco Dias Velho
Dispõe sobre a criação de salas de apoio à amamentação nos equipamentos públicos do Município de Florianópolis.,Política para mulheres
MOÇÃO DE APLAUSOS ao Deputado Estadual Napoleão Bernardes em razão da apresentação da Proposta de Emenda à Constituição do Estado nº 001/2025.,Moção de aplausos
SOLICITAÇÃO URGENTE URGENTÍSSIMA DA TRAMITAÇÃO DO PL COMPLEMENTAR 1979/2025.,Solicitação de urgência
"Os Vereadores que esta subscrevem, na forma regimental, solicitam o envio de expediente ao Chefe do Poder Executivo e à Secretaria Municipal de Educação, sugerindo providências do órgão competente a fim de que seja realizada a troca da fiação elétrica da copa do NEIM Almirante Lucas Alexandre Boiteux, localizado na Avenida Mauro Ramos, no Centro.",Manutenção da estrutura escolar
"O Vereador que esta subscreve, na forma regimental, solicita o envio de expediente ao Chefe do Poder Executivo e à Secretaria Municipal de Educação, sugerindo providências do órgão competente a fim de que sejam realizadas melhorias nos banheiros do NEIM Waldemar da Silva Filho, localizado na Avenida Madre Benvenuta, no Bairro Trindade.",Manutenção da estrutura escolar
"O Vereador que esta subscreve, na forma regimental, solicita o envio de expediente ao Chefe do Poder Executivo e à Secretaria Municipal de Educação, sugerindo providências do órgão competente a fim de que seja realizada a manutenção do parquinho do NEIM Waldemar da Silva Filho, localizado na Avenida Madre Benvenuta, Bairro Trindade. Isso pois diversos brinquedos do parquinho encontram-se em falta ou danificados pelo uso, o que limita as opções de lazer e recreação das crianças e pode representar riscos à segurança. A falta de manutenção adequada compromete a funcionalidade do espaço e prejudica a qualidade das atividades oferecidas às crianças.",Manutenção da estrutura escolar
"O Vereador que esta subscreve, na forma regimental, solicita o envio de expediente ao Chefe do Poder Executivo e à Secretaria Municipal de Educação, sugerindo providências do órgão competente a fim de que seja realizada a ampliação das turmas oferecidas no NEIM Waldemar da Silva Filho, localizado na Avenida Madre Benvenuta, Bairro Trindade.",Vagas em creches e escolas
"O vereador que subscreve, na forma regimental, solicita o envio de expediente ao Chefe do Poder Executivo, em que sugere providências ao órgão competente para realização de drenagem e pavimentação em toda extensão da Servidão Joana Souza de Chagas, localizada no Bairro Rio Tavares, via essa a qual é oficial e não foi contemplada com tais serviços de infraestrutura.",Manutenção da infraestrutura viária
"O Vereador que esta subscreve, na forma regimental, solicita o envio de expediente ao Chefe do Poder Executivo, sugerindo providências do órgão competente a fim de realizar a reforma da Escola Municipal Albertina Madalena Dias, na Vargem Grande, visando garantir melhores condições estruturais, segurança e qualidade no ambiente escolar.",Manutenção da estrutura escolar
"O Vereador que esta subscreve, na forma regimental, solicita o envio de expediente ao Chefe do Poder Executivo, sugerindo providências do órgão competente a fim de que seja providenciada a instalação de uma tampa no bueiro localizado na Rua Madre Benvenuta, nº 1368, no bairro Santa Mônica",Rede de esgotamento sanitário
"O Vereador que esta subscreve, na forma regimental, solicita o envio de expediente ao Chefe do Poder Executivo e à Secretaria Municipal de Cultura, Esporte e Lazer, sugerindo providências do órgão competente a fim de que seja realizada a manutenção da infraestrutura do espaço cultural Casa das Máquinas, localizado na Rua Henrique Vera do Nascimento, Bairro Lagoa da Conceição.",Criação e manutenção de área de lazer e atividade física
"O Vereador que esta subscreve, na forma regimental, solicita o envio de expediente ao Chefe do Poder Executivo, sugerindo providências do órgão competente a fim de , solicitar o reparo de um buraco na Travessa Rodolfo Silva, no bairro Jardim Atlântico, em frente ao número 185. O buraco cresce a olhos vistos e já se tornou uma verdadeira armadilha para motoristas e pedestres. A cada dia, o risco aumenta, e ignorar essa situação é um grave ato de negligência.",Manutenção da infraestrutura viária
"O Vereador que esta subscreve, na forma regimental, solicita o envio de expediente ao Chefe do Poder Executivo, sugerindo providências do órgão competente a fim de que seja realizado o alinhamento e a recolocação das lajotas na Rua José Luiz Vieira, nº 19",Manutenção da infraestrutura viária
"O Vereador que esta subscreve, na forma regimental, solicita o envio de expediente ao Chefe do Poder Executivo, sugerindo providências do órgão competente fim de que seja realizado o recapeamento da Rua Fúlvio Aducci, localizada no Bairro Estreito.",Manutenção da infraestrutura viária
"CONCEDE A MEDALHA E DIPLOMA DE MÉRITO VIRGÍLIO VÁRZEA, AO SR. FABIO DE SOUSA LIMA.",Medalha Virgílio Várzea
"CONCEDE A MEDALHA E DIPLOMA DE MÉRITO VIRGÍLIO VÁRZEA, AO SENHOR RAMATIS FERREIRA FLORÊNCIO - RAMA.",Medalha Virgílio Várzea
CONCEDE O TROFÉU EROTIDES HELENA DA SILVA (NEGA TIDE) A MARIA GABRIELA COSTA.,Troféu Erotides Helena da Silva (Nega Tide)
"CONCEDE A MEDALHA E DIPLOMA FRANCISCO DIAS VELHO, AO DR. JULIANO MANDELLI.",Medalha Francisco Dias Velho
"Requer a realização de Audiência Pública no âmbito da Comissão de Viação, Obras Públicas e Urbanismo, (CVOPU), Comissão de Turismo e Assuntos Internacionais (CTAI), Comissão de Pesca, da Maricultura, da Agricultura e Assuntos do Mar (CPMAAM) e Comissão de Orçamento, Finanças e Tributação (COFT), a fim de debater a atualização da carta náutica das Baías Norte e Sul.",Gestão e Regulação da Mobilidade Urbana
Grande Expediente para homenagear os Irmãos da Coroa do Divino Espirito Santo.  ,Sessão Comemorativa
"SOLICITA SESSÃO SOLENE PARA SESSÃO COMEMORATIVA DOS JUBILEUS, POLÍTICOS E GOVERNANTES NO DIA 3 DE ABRIL.",Sessão Comemorativa
"Ao Governo de Santa Catarina e SIE-SC, solicitando o aumento de linhas e horários de ônibus na região do Instituto Federal de Santa Catarina (IFSC) Campus Palhoça",Transporte público
"O Vereador que esta subscreve, na forma regimental, solicita o envio de expediente ao Chefe do Poder Executivo, sugerindo providências do órgão competente a fim de solicitar, com urgência, o recapeamento asfáltico da Rua Araranguá, nº 157, no bairro Centro. A situação da via é crítica e tem impactado diretamente a segurança e a qualidade de vida da população",Manutenção da infraestrutura viária
"O Vereador que esta subscreve, na forma regimental, solicita o envio de expediente ao Chefe do Poder Executivo, sugerindo providências do órgão competente a fim de reestruturar e reforçar a segurança do NEIM Monsenhor Frederico Hobold em caráter de urgência, uma vez que o pedido abaixo justificado coloca em risco funcionários e alunos do local..",Segurança nas escolas e entorno escolar
"O Vereador que esta subscreve, na forma regimental, solicita o envio de expediente ao Chefe do Poder Executivo, sugerindo providências do órgão competente a fim de realizar a restauração do deck da Praia da Barra da Lagoa. O espaço é muito utilizado pela comunidade e pelos turistas, mas necessita de melhorias para garantir mais segurança e acessibilidade(foto em anexo).",Expansão da infraestrutura de mobilidade
"O Vereador que esta subscreve, na forma regimental, solicita o envio de expediente ao Chefe do Poder Executivo, sugerindo providências do órgão competente a fim de solicitar inclusão de mais horários de ônibus na linha 287 - Rio Vermelho via Vargem Grande",Transporte público
"O Vereador que esta subscreve, na forma regimental, solicita o envio de expediente ao Chefe do Poder Executivo, sugerindo providências do órgão competente a fim de sugerir a construção de dois banheiros públicos, sendo um feminino e um masculino, na Praça Nossa Senhora de Fátima, localizada na Rua Afonso Pena, bairro Estreito (CEP: 88075-300), sugerindo-se que sejam instalados ao lado do posto policial.",Criação e manutenção de área de lazer e atividade física
"O Vereador que esta subscreve, na forma regimental, solicita o envio de expediente ao Chefe do Poder Executivo, sugerindo providências do órgão competente a fim de ser realizada a desratização na Praia do Balneário do Estreito.",Controle sanitário e vigilância em saúde
"O Vereador que esta subscreve, na forma regimental, solicita o envio de expediente ao Chefe do Poder Executivo, sugerindo providências do órgão competente a fim de reforma e melhorias da EBM Batista Pereira - Ribeirão da Ilha",Manutenção da estrutura escolar
"A Vereadora que esta subscreve, na forma regimental, solicita o envio de expediente ao Chefe do Poder Executivo, sugerindo providências do órgão competente a fim de instalar iluminação em ponto de ônibus da Rua Quatorze de Julho no bairro Estreito (ID de parada: 11177).",Iluminação pública
"O Vereador que esta subscreve, na forma regimental, solicita o envio de expediente ao Chefe do Poder Executivo, sugerindo providências do órgão competente a fim de que sejam realizados reparos do calçamento por toda a extensão da Rua Sérgio Lopes Falcão, no Bairro Trindade.",Manutenção da infraestrutura viária
"O Vereador que esta subscreve, na forma regimental, solicita o envio de expediente ao Chefe do Poder Executivo, sugerindo providências do órgão competente a fim de solicitar a realização da pintura interna da creche Neim Mateus de Barros, localizada na Rua dos Cedros, 88, no bairro Monte Cristo. Esta solicitação se faz necessária devido a diversos fatores que impactam diretamente o bem-estar das crianças, profissionais e demais frequentadores do local.",Manutenção da estrutura escolar
"O Vereador que esta subscreve, na forma regimental, solicita o envio de expediente ao Chefe do Poder Executivo, sugerindo providências do órgão competente a fim de solicitar a manutenção e higienização dos aparelhos de ar-condicionado nas dependências da Creche NEIM Mateus de Barros, localizada na Rua dos Cedros, nº 88, Monte Cristo. Os equipamentos apresentam problemas de funcionamento, não estão resfriando adequadamente e necessitam de limpeza para garantir a qualidade do ar e o bom desempenho.",Manutenção da estrutura escolar
"“Dispõe sobre a denominação da Rua Costa da Montanha via pública no Distrito de Ratones, via que parte da Servidão Luiza Ventura, nesta Capital.”",Legalização e denominação de vias e espaços públicos
"Venho, por meio deste, solicitar a realização de reparos nas instalações da creche NEIM Mateus de Barros, localizada na Rua dos Cedros, nº 88, no bairro Monte Cristo, especificamente em relação aos seguintes problemas: vidros quebrados e troca de lâmpadas.",Manutenção da estrutura escolar
"Gostaria de solicitar a realização de reparos no equipamento de data show da Creche Neim Matues de Barros, localizada na Rua dos Cedros, nº 88, no bairro Monte Cristo, que se encontra atualmente em funcionamento inadequado.",Manutenção da estrutura escolar
Reforma e melhorias no NEIM Caieira da Barra do Sul.,Manutenção da estrutura escolar
Recomposição da equipe do CS Caieira da Barra do Sul.,Trabalhadores da saúde
"Venho, por meio deste, solicitar providências em relação a dois problemas estruturais observados na Creche Neim Mateus de Barros, localizada na Rua dos Cedros, 88, Bairro Monte Cristo.",Manutenção da estrutura escolar
Indica reparo em buraco no cruzamento da R. Evaldo Schaeffer com a R. Melvin Jones,Manutenção da infraestrutura viária
Indica instalação de iluminação em ponto de ônibus da Avenida Almirante Tamandaré no bairro Coqueiros,Iluminação pública
Reforma e Manutenção no NEIM Vila União - Vargem do Bom Jesus.,Manutenção da estrutura escolar
"Venho, por meio deste, solicitar a urgente realização de reparos na infraestrutura de esgoto da creche NEIM Mateus de Barros, Rua dos Cedros, N:88 no bairro Monte Cristo, especificamente em dois pontos críticos: reparo na ligação da caixa de passagem na rede de esgoto e desentupimento do esgoto da lavanderia da creche.",Manutenção da estrutura escolar
Indicação de ampliação no horário de abertura em banheiros do Parque de Coqueiros,Gestão e Regulação da Cultura e Lazer
Requer a instauração de Comissão Parlamentar Especial ,Comissão Parlamentar Especial
SUBSTITUTIVO GLOBAL AO PL N. 19131/2024,Substitutivo
SOLICITA Á CASAN UMA MANUTENÇÃO NA TUBULAÇÃO DA SERVIDÃO ELTON JOSÉ SAGAZ.,Rede de abastecimento de água
EMENDA MODIFICATIVA AO PL N. 18.724/2023,Emenda
EMENDA MODIFICATIVA AO PL N. 15.968/2014,Emenda
CONCEDE TÍTULO DE CIDADÃO HONORÁRIO DO MUNICÍPIO DE FLORIANÓPOLIS AO SR. ALFREDO GERMANO CAPRIO SERAU - IN MEMORIAN,Título de cidadã e cidadão honorário
"Solicitar que sejam tomadas as devidas providências em relação à invasão e construção irregular em andamento no terreno localizado na Rua dos Navegantes, nº 38 no bairro Balneário do Estreito.",Segurança e monitoramento de espaços públicos
"Gostaria de solicitar o reparo das lixeiras localizadas na Rua Joaquim Nabuco, nº 3204. A necessidade de manutenção ou substituição dessas lixeiras é urgente, visto que o mau estado delas tem gerado transtornos à população da região.",Limpeza Urbana
"Solicitar que seja realizada a verificação e desobstrução de uma boca de lobo que foi tapada, causando interrupção da saída de água e possíveis transtornos à comunidade.",Rede de esgotamento sanitário
Indicação de recuperação da pavimentação da Rua Luís Pasteur.,Manutenção da infraestrutura viária
"Indica a ampliação dos horários das linhas de ônibus 561 - Caieira da Barra do Sul/TIRIO e D565 - Ribeirão da Ilha Direto, visando atender à demanda dos moradores que reclamam do tempo de espera entre os ônibus.",Transporte público
Solicitação de desentupimento da Bueiro na rua Hipólito Cassiano de Menezes_ Bairro São João do Rio Vermelho,Rede de esgotamento sanitário
INDICAÇÃO - Solicitação de Reparo de Muro devido ao deslizamento de terra e escudo técnico,Manutenção da infraestrutura viária
"Indica a realização de reparos urgentes no telhado do Memorial Meyer Filho, localizado na Praça XV de Novembro, devido a infiltrações causadas pelas chuvas, que estão comprometendo os arquivos históricos do acervo, um patrimônio público de grande importância para a história de Florianópolis.",Patrimônio cultural
"Indica a realização de reparos nos buracos existentes na Rua Deputado Antônio Edu Vieira, que estão causando transtornos e impactando o tráfego da região, já debilitado.",Manutenção da infraestrutura viária
"Indica a realização de manutenção dos equipamentos e poda da vegetação na Praça Mirosian C. Wolowski, localizada na esquina da Rua Professor Milton Sulivan e Capitão Romualdo de Barros, devido ao mato alto e equipamentos precários que impedem o acesso de crianças ao parque e atrapalham a circulação de pedestres",Manutenção de equipamento/patrimônio público
Indica a realização de Estudo técnico para projeto de arborização urbana.,Vegetação e arborização urbana
Solicitação de aumento de frota,Transporte público
Solicitação de linha de ônibus entre a Tapera e a Caieira da Barra do Sul,Transporte público
Solicita cópia do Parecer Técnico do SEPHAN (PTEC 215/SMPIU/SUPLAN/DPU/SEPHAM/2023).,"Compras, contratos e patrimônio público"
"CONCEDE A MEDALHA E DIPLOMA FRANCISCO DIAS VELHO, AO SR. JOSÉ ANTÔNIO FARENZENA.",Medalha Francisco Dias Velho
Concede Medalha e Diploma Francisco Dias Velho ao Sr. Eduardo Koerich,Medalha Francisco Dias Velho
"Indica a avaliação da extensão dos bairros Costeira do Ribeirão, Caiacanga e Caieira da Barra do Sul, na rodovia Baldicero Filomeno, para a criação de acessos à praia com a devida acessibilidade, incluindo a construção de decks para o uso da população",Acessibilidade
"Solicita atualização do site da PMF, cf. Lei 770/2024.",Portal
"Requer a manutenção da climatização e da infraestrutura das escolas E.E.B. Aderbal Ramos da Silva e E.E.B. José Boiteux, do bairro Estreito, para a Secretaria de Estado da Educação (SED)",Manutenção da estrutura escolar
Requer envio de ofício à Secretaria de Estado da Infraestrutura e Mobilidade para a implementação de uma faixa elevada na Rod. João Gualberto Soares - bairro Ingleses.,Organização do trânsito
Requer informações sobre comunidades terapêuticas que prestam serviços para o município de Florianópolis - SC.,Rede de Assistência Social
Requer Informações sobre a Portaria 222/2025 à Secretaria Municipal de Educação de Florianópolis,Gestão da Política Educacional
"Requer a realização de Reunião Ampliada, no âmbito da Comissão de Trabalho, Legislação Social e Serviço Público.",Gestão da Política Educacional
"O Vereador que esta subscreve, na forma regimental, solicita o envio de expediente ao Excelentíssimo Senhor Governador do Estado de Santa Catarina, Jorginho Mello, solicitando a criação de postos de atendimento para serviços estaduais e municipais, como a CASAN, CELESC, DETRAN, PCI e PROCON, nos seis pontos existentes de atendimento do Pró-Cidadão, nesta Capital.",Atendimento ao cidadão e serviços públicos essenciais
Requer à Prefeitura e à FLORAM informações sobre autorizações de cortes de árvores no município,Vegetação e arborização urbana
Declara de utilidade pública municipal o Empório ECOSOL,Título de utilidade pública
ALTERA O ART. 1º DA LEI N.3570/1991,Título de utilidade pública
"Requer a realização de Audiência Pública no âmbito da Comissão de Viação, Obras Públicas e Urbanismo (CVOPU) para debater as obras de saneamento do município planejadas para o ano de 2025.",Gestão e Regulação dos Serviços de Saneamento
"Solicitação de instalação de um ponto de ônibus com abrigo, lixeira e assentos adequados na Rua Dom Pedro II, em frente à empresa Scarduelli.",Manutenção de pontos de ônibus
"Venho, por meio deste, solicitar a roçagem urgente da vegetação na Rua Almirante Tamandaré, especialmente no trecho em frente ao DETRAN.",Limpeza Urbana
"Solicito a desobstrução e limpeza do bueiro localizado na Rua dos Navegantes, nº 521, no bairro Balneário do Estreito.",Rede de esgotamento sanitário
"Solicitação de retirada da lombada situada na Rua Sérgio Gil, na altura do número 290.",Organização do trânsito
Solicitação de manutenção do sistema de ar condicionado e conserto dos vasos sanitários da Creche Idalina Ôchoa no bairro Carianos,Manutenção da estrutura escolar
"Solicitação de reinstalação de ponto de ônibus no bairro Costa de Dentro, em razão de sua remoção causada por intempéries, visando garantir segurança e acessibilidade aos usuários do transporte público",Manutenção de pontos de ônibus
"Solicitação de manutenção das manilhas na Servidão da Rua 12 de Outubro, no bairro Armação do Pântano do Sul, visando melhorar a drenagem e prevenir alagamentos.",Rede de esgotamento sanitário
"Indica a manutenção da infraestrutura e da climatização da EBM Brigadeiro Eduardo Gomes, no bairro Campeche",Manutenção da estrutura escolar
"Revogação do ATO Nº 158/2024/GAPRE/REURB, DO GABINETE DO PREFEITO, QUE RECONHECE A REGULARIDADE DE LOGRADOURO PÚBLICO.",Legalização e denominação de vias e espaços públicos
"Desobstrução do encanamento, manutenção e limpeza no NEIM Gentil Mathias da Silva - Ingleses Norte.",Rede de esgotamento sanitário
Solicitação de ponto de ônibus coberto na SC - 406 perto do km 42 - Armação Pântano do Sul.,Manutenção de pontos de ônibus
"Solicita manutenção e limpeza da trilha que liga a Pedra da Boa Vista à Prainha da Barra, localizada no Bairro Barra da Lagoa.",Limpeza Urbana
Solicita pela 2° vez reparos de 51 semáforos entre os bairros Prainha e Centro,Organização do trânsito
"Solicitação de providências referente às demandas da Escola Básica Municipal Albertina Madalena Dias, Estrada Cristóvão Machado de Campos, 1537, bairro Vargem Grande.",Manutenção da estrutura escolar
Manutenção da fossa da EBM Maria Tomazia,Rede de esgotamento sanitário
"Manutenção em ponto de ônibus na Rua Altamiro Barcelos Dutra, nº 1429 - Barra da Lagoa.",Manutenção de pontos de ônibus
"Indica a pintura das faixas de pedestre da rua Delfino Conti, no bairro Trindade",Organização do trânsito
Indica a construção de sinalização acerca da Ponte Hercílio Luz na esquina entre a Rua Felipe Schimdt e a Rua Hoepcke,Organização do trânsito
"Indica a manutenção e promoção de visibilidade dos chafarizes do Largo da Alfândega, no Centro",Criação e manutenção de área de lazer e atividade física
Dispõe sobre a proibição de participação de crianças e adolescentes na Parada do Orgulho LGBTQIAPN+ no Município de Florianópolis e dá outras providências,Diversidade sexual e de gênero
INSTITUI O USO DA JANELA DE LIBRAS E LEGENDAS NA PUBLICIDADE OFICIAL DO MUNICÍPIO DE FLORIANÓPOLIS.,Acessibilidade
"Altera a Lei nº 3.599/91, que declara de utilidade pública a entidade ""Ação Social da Matriz de Nossa Senhora da Lapa"", para atualizar sua denominação para ""Ação Social e Cultural Nossa Senhora da Lapa""",Título de utilidade pública
Requer Informações acerca da quantidade de exames solicitados e realizados no MultiHospital à Secretaria Municipal de Saúde de Florianópolis ,Gestão e Regulação da Saúde Pública
"Requer informações a respeito dos processos de empréstimo via Banco Interamericano de Desenvolvimento (BID), voltados para operação de crédito “Programa de Desenvolvimento Urbano de Florianópolis - Floripa para Todos”",Planejamento e orçamento público
"Requer informações a respeito dos processos de empréstimo via Banco Interamericano de Desenvolvimento (BID), voltados para o Projeto de Expansão e Aperfeiçoamento da Educação Infantil e do Ensino Fundamental em Florianópolis - PRAEB II.",Gestão da Política Educacional
"Gostaria de solicitar providências para o reparo do beco sem denominação, localizado nas proximidades da Rua Verônica Maria da Rosa, nº 170.",Manutenção da infraestrutura viária
"Solicitando providências para a realização de serviços de manutenção e melhorias no Núcleo de Educação Infantil Municipal (NEIM) Jardim Atlântico, localizado na Rua Irmã Bonavita, 256, no bairro Jardim Atlântico.",Manutenção da estrutura escolar
Reestruturação da Escola do Mar (regime de urgência),Manutenção da estrutura escolar
Designação de profissional médico para a Equipe 20 do Centro de Saúde Balneário Estreito.,Trabalhadores da saúde
Ampliação no início do binário do Pantanal - Rua Deputado Antônio Edu Vieira.,Organização do trânsito
"ALTERA O ART. 1° DA LEI 4.675/95 QUE DENOMINOU COMO VIA PÚBLICA A RUA OLINDA CELESTINA LACERDA, NO BAIRRO CARIANOS, NESTA CAPITAL.",Legalização e denominação de vias e espaços públicos
"Estabelece a Lei “Floripa sem escravidão”, que objetiva conscientizar e divulgar, nos condomínios residenciais, comerciais ou mistos da cidade de Florianópolis – SC, os canais de denúncia sobre trabalho análogo à escravidão.","Gestão de Políticas Sociais, de Direitos e Equidade"
"Requer o envio de expediente ao Executivo Municipal, solicitando informações sobre o Concurso da Guarda Municipal de Florianópolis.",Gestão e Regulação da Segurança Pública
"Requer providências do órgão competente para a troca do poste de luz localizado na Rodovia Baldicero Filomeno, altura do número 6688, devido ao risco de queda após acidente.",Manutenção de rede elétrica
"INCLUI ITEM NO ANEXO I DA LEI N. 10.482, DE 2019 - DIA MUNICIPAL DA PESSOA AMPUTADA",Dia Municipal
"Solicita manutenções urgentes no NEIM Colônia Z-11, localizado na Rua Desembargador Ivo Guilhon Pereira de Mello, Bairro Barra da Lagoa.",Manutenção da estrutura escolar
"Indica a arrecadação de materiais didáticos para as crianças do NEIM Colônia Z-11, localizado na Barra da Lagoa",Material didático
Solicitação de calçamento na Servidão dos Imigrantes - Ingleses do Rio Vermelho.,Manutenção da infraestrutura viária
Solicitação de aterro e brinquedos para parquinho na Servidão dos Imigrantes - Ingleses do Rio Vermelho.,Criação e manutenção de área de lazer e atividade física
"Sugere providências ao órgão competente para a revitalização da Praça Carianos, localizada no bairro Carianos.",Criação e manutenção de área de lazer e atividade física
"Sugere providências ao órgão competente para realização de drenagem e um novo calçamento em toda extensão oficial da Servidão Paulo Avelino Vieira, localizada no bairro Ribeirão da Ilha, via essa a qual é oficial e não foi contemplada com tais serviços de infraestrutura.",Manutenção da infraestrutura viária
"Sugere providências ao órgão competente para realização de drenagem e pavimentação em toda extensão da Servidão Mirante, localizada no bairro Ribeirão da Ilha",Manutenção da infraestrutura viária
"Solicitar que seja realizado o reparo da calçada na Rua Joaquim Nabuco, nº 23, bairro Capoeiras.",Manutenção da infraestrutura viária
"Gostaria de solicitar, com urgência, a manutenção e pintura da quadra esportiva localizada na Praça Nossa Senhora de Fátima, na Rua Afonso Pena, no bairro do Estreito, considerando a importância desse espaço para a comunidade.",Criação e manutenção de área de lazer e atividade física
"Solicita que seja realizado o reparo de um buraco na Rua Desembargador Tavares, nº 64, bairro Monte Cristo.",Manutenção da infraestrutura viária
"Solicitação de providências em relação à Rua José Elias Lopes (CEP 88066-060), localizada no bairro Campeche.",Manutenção da infraestrutura viária
"Solicitação de reparo de buracos no trecho entre Rua do Calafate e Rua Deputado Antônio Edu Vieira, número 320, no bairro Pantanal.",Manutenção da infraestrutura viária
"solicitar os serviços de capina, roçagem e manutenção nos sistemas de ar condicionado do NEIM Armação.",Manutenção da estrutura escolar
Colocação de nova parada de ônibus na Rua Cândido Pereira dos Anjos - Bairro Rio Vermelho.,Manutenção de pontos de ônibus
"Requer o envio de expediente ao Chefe do Poder Executivo, a fim de avaliar a viabilidade e possibilitar a implementação de botoeiras nas sinaleiras da Avenida Beira-mar.",Organização do trânsito
Indicação de reforma da Unidade de ensino e viabilização de um banheiro adicional no NEIM Canto da Lagoa.,Manutenção da estrutura escolar
Indica providências urgentes para a reforma da EBM Albertina Madalena Dias.,Manutenção da estrutura escolar
"Realização de manutenção viária na Rua José de Abreu, no Bairro Canto",Manutenção da infraestrutura viária
"Realização de manutenção viária na Rua João Evangelista da Costa, no Bairro Estreito",Manutenção da infraestrutura viária
"Fixação da placa na Servidão Thomas Pires, no Bairro Armação do Pântano do Sul",Organização do trânsito
Requer pedido de informação referente à autorização para festa de carnaval.,Evento Cultural
CONCEDE TÍTULO DE CIDADÃ HONORÁRIA DO MUNICÍPIO DE FLORIANÓPOLIS À DRA. CYNTHIA CAMARGO D’IVANENKO VAHL.  ,Título de cidadã e cidadão honorário
"Requer a realização de Reunião Ampliada, no âmbito da Comissão de Defesa dos Direitos da Pessoa com Deficiência",Pessoas com deficiência e neurodivergentes
Solicitação de informação sobre obra de revitalização na Fortaleza da Barra.,Manutenção da infraestrutura viária
Solicita a Floram a verificação de extravasamento de esgoto da EBM Maria Tomazia Coelho - Bairro Santinho,Rede de esgotamento sanitário
"Solicitar que sejam realizados reparos no asfalto da Beira-Mar Continental, especificamente no trecho sob a Ponte Hercílio Luz.",Manutenção da infraestrutura viária
"Solicitar que sejam realizados reparos na Servidão Osvaldo Liberato de Carvalho, em frente à oficina mecânica",Manutenção da infraestrutura viária
"Requer envio de expediente ao Chefe do Poder Executivo, avaliar a viabilidade e possibilitar a implementação de botoeiras nas sinaleiras da Avenida Beira-mar.",Organização do trânsito
"Indica a manutenção e conserto da Servidão da Prainha, entre a saída da Ponte Pênsil do Canal da Barra ao Nº 54, no bairro Barra da Lagoa",Manutenção da infraestrutura viária
Indica providências urgentes para a reforma da NEIM Vila Cachoeira.,Manutenção da estrutura escolar
"Venho, por meio desta, solicitar, com urgência, a manutenção das lâmpadas com defeito na Creche Júlia M. Rodrigues. A iluminação adequada é essencial para garantir um ambiente seguro e acolhedor para as crianças, educadores e demais funcionários.",Manutenção da estrutura escolar
"Gostaria de solicitar, com urgência, a colocação de areia no parque da Creche Júlia M. Rodrigues, localizada na Rua Eugênio Raulino Koerich, n:188, Jardim Atlântico, visando melhorar as condições do espaço utilizado pelas crianças para recreação.",Manutenção da estrutura escolar
Solicita a realocação de pontos de ônibus e construção de calçada na Avenida Beira-mar Norte.,Manutenção de pontos de ônibus
Requerimento de pedido de Informação sobre a Situação do Posto de Saúde do Saco Grande,Equipamentos públicos de saúde
Inclusão de mais horários de ônibus na linha 561 - Caieira da Barra do Sul.,Transporte público
"Solicita reparos no NEIM Pequeno Príncipe, no bairro Morro das Pedras",Manutenção da estrutura escolar
"Solicitação de troca de lugar da estação de bicicleta elétrica na Rua Comandante Constantino Nicolau Spyrides, nº 3234 - Agronômica.",Infraestrutura cicloviária
"Solicita reparo de buraco no calçamento da Rua Europa, no Bairro Trindade",Manutenção da infraestrutura viária
"Solicita reparos no calçamento da Rua Europa, no Bairro Trindade",Manutenção da infraestrutura viária
"Solicitação de conclusão da pavimentação da Servidão Aristides Euzébio Coelho, CEP 88060-270, bairro São João do Rio Vermelho.",Manutenção da infraestrutura viária
"Solicitação de limpeza e manutenção urgente do CRAS Continente II, no bairro Capoeiras.",Rede de Assistência Social
Criação do Projeto Horta no Centro de Saúde (CS) Barra da Lagoa.,Gestão e Regulação da Saúde Pública
"O Vereador que esta subscreve, na forma regimental, solicita o envio de expediente ao Chefe do Poder Executivo, sugerindo para que seja construído um “Monumento à Bíblia” no Município de Florianópolis.",Manifestação religiosa
Indicação de Regulamentação da Instalação de antenas 5G em Centros Comerciais,Alvarás e liberações administrativas
"Senhor Presidente, O Vereador que esta subscreve, na forma regimental, solicita o envio de expediente ao Chefe do Poder Executivo, solicitando providências do órgão competente quanto à conclusão da extensão de iluminação pública na SC-401 (do Trevo do Bairro Ratones ao Trecho da SC-401 próximo ao KM 2,3, em frente ao Fort Atacadista/HAVAN), bem como a reposição dos postes degradados ao longo de toda extensão supracitada, no norte da ilha desta Capital.",Iluminação pública
Indicação de providências para reparo da irregularidade no pavimento na Avenida Trompowsk,Manutenção da infraestrutura viária
Indicação de providências para a limpeza e roçagem da escadaria na Rua Monsenhor Topp.,Limpeza Urbana
"Desarquivamento dos Projetos de Lei n. 18176/2021, 18177/2021, 18172/2021, 18173/2021, 18181/2021, 18182/2021, 18180/2021, de autoria do Vereador Fábio Braga.",Desarquivamento de proposição
Requer informações sobre a lotação de cargos educacionais no Município.,Trabalhadores da educação
Requer informações sobre a lotação de cargos educacionais no Município,Trabalhadores da educação
Solicita realização de Sessão Solene em comemoração aos 100 anos do Apostolado da Oração da Igreja Nossa Senhora das Necessidades.,Sessão Solene
"SOLICITA AO GOVERNO DO ESTADO DE SANTA CATARINA, ESTUDOS VISANDO A CONSTRUÇÃO DE UMA PASSARELA NA ROD. JOSÉ CARLOS DAUX - KM 12.",Organização do trânsito
Requer informações sobre a lotação de cargos educacionais no Município - docentes de língua espanhola.,Trabalhadores da educação
Requer informações sobre a lotação de cargos da Educação Infantil no Município.,Trabalhadores da educação
Requer informações sobre a lotação de cargos educacionais no Município - docentes de Matemática.,Trabalhadores da educação
Requer informações sobre a lotação de cargos educacionais no Município - docentes de História.,Trabalhadores da educação
Requer informações sobre a lotação de cargos educacionais no Município - docentes de LIBRAS.,Trabalhadores da educação
Requer informações sobre a lotação de cargos educacionais no Município - docentes de Geografia.,Trabalhadores da educação
Requer informações sobre a lotação de cargos educacionais no Município - docentes de língua inglesa.,Trabalhadores da educação
Requerimento de pedido de informações ao Secretário da Casa Civil do Estado de Santa Catarina acerca de adesão ao Pregão de câmeras corporais do Governo Federal.,Infraestrutura de segurança
"O Vereador que este subscreve, membro da Comissão de Orçamento, Finanças e Tributação, requer a realização de Reunião Ampliada no âmbito da mesma para debater o Projeto de Lei Complementar n.º 01976/2025, que é de relevante interesse público.",Gestão de pessoas e carreira no serviço público
Requerimento de pedido de informações sobre o processo de dragagem e desassoreamento do Canal da Barra da Lagoa,Gestão e proteção de corpos hídricos e áreas associadas
"Requerimento de Informações precisas sobre o Programa ""Maria da Penha vai à Escola"".",Gestão da Política Educacional
Requer informações sobre o Cronograma das obra de reformas do Mercado Público de Florianópolis  – SC.,"Compras, contratos e patrimônio público"
Requer informações sobre a lotação de cargos educacionais no Município - docentes de Português,Trabalhadores da educação
Requer informações sobre a lotação de cargos educacionais no Município - Orientador Educacional,Trabalhadores da educação
Requer informações sobre a lotação de cargos educacionais no Município - Administrador Escolar,Trabalhadores da educação
"REQUER JUNTADA DE DOCUMENTAÇÃO AO PROJETO DE LEI N.º 19.022/2023.",Juntada de documento
Requer informações sobre a lotação de cargos educacionais no Município - Supervisor Escolar,Trabalhadores da educação
Requer informações sobre a lotação de cargos educacionais no Município - Professor Auxiliar de Atividades de Ciências,Trabalhadores da educação
Requer informações sobre a lotação de cargos educacionais no Município - Professor Auxiliar de Educação Especial,Trabalhadores da educação
Requer informações sobre a lotação de cargos educacionais no Município - Professor Auxiliar de Educação Infantil.,Trabalhadores da educação
Requer informações sobre a lotação de cargos educacionais no Município - Professor Auxiliar Intérprete Educacional,Trabalhadores da educação
Requer informações sobre a lotação de cargos educacionais no Município - Professor Auxiliar de Tecnologia Educacional.,Trabalhadores da educação
Requer informações sobre a lotação de cargos educacionais no Município - Professor Auxiliar de Ensino Fundamental.,Trabalhadores da educação
Requer informações sobre a lotação de cargos educacionais no Município  - Professor Auxiliar Generalista,Trabalhadores da educação
Requer informações sobre a lotação de cargos educacionais no Município - Professor de Português e Inglês,Trabalhadores da educação
Requer informações sobre a lotação de cargos educacionais no Município - Especialista em Assuntos Educacionais.,Trabalhadores da educação
"solicita o envio de expediente ao Chefe do Poder Executivo, para requerer a placa da obra da reforma do Mercado Público Municipal, conforme determina a Lei. 5.181/1997.",Informações e esclarecimentos
Construção de deck de acesso a praia na Rua Manoel Rafael Inácio para a praia do Campeche.,Expansão da infraestrutura de mobilidade
"Sugere providências ao órgão competente para construção de um Deck para acesso à praia do Pico da Cruz, no fim da Servidão Cecília Jacinta de Jesus, no bairro Rio Tavares.",Expansão da infraestrutura de mobilidade
"Sugere o desassoreamento de toda extensão do Canal da Barra da Lagoa, localizado no bairro Barra da Lagoa.",Gestão e proteção de corpos hídricos e áreas associadas
"Sugere providências ao órgão competente para realização de drenagem e pavimentação em toda extensão da Servidão Estevão Hames, que inicia a partir da Servidão Jaborandi, no bairro Campeche.",Manutenção da infraestrutura viária
"Indica que sejam tomadas providências sobre o NEIM Poeta João da Cruz e Sousa, R. Imburana, nº 123, no bairro Campeche.",Manutenção da estrutura escolar
"Solicita a troca da placa de entrada do NEIM Monteiro Lobato, localizado no Bairro Carianos",Manutenção da estrutura escolar
"Solicita reparos na lombada e pintura da faixa de pedestres em frente ao NEIM Monteiro Lobato, no Bairro Carianos",Organização do trânsito
Dá nova redação ao Art.1º da Lei Ordinária nº 11.306 de 11 de Novembro de 2024 que “Garante o direito de prioridade de matrícula de irmãos na mesma unidade escolar da rede municipal de ensino de Florianópolis”.,Gestão da Política Educacional
"DENOMINA PRAÇA LUIZ FILIPE RODRIGUES, NO BAIRRO CHICO MENDES.",Legalização e denominação de vias e espaços públicos
"Gostaria de solicitar, com urgência, o reparo dos buracos existentes em frente à Escola de Educação Básica Leonor de Barros, localizada na Rua Pastor William Richard Schisler Filho, nº 801, no bairro Itacorubi. A atual condição do asfalto compromete a segurança dos alunos, professores e pedestres, além de dificultar o tráfego de veículos que circulam diariamente na região.",Manutenção da infraestrutura viária
"Revitalização e roçagem na Praça na Rodovia Amaro Antônio Viêira, nº 2845 - Itacorubi.",Criação e manutenção de área de lazer e atividade física
"Gostaria de solicitar, com urgência, o reparo de um buraco localizado na Rua das Seringueiras, no bairro Monte Cristo, em frente ao Mini Mercado Vieira. A situação tem causado transtornos e riscos à população, exigindo uma solução imediata, pois compromete a segurança e a mobilidade no local. Vale ressaltar que se trata de uma via de grande movimentação de veículos e pedestres.",Manutenção da infraestrutura viária
"Os moradores e cidadãos comprometidos com a valorização da nossa cidade solicitam respeitosamente o reconhecimento oficial da Rua Milton Francisco Oscar. Esse pedido não é apenas uma questão burocrática, mas um ato de justiça e preservação da história local",Legalização e denominação de vias e espaços públicos
"Venho, por meio desta, solicitar com urgência a manutenção de um bueiro localizado na Rua prefeito Rogério Vieira n: 256, no bairro Jardim Atlântico que apresenta um vazamento constante, causando danos significativos à via pública e risco à população.",Rede de esgotamento sanitário
"Venho, por meio desta, solicitar, com máxima urgência, o reparo de um buraco que já está cedendo na Rua Santiago Dantas, nº 169, localizada no bairro Estreito, colocando em risco a segurança dos moradores e de todas as pessoas que utilizam a via.",Manutenção da infraestrutura viária
"Solicitar a reposição urgente de areia do parque na NEIM Júlia M. Rodrigues, localizada na Rua Eugênio Raulino Koerich, 188, no bairro Jardim Atlântico.",Manutenção da estrutura escolar
"Indicar a manutenção urgente da parte elétrica na NEIM Júlia M. Rodrigues, localizada na Rua Eugênio Raulino Koerich, 188, no bairro Jardim Atlântico, visto que há salas de aula com interruptores queimados e comprometidos.",Manutenção da estrutura escolar
"Solicitar a manutenção dos ralos que apresentam risco eminente de corte na NEIM Júlia M. Rodrigues, localizada na Rua Eugênio Raulino Koerich, 188, no bairro Jardim Atlântico.",Manutenção da estrutura escolar
"Gostaria de solicitar com urgência, o reparo da torneira elétrica da Creche Júlia Maria Rodrigues, localizada na Rua Eugênio Raulino Koerich, nº 188, no bairro Jardim Atlântico. O equipamento apresenta risco de choque elétrico, colocando em perigo as crianças, os funcionários e todos que frequentam a unidade",Manutenção da estrutura escolar
"Solicitação de implantação de faixas elevadas de pedestre na Estrada Cristóvão Machado de Campos, nº 1537, no bairro Vargem Grande.",Organização do trânsito
Indica manutenção na estrutura do NEIM Professora Maria Barreiros na Coloninha,Manutenção da estrutura escolar
"SUSTA O DECRETO Nº 26.160, DE 15 DE MARÇO DE 2024.",Plano diretor
"ALTERA A LEI COMPLEMENTAR Nº 239, DE 10 DE AGOSTO DE 2006, PARA INCLUIR PARÁGRAFOS ÚNICOS NOS ARTIGOS 27 E 30, DISPONDO SOBRE EQUIVALÊNCIA AO HABITE-SE SANITÁRIO E DISPENSA DE APROVAÇÃO DE PROJETO HIDROSSANITÁRIO EM IMÓVEIS SERVIDOS POR REDE DE ESGOTO.",Alvarás e liberações administrativas
"Requer informações a respeito do terreno localizado na Avenida Engenheiro Max de Souza, número 1201, bairro Coqueiros.",Limpeza Urbana
"À Secretaria Municipal de Saúde, solicitando informações sobre a falta de publicação dos relatórios sobre leishmaniose no site oficial da Prefeitura desde o ano de 2022.",Bem-estar e proteção animal
"À Secretaria Municipal de Saúde e à Secretaria Municipal de Licitações, Contratos e Parcerias, solicitando informações acerca da mudança dos regimes de estágios obrigatórios nas instalações públicas de Florianópolis.",Gestão de pessoas e carreira no serviço público
"À Secretaria da Casa Civil e à Secretaria Municipal de Saúde , solicitando informações sobre o planejamento e ações para a reativação do Conselho de Proteção Animal.",Gestão da política de proteção animal
"À Secretaria Municipal de Saúde de Florianópolis, solicitando informações sobre o Programa ""SamuVet"", sua desativação e possível reativação no município de Florianópolis.",Gestão da política de proteção animal
DISPÕE SOBRE A EXPLORAÇÃO E GESTÃO DO ESTACIONAMENTO ROTATIVO NO MUNICÍPIO DE FLORIANÓPOLIS E DÁ OUTRAS PROVIDÊNCIAS,Gestão e Regulação da Mobilidade Urbana
"ALTERA O ART. 1º DA LEI N. 6.892, DE 2005 - SERVIDÃO NAIR FRANCISCO DE SOUTO (DONA NECA).",Legalização e denominação de vias e espaços públicos
Requer o desarquivamento de Projetos de Lei. ,Desarquivamento de proposição
Requer cessão de terreno em Ingleses para o Corpo de Bombeiros Militar de Santa Catarina visando a Construção de um quartel,"Compras, contratos e patrimônio público"
"Venho, por meio deste, solicitar a substituição da identificação da Creche NEIM Celso Ramos, localizada na Rua Prof. Aldo Câmara da Silva, nº 180, no Centro, tendo em vista que as letras atuais não oferecem a devida visibilidade, comprometendo a fácil identificação do local.",Manutenção da estrutura escolar
"Gostaria solicitar com urgência a designação de um vigilante para o Núcleo de Educação Infantil Municipal (NEIM) Celso Ramos, localizada na Rua. Prof. Aldo Câmara da Silva, n:180 Centro. A segurança de nossas crianças, profissionais da educação e das famílias que frequentam o local deve ser tratada como prioridade absoluta.",Segurança nas escolas e entorno escolar
Indica a necessidade de realização de campanhas físicas informando a disponibilidade de castração gratuita pela Diretoria do Bem-Estar Animal (DIBEA) a toda a população,Gestão da política de proteção animal
Indica ao Poder Executivo Municipal para que sejam adquiridas gatoeiras para uso na Diretoria do Bem-Estar Animal (DIBEA).,Gestão da política de proteção animal
Indica a necessidade de instalação de câmeras de segurança na Diretoria do Bem-Estar Animal (DIBEA),Gestão da política de proteção animal
"Indica ao Poder Executivo a necessidade da criação de uma “sala de higienização/banhos"" na Diretoria do Bem-Estar Animal (DIBEA)",Gestão da política de proteção animal
"Indica a Necessidade da criação de uma “sala de quarentena”, com estrutura para abrigar animais possivelmente contaminados na Diretoria do Bem-Estar Animal (DIBEA).",Gestão da política de proteção animal
Solicita a implementação de um software para registro integral das atividades da Diretoria do Bem-Estar Animal (DIBEA),Gestão da política de proteção animal
Indica o aumento e revitalização da estrutura do “PetPlace” da Diretoria do Bem-Estar Animal (DIBEA),Gestão da política de proteção animal
Solicita a instalação de ralos e torneiras em todas as estruturas e salas do Canil da Diretoria do Bem-Estar Animal (DIBEA),Gestão da política de proteção animal
Indica a ampliação da estrutura do Gatil da Diretoria do Bem-Estar Animal (DIBEA),Gestão da política de proteção animal
Indica a ampliação da estrutura do Canil da Diretoria do Bem-Estar Animal (DIBEA),Gestão da política de proteção animal
Indica a contratação de um adestrador para atuar de forma fixa na Diretoria do Bem-Estar Animal (DIBEA),Gestão da política de proteção animal
Indica o aumento da carga horária de 6 para 8 horas diárias dos veterinários atuantes na DIBEA,Gestão da política de proteção animal
Indica a ampliação do quadro de profissionais da Diretoria do Bem-Estar Animal (DIBEA),Gestão da política de proteção animal
"Sugere providências ao órgão competente para realização de drenagem e pavimentação em toda extensão da Servidão Arnaldo Alegre, localizada no Bairro Campeche",Manutenção da infraestrutura viária
"Indica a ampliação do horário de atendimento do Centro de Saúde de Coqueiros para funcionamento em tempo integral, com garantia de profissionais médicos e odontológicos diários e sala de vacinação permanente, conforme demanda dos moradores.",Equipamentos públicos de saúde
Reestruturação do sistema de esgotamento sanitário da EBM Brigadeiro Eduardo Gomes ( Regime de Urgência),Rede de esgotamento sanitário
"Indica a substituição das tampas de valetas de escoamento danificadas ao longo de toda a extensão da Avenida Beira-Mar, que apresentam riscos à segurança viária",Manutenção da infraestrutura viária
"Venho, por meio desta, solicitar com urgência a manutenção do parque infantil da Creche Celso Ramos, localizada no bairro da Prainha. Atualmente, os brinquedos encontram-se quebrados, representando um risco iminente para as crianças que frequentam o local.",Manutenção da estrutura escolar
"Gostaria de, solicitar providências urgentes para a reinstalação do ar-condicionado na Creche Celso Ramos, localizada no bairro da Prainha, tendo em vista que os fios do equipamento foram furtados. Além disso, é necessária a manutenção de sanitização do aparelho para garantir seu pleno funcionamento e a segurança das crianças e profissionais da unidade.",Manutenção da estrutura escolar
"ALTERA OS ANEXOS IV-L, IV-M, IV-I, IV-N, IV-J, IV-G, IV-K,V-G DA LEI 770, 2024 QUE DISPÕE SOBRE A ESTRUTURA ORGANIZACIONAL DA ADMINISTRAÇÃO PÚBLICA DO PODER EXECUTIVO MUNICIPAL DE FLORIANÓPOLIS, REESTRUTURA OS CARGOS E FUNÇÕES GRATIFICADAS, ESTABELECE PRINCÍPIOS E DIRETRIZES DE GESTÃO E DÁ OUTRAS PROVIDÊNCIAS",Organização administrativa e estrutura governamental
"Requer o Grande Expediente para homenagear o Avaí Futebol Clube, pelo título de campeão do Campeonato Catarinense de 2025.",Uso do Grande Expediente para homenagem
"Requer a anexação de abaixo-assinado ao Projeto de Lei n.º 19500/2025, que denomina a praça localizada no bairro Chico Mendes como ""Praça Luiz Filipe Rodrigues"".",Juntada de documento
"MOÇÃO DE APLAUSOS A SENHORA DRA. VANESSA CAVALLAZZI, NOMEADA PROCURADORA-GERAL DE JUSTIÇA DE SANTA CATARINA",Moção de aplausos
"Solicita o desarquivamento do Projeto de Lei n.º 18.091/2020, que ""DECLARA DE UTILIDADE PÚBLICA MUNICIPAL O ""INSTITUTO BABY BASQUETEBOL CIDADANIA"", bem como a anexação dos arquivos pertinentes ao mesmo para apreciação e análise.",Desarquivamento de proposição
Requerimento de pedido de informações sobre a situação do Estacionamento Pio XII,Estacionamentos e vagas rotativas
Moção de Aplausos ao Governo Federal pela proposta que isenta IR de quem ganha até R$ 5 mil,Moção de aplausos
Solicita realização de Sessão Solene em comemoração aos 75 anos da Loja Maçônica 14 de Julho.,Sessão Solene
Requer pedido de informação a respeito da mudança de sede da Secretaria Municipal de Educação,Gestão da Política Educacional
Modifica o art. 1º do Projeto de Lei N.º 19396/2024,Emenda
"Moção de Repúdio ao Senador Plínio Valério (PSDB/AM) pelos ataques misóginos e violentos contra a Ministra do Meio Ambiente, Marina Silva",Moção de repúdio
"Requer a realização de uma Sessão Comemorativa desta Casa Legislativa em homenagem ao Encerramento do Ciclo do Divino Espírito Santo no Município de Florianópolis, podendo ser realizada em duas datas, sendo no dia 01 de outubro ou dia 02 de outubro de 2025.",Sessão Comemorativa
"Indicação a necessidade urgente de pavimentação e recuperação da Servidão João José Adriano, no Córrego Grande.",Manutenção da infraestrutura viária
reestruturação do sistema de esgotamento sanitário da EBM Brigadeiro Eduardo Gomes,Rede de esgotamento sanitário
"Solicitação de limpeza e manutenção urgente da Rua Frei Fabiano de Cristo, 200, bairro Monte Cristo, CEP 88090-490.",Manutenção da infraestrutura viária
"Manutenção e limpeza da ciclovia localizada na SC-401 sul, no novo acesso ao aeroporto no bairro Carianos",Infraestrutura cicloviária
"Requer envio de expediente ao Chefe do Pode Executivo, a fim de avaliar a viabilidade e possibilitar a implementação de faixa exclusiva para ônibus e instalação de sinaleiras nos bolsões",Transporte público
Indicação de roçagem do mato nas dependências e arredores da Escola Aderbal Ramos da Silva,Limpeza Urbana
DISPÕE SOBRE A CONSOLIDAÇÃO DAS LEIS MUNICIPAIS RELATIVAS AO PERÍMETRO URBANO DO MUNICÍPIO DE FLORIANÓPOLIS E DÁ OUTRAS PROVIDÊNCIAS,Perímetro urbano e delimitações
Devido a COSIP não atender este caso vimos requerer a CELESC retirada de poste na Servidão Ida Francisca da Costa - Vargem Grande CEP 88.052-660.,Manutenção de rede elétrica
"ALTERA O ART. 1º DA LEI N. 2408, DE 1986 - DECLARA DE UTILIDADE PÚBLICA O GRÊMIO ESPORTIVO CACHOEIRA.",Título de utilidade pública
"Requer informações à Secretaria Municipal de Saúde e à Secretaria de Infraestrutura sobre as reformas no prédio da antiga UPA Sul, bem como esclarecimentos sobre o destino futuro do imóvel.",Equipamentos públicos de saúde
"Instalação de lombofaixa na Rua Fúlvio Aducci, em frente ao Restaurante Flor de Sal, no bairro Estreito.",Organização do trânsito
"Solicita melhorias nas calçadas pela extensão da Rua Lauro Linhares, no Bairro Trindade",Manutenção da infraestrutura viária
Solicitação de calçamento na Servidão Ida Francisca da Costa CEP 88.052-660 - Vargem Grande.,Manutenção da infraestrutura viária
"Solicita a implementação de medidas de segurança viária na Rua Deputado Antônio Edu Vieira, Bairro Pantanal",Organização do trânsito
"Solicita a revitalização da quadra de vôlei de areia localizada na Rodovia Baldicero Filomeno, no Bairro Ribeirão da Ilha",Criação e manutenção de área de lazer e atividade física
"Requer envio de expediente ao Chefe do Poder executivo, com objetivo de avaliar e implementar a criação de novas vagas na Avenida Hercílio Luz - Centro",Estacionamentos e vagas rotativas
Solicitação de incentivo à inscrição no FETRAN/SC 2025 pelas escolas do município.,Gestão da Política Educacional
"Indica ao Chefe do Poder Executivo e à Secretaria Municipal responsável a necessidade de revitalização e reforma da pista de skate Fernando Martines Moralez Mutton, no Sul da Ilha, visando garantir segurança e melhores condições para a prática do esporte.",Criação e manutenção de área de lazer e atividade física
INDICAÇÃO MANUTENÇÃO DO ESFALTO RUA Inácio Francisco Dias - João Paulo,Manutenção da infraestrutura viária
INDICAÇÃO REPARO DE MURO JOSÉ MENDES,Obras e Reparos Urbanos
"Gostaria de solicitar a recuperação do asfalto que está cedendo ao lado de uma boca de lobo na Rua Kurt Rantour, n: 201, no bairro Estreito. A situação representa um risco iminente para motoristas, pedestres e a infraestrutura urbana.",Manutenção da infraestrutura viária
Indica ao Chefe do Poder Executivo e à Secretaria Municipal de Mobilidade e Planejamento Urbano a necessidade de revisão do tempo de integração do Vale Transporte no sistema de transporte público municipal,Transporte público
"Indica recuperação da calçada no estacionamento do chamado Antigo Trintão, localizado na Avenida Engenheiro Max de Souza, na Praia da Saudade.",Manutenção da infraestrutura viária
"Solicitação de limpeza e manutenção do Ginásio de Esportes Saul Oliveira, localizado no bairro Capoeiras",Criação e manutenção de área de lazer e atividade física
Manutenção estrutural do NEIM Poeta João Cruz e Souza (Regime de urgência),Manutenção da estrutura escolar
"Solicita o recapeamento da Servidão Inácio Francisco Dias, no Bairro João Paulo",Manutenção da infraestrutura viária
"Reiterando a Indicação nº 00473/2025, venho solicitar, em caráter de urgência, a realização do reparo dos buracos na Rua Pastor William Richard Schisler Filho, em frente à Escola de Educação Básica Leonor de Barros, situada no bairro Itacurubi.",Manutenção da infraestrutura viária
Manutenção da estrutura física do NEIM Poeta João Cruz e Souza,Manutenção da estrutura escolar
"Indica a continuidade do asfaltamento da Rua das Pedras, na comunidade Vila Aparecida",Manutenção da infraestrutura viária
Repavimentação da Servidão Inácio Francisco Dias,Manutenção da infraestrutura viária
"Indica a ampliação do horário de ônibus da Linha 665 - Abraão aos finais de semana, especialmente nos horários de manhã e fim de tarde, para atender aos usuários que se deslocam para trabalho e praia",Transporte público
"Solicitação de pavimentação da Servidão Inácio Francisco Dias, no bairro João Paulo.",Manutenção da infraestrutura viária
"Solicita urgente manutenção nas pontes e pela extensão da Servidão João Luzia da Ventura, no Bairro Ratones",Manutenção da infraestrutura viária
Chamamento público dos profissionais componentes da equipe do CAPSI,Trabalhadores da saúde
"Solicita a reposição de lixeiras na Servidão João Luzia da Ventura, no Bairro Ratones",Limpeza Urbana
"Solicita limpeza na Servidão Oscar Aguiar, no Bairro Ratones",Limpeza Urbana
Retirada dos Ônibus abandonados no pátio da EBM João Gonçalves Pinheiro,Limpeza Urbana
"Solicitação de reparo de boca de lobo na Servidão Lambari, bairro Ingleses",Rede de esgotamento sanitário
Solicitação de Reparos no Asfalto na Rua Cristóvam Machado de Campos,Manutenção da infraestrutura viária
"Solicitação de limpeza de Mato na Calçada na Servidão Feliciano Martins Vieira, bairro Itacurubi",Limpeza Urbana
Indicação para Alteração de Trânsito na Rua Luiz Duarte Soares – Rio Vermelho,Organização do trânsito
"solicitação a pavimentação e drenagem da Serv. Brasiliano Francisco de Barcelos, no bairro Rio Vermelho",Manutenção da infraestrutura viária
"Solicitação de limpeza de boca de lobo na Servidão Cassiano Gregório Flor, no bairro Ingleses",Rede de esgotamento sanitário
Indicação a necessidade urgente de pavimentação e recuperação da Servidão Inácio Francisco Dias - João Paulo.,Manutenção da infraestrutura viária
"Gostaria de solicitar a recolocação da placa de “PARE” na Rua Joaquim Nabuco, nº 3204, esquina com Eleosbão Pinto. A ausência dessa sinalização tem causado transtornos e representa um risco significativo para motoristas e pedestres que transitam pelo local.",Organização do trânsito
Indica a necessidade de ampliação e adequação dos horários das linhas que atendem os trabalhadores do Shopping Villa Romana,Transporte público
"Indicação de Instalação de Iluminação Pública na Rua Júlio Petroski,– Rio Vermelho",Iluminação pública
Contratação de arte-terapeuta e terapeuta ocupacional e demais profissionais necessários para composição da equipe multi-disciplinar do CAPSI,Trabalhadores da saúde
"Institui a instalação de banheiros públicos gratuitos com duchas para banho e aberto 24 horas, em pontos estratégicos da cidade de Florianópolis e dá outras providências.  ",Promoção da equidade e combate à discriminação
"Requer a tramitação do Projeto de Lei n. 19.169/2024 na Comissão de Viação, Obras Públicas e Urbanismo",Pedido de tramitação em comissão
Altera a Lei nº 2909/88 para retificar a delimitação da Rua Mário dos Santos,Legalização e denominação de vias e espaços públicos
Emenda Modificativa ao PL 18721/2023  ,Emenda
EMENDA ADITIVA AO PROJETO DE LEI 18.500/2022.,Emenda
SUBSTITUTIVO GLOBAL AO PROJETO DE LEI Nº 19.247/2024,Substitutivo
Emenda Aditiva ao PL 19169/2024,Emenda
"Requer informações sobre o Pacto Nacional de Prevenção aos Feminicídios, Decreto nº 11.640 de 16 de agosto de 2023. ",Política para mulheres
Solicitação de informações complementares e documentos não enviados – Requerimento nº 00190/2025 (Contratos CRESTANI – Mercado Público). Do PI n° 45472/2025.  ,"Compras, contratos e patrimônio público"
DECLARA DE UTILIDADE PÚBLICA MUNICIPAL A ASSOCIAÇÃO SALAH SHINERS CLUB INTERNATIONAL DE SANTA CATARINA,Título de utilidade pública
"Solicitando providências do órgão, no intuito de ampliar a rede de esgoto da Costa da Lagoa, que parte do ponto 19 (Cabral) ao ponto final 23 (Brasiliano).",Rede de esgotamento sanitário
"Requer a realização de reunião ampliada no âmbito da Comissão de Defesa dos Direitos da Mulher e da Promoção da Igualdade de Gênero, em conjunto com o Conselho Tutelar, a fim de relatar sobre a situação das políticas públicas, condições de trabalho e estrutura dos Conselhos Tutelares no município de Florianópolis.",Direitos de Crianças e Adolescentes
"Solicitação de Travessia Elevada na Rua Souza Dutra, nº 926 no bairro Estreito.",Organização do trânsito
Sugere providências ao órgão competente para realização de drenagem e pavimentação em toda extensão da Servidão dos Comerciantes,Manutenção da infraestrutura viária
Aquisição de material para o desenvolvimento das atividades do CAPSI (Regime de urgência),Rede de Atenção Psicossocial (RAPS)
"Sugere que sejam tomadas as providências necessárias, por meio do órgão competente, para a implementação de nova drenagem em toda a extensão da Rua Olavo Juvenal Ramos",Rede de drenagem
"Sugere que sejam tomadas as providências necessárias, por meio do órgão competente, para a poda de uma árvore localizada em frente ao imóvel de número 329, na Rua Olavo Juvenal Ramos, no bairro Campeche.",Limpeza Urbana
Reforma da Pista de Skate das Areias - Bairro Campeche.,Criação e manutenção de área de lazer e atividade física
Solicitação de Instalação de Iluminação Pública na Servidão Pedro Manoel Duarte – Rio Vermelho,Iluminação pública
"Requer envio de expediente ao Chefe do Poder executivo, com o objetivo de viabilizar a ampliação da Avenida Madre Benvenuta, nas imediações da rótula da Udesc - Santa Mônica",Expansão da infraestrutura de mobilidade
"Indicação a instalação de lombadas na Rua Baldicero Filomeno, visando reduzir a velocidade dos veículos e aumentar a segurança dos pedestres e moradores da região.",Organização do trânsito
"Indica ao Poder Executivo Municipal a manutenção e limpeza da trilha da servidão Laurindo José de Sousa até o Morro do Torquato, no Bairro Barra da Lagoa",Limpeza Urbana
"Indica ao Poder Executivo Municipal reparo de buraco no cruzamento da Avenida Rio Branco com a Rua Esteves Júnior, no Centro",Manutenção da infraestrutura viária
"Indica reparos no asfalto afundado na Avenida Marinheiro Max Schramm, no Bairro Jardim Atlântico",Manutenção da infraestrutura viária
"Indica reparo urgente em buraco localizado na Rua Antônio Edu Vieira, no Bairro Pantanal",Manutenção da infraestrutura viária
"Solicita manutenção e reparos nos telhados da Escola Básica Municipal Albertina Madalena Dias, localizada no bairro Vargem Grande",Manutenção da estrutura escolar
"Solicita a manutenção dos brinquedos dos parquinhos da Escola Básica Municipal Albertina Madalena Dias, no bairro Vargem Grande",Manutenção da estrutura escolar
Reforma e melhorias na NEIM Gentil Mathias da Silva - Ingleses.,Manutenção da estrutura escolar
Indicação de necessidade urgente de reforma e manutenção da estrutura da Clínica de Odontologia da Policlínica do Centro.,Equipamentos públicos de saúde
"Requer à Prefeitura Municipal informações sobre as vagas em frente ao recuo do TICEN, na Avenida Paulo Fontes",Estacionamentos e vagas rotativas
DENOMINA VIA PÚBLICA LOCALIZADA NO BAIRRO DO RIO TAVARES COMO SERVIDÃO DOS COMERCIANTES.,Legalização e denominação de vias e espaços públicos
"Requer implementação de terceira via na Rodovia Governador Gustavo Richard, na alça de acesso à Rua Procurador Abelardo Gomes. ",Gestão e Regulação da Mobilidade Urbana
"Requer ao Poder Executivo Estadual a instalação de faixas elevadas na Rodovia SC-405, no Campeche, visando a segurança dos pedestres, especialmente nas proximidades do Supermercado Fort Atacadista.",Organização do trânsito
"Requer informações sobre à obra da avenida beira-mar, na praia de Ingleses",Gestão e Regulação da Mobilidade Urbana
CONCEDE MEDALHA PROFESSOR JOÃO DAVI FERREIRA LIMA AO SENHOR GILBERTO RISTOW MONTIBELLER,Medalha Professor João David Ferreira Lima
"O Vereador que esta subscreve, na forma regimental, solicita o envio de expediente ao Chefe do Poder Executivo, sugerindo providências do órgão competente a fim de solicitar reforma e melhorias na NEIM Vila União - Rua Ramos 5 - nº 128 - Vargem do Bom Jesus.",Manutenção da estrutura escolar
"A vereadora que este subscreve solicita, na forma regimental, o encaminhamento ao Poder Executivo Municipal de Florianópolis de indicação para a implementação de equipes especializadas da Guarda Municipal para atuar na segurança das mulheres em espaços públicos e a necessidade de um atendimento humanizado e eficiente em situações de assédio e outras formas de agressão.",Política para mulheres
"O Vereador que esta subscreve, na forma regimental, solicita o envio de expediente ao Chefe do Poder Executivo, sugerindo providências do órgão competente a fim de solicitar melhorias no Centro de Saúde Abraão - Rua João Meirelles, s/n - Abraão.",Equipamentos públicos de saúde
"A Vereadora que subscreve, no uso de suas atribuições legislativas e com fundamento na Lei Orgânica do Município e no Regimento Interno desta Casa Legislativa, indica à Secretaria Municipal de Infraestrutura e Manutenção da Cidade, na pessoa do Sr. Secretário Rafael Hahne, a necessidade realização de obras de pavimentação e recuperação viária da Servidão Sinfronio José Silveira, nas proximidades do nº 220, Campeche Central, Florianópolis/SC, CEP 88063-705.",Manutenção da infraestrutura viária
"O Vereador que esta subscreve, na forma regimental, solicita o envio de expediente ao Chefe do Poder Executivo e à Secretaria Municipal de Educação, sugerindo providências do órgão competente a fim de que seja realizada a reforma completa e manutenção da quadra de esportes da Escola Básica Municipal Albertina Madalena Dias, localizada no bairro Vargem Grande, com as seguintes melhorias:",Manutenção da estrutura escolar
"O Vereador que esta subscreve, na forma regimental, solicita o envio de expediente ao Chefe do Poder Executivo, sugerindo providências do órgão competente a fim de que sejam instaladas faixas antiderrapantes nas escadas da Escola Básica Municipal Albertina Madalena Dias, localizada no bairro Vargem Grande.",Manutenção da estrutura escolar
"O Vereador que esta subscreve, na forma regimental, solicita o envio de expediente ao Chefe do Poder Executivo, sugerindo providências do órgão competente a fim da realização de revitalização em toda extensão da Avenida Atlântica, Jardim Atlântico.",Manutenção da infraestrutura viária
"O Vereador que esta subscreve, na forma regimental, solicita o envio de expediente ao Chefe do Poder Executivo, sugerindo providências do órgão competente a fim de realização de manutenção nas luminárias de estilo colonial localizadas em toda extensão da rua Felipe Schmidt, Centro.",Iluminação pública
"O Vereador que esta subscreve, na forma regimental, solicita o envio de expediente ao Chefe do Poder Executivo, sugerindo providências do órgão competente a fim de solicitar o chamamento público dos aprovados em concurso público para ocupar os cargos de do CAPSI, sito a Praça Santos Dumont, 124_ Centro:",Trabalhadores da saúde
Indica reparos no Parque de Coqueiros,Criação e manutenção de área de lazer e atividade física
"Venho, por meio deste, solicitar, com máxima urgência, a disponibilização de um ônibus para o transporte de 15 atletas que representarão o Município de Florianópolis em uma importante competição esportiva na cidade de Canoas –RS. O evento será realizado entre os dias 28 e 30 de março de 2025.",Apoio e fomento ao esporte
pedido de informação a COSIP sobre as condições de iluminação da rua de acesso ao NEIM Diamantina (prioridade máxima),Iluminação pública
"Providências do órgão competente a fim impedir o despejo de esgoto a céu aberto na Praia do Forte, Norte da Ilha.",Rede de esgotamento sanitário
Reavaliação urgente do esgoto a céu aberto na Praia do Morro das Pedras,Rede de esgotamento sanitário
Requer o Arquivamento da MOÇÃO N.º 00011/2025 de Autoria deste vereador.,Arquivamento de proposição
PROÍBE A DISPONIBILIZAÇÃO DE CARDÁPIO EM MEIO EXCLUSIVAMENTE DIGITAL EM ESTABELECIMENTOS COMERCIAIS NO MUNICÍPIO DE FLORIANÓPOLIS E DÁ OUTRAS PROVIDÊNCIAS.,Acessibilidade
Requer à Secretaria Municipal de Educação informações acerca de ampliação no NEIM Maria Barreiros,Gestão da Política Educacional
SUBSTITUTIVO GLOBAL PDL 2509/2023,Substitutivo
"DISPÕE SOBRE A CRIAÇÃO DO BAIRRO CAMPECHE, NO DISTRITO DO CAMPECHE.",Perímetro urbano e delimitações
EMENDA N.º 00021/2025 AO PROJETO DE LEI COMPLEMENTAR N.º 01917/2023,Emenda
"Requer informações sobre o corte de árvores no Bairro Itacorubi, em Florianópolis",Vegetação e arborização urbana
Pedido de reforma e manutenção predial no NEIM Diamantina Bertolina da Conceição,Manutenção da estrutura escolar
"Venho, por meio desta, solicitar com urgência a manutenção de um buraco de grande porte localizado na Rua Prefeito Gasparino Dutra, nº 227, no bairro Jardim Atlântico, que tem causado sérios transtornos à população. A situação se agravou significativamente, representando um risco iminente para motoristas, motociclistas, ciclistas e pedestres.",Manutenção da infraestrutura viária
"Gostaria de solicitar, com urgência, a manutenção e o reparo de um vazamento de esgoto localizado na Rua José Luiz Vieira, nº 829, no bairro Jardim Atlântico. O problema tem causado transtornos significativos aos moradores e exige uma solução imediata.",Rede de esgotamento sanitário
"Venho por meio deste solicitar, em caráter de urgência, a realização de uma vistoria em um terreno baldio localizado na Rua Custódio Fermino Vieira, ao lado do número 1010, no bairro Saco dos Limões, visando à sua limpeza.",Limpeza Urbana
"Solicitação de estrutura de proteção/cobertura no ponto de ônibus na Rua Fabriciano Inácio Monteiro, nº 1942 - Vargem do Bom Jesus.",Manutenção de pontos de ônibus
"Indica o reparo de buraco na Servidão Maria José Pereira, no Bairro Carianos",Manutenção da infraestrutura viária
"Solicita reparo em via na Rua Antonieta de Barros, no Bairro Estreito",Manutenção da infraestrutura viária
"Solicita instalação de placa de área escolar na Transcaieira, em frente ao NEIM Evandro de Souza",Segurança nas escolas e entorno escolar
Requer utilização do Grande Expediente em comemoração aos 18 anos do PROCON Municipal.,Sessão Comemorativa
Requer informações sobre profissionais de limpeza do NEIM Diamantina Bertolina da Conceição.,Terceirização de serviço
"INSTITUI O MÊS DE MEMÓRIA DAS PESSOAS DESAPARECIDAS, VÍTIMAS E PRESAS POLÍTICAS DURANTE A DITADURA MILITAR BRASILEIRA, NO CALENDÁRIO OFICIAL DO MUNICÍPIO DE FLORIANÓPOLIS.",Mês Municipal
Requer a juntada de documento ao Projeto de Lei N.º 19423/2024,Juntada de documento
Requer informações sobre o apagamento de obras de arte históricas e culturais no centro de Florianópolis,Patrimônio cultural
"DISPÕE SOBRE A CRIAÇÃO DE CARGOS NA ESTRUTURA ADMINISTRATIVA DA CÂMARA MUNICIPAL DE FLORIANÓPOLIS DESTINADOS ÀS PESSOAS COM DEFICIÊNCIA, INCLUI DISPOSTIVOS NA RESOLUÇÃO N. 837 E DÁ OUTRAS PROVIDÊNCIAS  ",Gestão de pessoas e carreira no serviço público
"Senhor Presidente, O Vereador que este subscreve, na forma regimental, requer o envio de expediente para CELESC, sugerindo providências do órgão competente a fim de que se realize a poda das árvores na região da Lagoa da Conceição.",Limpeza Urbana
Requer informações a Secretaria de Educação referente a resposta a Ação Popular nº 5014931-34.2025.8.24.0023.,Gestão da Política Educacional
"“Dispõe sobre a alteração do art. 1º da Lei nº 7.007 de 2006 (Extensão de denominação da Servidão Eliete Vieira de Melo) via pública no Bairro de Ratones, nesta Capital.”  ",Legalização e denominação de vias e espaços públicos
"Indica a implementação de duas faixas elevadas na Rua Silva Jardim, no Centro",Organização do trânsito
"Solicitar que seja feito a recuperação do pavimento na Rua Alves de Brito, nº 275, Centro, Florianópolis.",Manutenção da infraestrutura viária
Ampliação da Frequência de Coleta Seletiva no Bairro Carianos,Limpeza Urbana
Averiguação de irregularidade sanitária em terreno situado na Vargem Grande.,Controle sanitário e vigilância em saúde
"Indica substituição dos extintores de incêndio da Escola Básica Municipal Albertina Madalena Dias, localizada no bairro Vargem Grande",Manutenção da estrutura escolar
"Solicita reparos e melhorias urgentes nos banheiros da Escola Básica Municipal Albertina Madalena Dias, localizada no bairro Vargem Grande.",Manutenção da estrutura escolar
"Indica melhorias e reparos urgentes nos banheiros do NEIM (Núcleo de Educação Infantil Municipal) da Escola Básica Municipal Albertina Madalena Dias, localizada no bairro Vargem Grande",Manutenção da estrutura escolar
"Solicitação de recolha de lixo pesado na Servidão Paulinho Joaquim da Cunha, n°6, no bairro Ingleses do Rio Vermelho, em Florianópolis.",Limpeza Urbana
"Indica o conserto do portão grande da Escola Básica Municipal Albertina Madalena Dias, localizada no bairro Vargem Grande",Manutenção da estrutura escolar
"Indica pintura completa da Escola Básica Municipal Albertina Madalena Dias, localizada no bairro Vargem Grande",Manutenção da estrutura escolar
"Solicita reparos em porta na Escola Básica Municipal Albertina Madalena Dias, localizada no bairro Vargem Grande",Manutenção da estrutura escolar
"Solicita reparos no sistema de interfone da Escola Básica Municipal Albertina Madalena Dias, localizada no bairro Vargem Grande",Manutenção da estrutura escolar
"Solicita a instalação de grade de proteção na janela do depósito da Escola Básica Municipal Albertina Madalena Dias, localizada no bairro Vargem Grande.",Manutenção da estrutura escolar
"Solicitação de limpeza e conserto da escada localizada na Rua Poe. Francisco Machado de Souza, no bairro Estreito.",Acessibilidade
Disponibilização de banheiros químicos e tendas para evento cultural na Comunidade Chico Mendes,Evento Cultural
"Solicitação de infraestrutura para o evento ""Páscoa Solidária"", incluindo banheiros químicos e tendas, na Comunidade Chico Mendes.",Evento Cultural
REQUER AVALIAÇÃO DA REDE PLUVIAL E MANUTENÇÃO DO ESCOAMENTO NO BAIRRO CARIANOS PRÓXIMO A RUA RUA SAUL SILVEIRA PENHA,Rede de drenagem
Requer a realização de audiência pública para tratar de assunto referente à proliferação de pombos nas praças da região continental de Florianópolis.,Controle sanitário e vigilância em saúde
"Requer a realização de Audiência Pública no âmbito da Comissão de Trabalho, Legislação Social e Serviço Público da Câmara Municipal de Florianópolis, para debater as condições de trabalho e direitos dos motoboys e entregadores por aplicativo.",Direitos e condições de trabalho
"Requer a realização de reunião ampliada no âmbito da Comissão de Pesca, da Maricultura, da Agricultura e Assuntos do Mar - CPMAAM para discussão sobre temas relacionados à demora na regularização de ranchos de pesca, safra da tainha 2025, utilização da rede feiticeira e pesca de camarão nas baías sul e norte de Florianópolis/SC.",Regularização fundiária
Requer ao Poder Executivo cópia dos autos do processo PMF 00028307/2025,Acesso a documentos
"INSTITUI O PROGRAMA MUNICIPAL, DENOMINADO DE “DESPERTAR DO AUTISMO”, DE ATENDIMENTO INTEGRADO À PESSOA COM TRANSTORNO DO ESPECTRO AUTISTA (TEA) E SUAS FAMÍLIAS, E DÁ OUTRAS PROVIDÊNCIAS.","Gestão de Políticas Sociais, de Direitos e Equidade"
"ALTERA A LEI Nº 11.252/2024 PARA RECONHECER ÀS PESSOAS COM FIBROMIALGIA, SÍNDROME DA FADIGA CRÔNICA E SÍNDROME DA DOR REGIONAL COMPLEXA OS MESMOS DIREITOS DAS PESSOAS COM DEFICIÊNCIA",Pessoas com deficiência e neurodivergentes
"Recurso contrário ao Requerimento nº 00234/2025, que propõe a instauração de Comissão Parlamentar Especial para tratar das Unidades de Conservação.",Comissão Parlamentar Especial
SUBSTITUTIVO GLOBAL AO PLC 1976/2025 - (MENSAGEM 017/2025).,Substitutivo
"Gostaria de pedir a realização de uma ação emergencial de limpeza e manutenção no Cemitério São Cristóvão, localizado na Av. Gov. Ivo Silveira, 1771 - Estreito",Limpeza Urbana
"Indicação de construção de Muro de Contenção no Talude da Servidão Joaquim Mendes de Euriques, nº 111 – Comunidade do Horácio – Florianópolis/SC.",Manutenção de estrutura
"Solicitar instalação de uma faixa de elevação na Rua Joaquim Nabuco, nº 2875, no bairro Monte Cristo, em frente à Unidade Escolar EEB América Dutra Machado.",Organização do trânsito
"Instalação de lixeiras na Rua João Meirelles, 1009 - Bairro Abraão",Limpeza Urbana
Solicita a instalação de placa de identificação da Escola EBM Albertina Madalena Dias,Manutenção da estrutura escolar
"Solicita a revisão da instalação elétrica da Escola Básica Municipal Albertina Madalena Dias, localizada no bairro Vargem Grande",Manutenção da estrutura escolar
"Solicita instalação de portões de grade nas laterais da Escola Básica Municipal Albertina Madalena Dias, localizada no bairro Vargem Grande",Manutenção da estrutura escolar
"Indica a aquisição de mobiliário e utensílios essenciais para a Escola Básica Municipal Albertina Madalena Dias, no bairro Vargem Grande",Aquisição de equipamentos e mobiliário escolar
"Indica melhorias na infraestrutura tecnológica da Escola Básica Municipal Albertina Madalena Dias, localizada no bairro Vargem Grande",Manutenção da estrutura escolar
"Solicita a instalação de banheiros autolimpantes ou, na impossibilidade, a recolocação de banheiros químicos na região central e no centro-leste à Secretaria Municipal de Infraestrutura e ao Executivo Municipal",Promoção da equidade e combate à discriminação
"Solicita a poda das árvores que afetam o telhado da Escola Básica Municipal Albertina Madalena Dias, localizada no bairro Vargem Grande",Limpeza Urbana
"Solicita a a manutenção do toldo da entrada da Escola Básica Municipal Albertina Madalena Dias, localizada no bairro Vargem Grande",Manutenção da estrutura escolar
"Indica a contratação de uma bibliotecária para a Escola Básica Municipal Albertina Madalena Dias, localizada no bairro Vargem Grande.",Trabalhadores da educação
Indica a melhoria dos sistemas de climatização para a sala da secretaria e sala da administração da Escola Básica Municipal Albertina Madalena Dias,Manutenção da estrutura escolar
"Solicitação de Redutores de Velocidade na Rua Capitão Romualdo de Barros, 126 - Bairro Saco dos Limões",Organização do trânsito
Solicitação de limpeza e desobstrução da vala na Rua Fabriciano Inácio Monteiro Vargem do Bom Jesus,Limpeza Urbana
Solicitação de reparos no asfalto da Rua Fabriciano Inácio Monteiro,Manutenção da infraestrutura viária
"Indica reparo em buraco localizado na Rua Rui Barbosa, no bairro Agronômica",Manutenção da infraestrutura viária
"Indica a instalação de identificação e abrigo de ponto de ônibus na Praça Francisco Germano da Costa, no bairro Canasvieiras",Manutenção de pontos de ônibus
"Solicitar a criação do Centro Social Urbano da Coloninha, com a finalidade de oferecer projetos sociais e atendimento à comunidade local.",Criação e manutenção de área de lazer e atividade física
Solicitação de um novo parquinho na Arena de Esporte e Lazer Prainha-Mocotó.,Criação e manutenção de área de lazer e atividade física
Inclusão de mais horários de ônibus na linha 170 - Caminho da Cruz via João Paulo.,Transporte público
Manutenção do muro na Rua Príncipe nº 188 - Monte Verde.,Manutenção de estrutura
EMENDA MODIFICATIVA AO  Art. 1º do PROJETO DE LEI Nº 18908/2023,Emenda
EMENDA MODIFICATIVA AO  Art. 1º do PROJETO DE LEI Nº 18858/2023,Emenda
SUBSTITUTIVO GLOBAL AO PROJETO DE LEI N. 18.803/2023,Substitutivo
EMENDA MODIFICATIVA AO PL N. 18731/2023.,Emenda
Moção de aplausos e reconhecimento aos trabalhadores que realizam entregas por aplicativo no Brasil.,Moção de aplausos
"Altera e inclui dispositivos à Lei n. 11.324 de 12 de dezembro de 2024 que “Dispõe sobre a realização de atividades na Semana Municipal do Autista, incluída no Anexo II da Lei nº 10.482, de 2019”.  ",Semana Municipal
"ALTERA A LEI Nº 10.372, DE 25 DE ABRIL DE 2018, QUE ATRIBUI À SECRETARIA MUNICIPAL DE ADMINISTRAÇÃO A COORDENAÇÃO DO PROGRAMA MUNICIPAL CRECHE E SAÚDE JÁ",Organização administrativa e estrutura governamental
Indicação de liderança de Bloco Parlamentar ,Bloco Parlamentar
Declara de utilidade pública o Instituto Torino para Desenvolvimento do Esporte e Pessoas   (TODESP),Título de utilidade pública
"Requer a realização de Reunião Ampliada, no âmbito da Comissão de Trabalho, Legislação Social e Serviço Público, para debater a situação do Ensino de Jovens e Adultos na cidade de Florianópolis.",Educação de jovens e adultos (eja)
EMENDA MODIFICATIVA AO PL N. 18492/2022.,Emenda
Dispõe sobre a criação do programa “Selo Amigo da Inclusão Autista” e da outras providências.  ,"Gestão de Políticas Sociais, de Direitos e Equidade"
"Reiterando a Indicação n° 00349/2025, venho informar que o buraco na Travessa Rodolfo Silva, em frente ao n° 185, no bairro Jardim Atlântico",Manutenção da infraestrutura viária
"Em visita ao Núcleo de Educação Infantil Municipal (NEIM) Nagib Jabor, localizado na Rua Prof. Clementino de Brito, nº 570, no bairro Capoeiras, constatou-se que as condições dessa unidade não estão de acordo com as necessidades para uma educação de qualidade. A falta de manutenção é evidente, colocando em risco as crianças e os funcionários da instituição.",Manutenção da estrutura escolar
"Solicita realocação imediata de ponto de ônibus da Rua Leonel Pereira, no bairro Cachoeira do Bom Jesus Leste",Manutenção de pontos de ônibus
Desobstrução das bocas de lobo na Servidão Tio Bento - Centro - Comunidade Monte Serrat.,Rede de esgotamento sanitário
"O Vereador que esta subscreve, na forma regimental, solicita o envio de expediente ao Chefe do Poder Executivo, solicitando o desassoreamento do Rio Ratones, partindo dos pontos próximos à Associação dos Pescadores do Rio Ratones (Rua João Januário da Silva, nº 5665, bairro Ratones, até a desagua no bairro da Daniela), no norte da ilha desta Capital.",Gestão e proteção de corpos hídricos e áreas associadas
"Indicação de providências para reparo da irregularidade no pavimento na Rua Júlio Vieira, nº 201.",Manutenção da infraestrutura viária
Requer informações sobre o programa “Lixo Zero na Educação” no NEIM Diamantina Bertolina da Conceição,Gestão da Política Educacional
"Requer a substituição da Vereadora Tânia Ramos na CCJ na vaga da Vereadora Carla Ayres, por tempo determinado.",Outros requerimentos
"PROPOSTA À ALESC PARA A INSTITUIÇÃO DO FERIADO ESTADUAL DE SANTA CATARINA EM ALEXANDRIA, NO DIA  25 DE NOVEMBRO.",Dia Estadual
"Requer a instauração de uma Comissão Parlamentar Especial (CPE), nos termos do Art. 50 do Regimento Interno desta Casa Legislativa.",Pessoas em vulnerabilidade ou risco social
"Moção de aplausos em honra ao Conselho Comunitário Fazenda do Rio Tavares, que completa 40 anos de fundação no dia 25/05/2025.",Moção de aplausos
"Requer-se à CASAN que averigue e tome as devidas providências quanto a um buraco aberto na Rua Jornalista Orion Augusto Plat, nº 56, no bairro Jardim Atlântico.",Manutenção da infraestrutura viária
Emenda aditiva 1 - Projeto de Lei n. 18314/2021,Emenda
Emenda aditiva 2 - Projeto de Lei n. 18314/2021,Emenda
Emenda aditiva 3 - Projeto de Lei n. 18314/2021,Emenda
Requerimento de pedido de informações sobre a possibilidade de ampliação do prazo para regularização de imóveis  nos termos das Leis Municipais nº 374/2010 e nº 707/2021,Regularização fundiária
Requer informações sobre o número de vagas em creche de período integral e a fila de espera no município.,Vagas em creches e escolas
Requer-se ao Poder Executivo informações acerca do gasto com frota de veículos oficiais no âmbito deste município,Acesso a documentos
Manutenção no buraco na Servidão da Felicidade - Saco dos Limões.,Manutenção da infraestrutura viária
Pista para ciclismo na rua Santos Saraiva - Estreito.,Infraestrutura cicloviária
"Sugere a adoção do Sistema Suspenso de Organização de Fibras (SOF), iniciativa implementada pelo empresário Júnior Bohn para a organização de fios.",Manutenção de estrutura
"Sugere providências por meio do órgão competente, para a revitalização de toda a extensão da Rua das Opalas, localizada no bairro Pântano do Sul, especificamente na região dos Açores.",Manutenção da infraestrutura viária
"Sugere providências por meio do órgão competente, para a revitalização do pavimento em toda a extensão da Servidão João Basílio da Cunha, bem como a implantação de um sistema de drenagem adequado. A via está localizada no bairro Alto Ribeirão.",Manutenção da infraestrutura viária
"Sugere providências ao órgão competente para realização de drenagem e pavimentação em toda extensão da Servidão Vitórias, localizada no Bairro Campeche, via essa a qual é oficial e não foi contemplada com tais serviços de infraestrutura.",Manutenção da infraestrutura viária
"Solicitação de limpeza e manutenção do córrego existente entre a Estrada Rozália Paulina Ferreira, n. 786, e a Servidão Caminho do Engenho, no bairro Armação.",Gestão e proteção de corpos hídricos e áreas associadas
"Solicitação de fiscalização de residência com piscina e quintal abandonados, na Travessa das Orquídeas, n. 85, bairro Carvoeira, CEP 88040-540.",Imóveis abandonados
"Sugere ao Poder Executivo que providencie a entrega dos óculos fornecidos pela Ótica Popular, localizada no Multihospital, diretamente nas Unidades Básicas de Saúde (UBSs) de referência dos pacientes, visando facilitar o acesso ao serviço e reduzir o número de óculos não retirados",Equipamentos públicos de saúde
"Solicita remoção de entulho na Rua Mauro de Carvalho, nº 57 – Bairro Monte Cristo.",Limpeza Urbana
"Realização de limpeza do Rio Sangradouro da Armação, iniciando na parte da Lagoa do Peri, na Rua Túlio de Oliveira, estendendo-se por toda sua extensão – Bairro Armação",Gestão e proteção de corpos hídricos e áreas associadas
Solicitação de medidas de segurança ao redor do Colégio Adventista no Centro de Florianópolis.,Segurança nas escolas e entorno escolar
"Indica a necessidade de implantação de sistema de drenagem e escoamento nas imediações da Servidão Damásio e da Avenida Campeche, próximo à ponte e à quadra de vôlei, visando prevenir alagamentos e atender à demanda da comunidade local.",Rede de drenagem
"Indica ao Poder Executivo a necessidade de continuidade do asfaltamento da Servidão Aristides Euzébio Coelho, no bairro São João do Rio Vermelho, tendo em vista que apenas parte da via foi contemplada com pavimentação.",Manutenção da infraestrutura viária
Manutenção no calçamento na Servidão da Felicidade - Saco dos Limões.,Manutenção da infraestrutura viária
"O Vereador que este subscreve, na forma regimental, requer com fulcro no Regimento Interno desta Casa, requer o ARQUIVAMENTO do PROJETO DE LEI N.º 18.646/2023.",Arquivamento de proposição
Requer informações a respeito da segurança nas escolas e creches municipais,Segurança nas escolas e entorno escolar
Indica nome de membro do Bloco PSOL/PT em Comissão Parlamentar Especial.,Comissão Parlamentar Especial
"Requer a realização de Reunião Ampliada no âmbito da Comissão de Orçamento, Finanças e Tributação para debater o PL 19478/2025, que trata da desafetação e alienação de imóvel público.","Compras, contratos e patrimônio público"
Requer o desarquivamento de Projetos de Lei anteriormente apresentados nesta Casa Legislativa,Desarquivamento de proposição
"ALTERA O ART. 1º DA LEI N. 3.767, DE 1992 - DECLARA DE UTILIDADE PÚBLICA A ASSOCIAÇÃO MUSICAL E RECREATIVA LAPA.",Título de utilidade pública
Requer a juntada de documentação ao Projeto de Lei nº 19478/2025,Juntada de documento
Solicita ampliação da grade de horários da linha 470 - Tapera/TITRI.,Transporte público
"Solicita sinalização de trânsito na esquina da Rua Ogê Fortkcamp com a Rua Francisco Goularte, no Trindade.",Organização do trânsito
Solicita limpeza e manutenção do Cemitério de Coqueiros.,Limpeza Urbana
Manutenção do Bosque Pedagógico da EBM Intendente Aricomedes da Silva (EBIAS).,Manutenção da estrutura escolar
Solicitação da a pavimentação e drenagem da Servidão Aquífero Guarani,Manutenção da infraestrutura viária
Melhoria no Trânsito na Rua Almirante Alvim - Centro.,Organização do trânsito
Indica a revitalização completa e limpeza da Praça do Carianos,Criação e manutenção de área de lazer e atividade física
"Indica mudança da localização da faixa de pedestres no cruzamento entre a Rua do Gramal e a Avenida Pequeno Príncipe, no Bairro Carianos.",Organização do trânsito
Solicita o reparo de iluminação pública na Vila Aparecida.,Iluminação pública
reforma da biblioteca da EBM Adotiva Liberato Valentim,Manutenção da estrutura escolar
Manutenção da cobertura da quadra poliesportiva da EBM Adotiva Liberato Valentim,Manutenção da estrutura escolar
"Solicitar a manutenção e o reparo de buraco localizado na Rua Senador Alberto Pasqualini, nas proximidades do número 139, no bairro Coloninha.",Manutenção da infraestrutura viária
manutenção da pintura da quadra poliesportiva da EBM Adotiva Liberato Valentim,Manutenção da estrutura escolar
Manutenção dos brinquedos do parque da EBM Adotiva Liberato Valentim,Manutenção da estrutura escolar
CONCEDE MEDALHA HERBERT DE SOUZA AO TEACORDA,Medalha Herbert de Souza
Requer encerramento da discussão do PELO n. 110/2025.,Encerramento de discussão
" Vereador que este subscreve, na forma regimental, requer o envio de expediente para a Secretaria do Estado de Infraestrutura do Governo de Santa Catarina, solicitando a revitalização das duas faixas (esquerda e direita) do acostamento e canaletas no km 21 da SC 406, Rodovia Jornalista Manoel de Menezes, acesso à praia da Barra da Lagoa.",Manutenção da infraestrutura viária
Requer à Prefeitura Municipal de Florianópolis e à Secretaria Municipal do Meio Ambiente informações sobre a proibição de piqueniques no Jardim Botânico,Criação e manutenção de área de lazer e atividade física
"Requer à CASAN verificação de vazamento de esgoto na Avenida Ângelo Crema, no Jardim Anchieta",Rede de esgotamento sanitário
"Indica a manutenção e melhorias na EBM Maria Conceição Nunes, no bairro São João do Rio Vermelho",Manutenção da estrutura escolar
"instalação de um chuveiro de praia à margem do passeio público, próximo à esquina com a Servidão Jaci Guedes, visando melhorar a infraestrutura urbana e o bem-estar dos frequentadores – Armação.",Criação e manutenção de área de lazer e atividade física
"instalação de lixeiras ao longo da Rodovia Luiz Antônio Moura Gonzaga, nas proximidades do número 4276, próximo à Rua Pau de Canela, visando a promoção da limpeza urbana e preservação ambiental no bairro Rio Tavares.",Limpeza Urbana
"Retirada de poste posicionado em frente à garagem localizada na Servidão Paulo Vieira, nº 76B",Manutenção da infraestrutura viária
Solicita a análise e poda de árvores na Avenida Mauro Ramos (Centro) que oferecem risco à vida de motoristas que trafegam pela via.,Limpeza Urbana
Necessidade de implantação de placa de proibição de estacionamento para melhorar a fluidez do trânsito na Rua Apeninos – Córrego Grande.,Organização do trânsito
"Necessidade de instalação de placa com o nome da via na Rua Apeninos, visando facilitar a identificação e orientação no local – Córrego Grande.",Organização do trânsito
Instalação de placas de proibido estacionar visando a melhoria da mobilidade e segurança na Servidão Paulo Vieira – Campeche.,Organização do trânsito
"realização de reparos na via da Rodovia Baldicero Filomeno, no Bairro Ribeirão da Ilha, Freguesia do Ribeirão, na altura do número 7474",Manutenção da infraestrutura viária
"Solicitação de mudança da Lei nº 10.540, de 15 de maio de 2019, que estabelece a estrutura e o funcionamento do Conselho Tutelar de Florianópolis.",Gestão de pessoas e carreira no serviço público
Sugestão de retorno da linha de ônibus circular que atendia o centro da cidade.,Transporte público
"Solicitação de limpeza e desobstrução da Rua Frei Fabiano de Cristo, entorno do n.180, bairro Monte Cristo, CEP 88090-490.",Limpeza Urbana
Fornecimento de detergentes adequados a higienização dos caminhões da coleta de lixo da COMCAP,"Compras, contratos e patrimônio público"
"Solicitação de providências urgentes referentes às demandas da Escola Básica Municipal Maria Conceição Nunes, no Rio Vermelho.",Manutenção da estrutura escolar
"Solicitação de implementação urgente de rede de esgoto na Rua Laurindo José de Souza, próximo ao n. 895, e providências sobre a contaminação do lençol freático no bairro Barra da Lagoa.",Rede de esgotamento sanitário
"Solicitação de providências referentes à iluminação na área destinada aos pedestres na Avenida da Saudade, no bairro Itacorubi.",Iluminação pública
"Solicitar drenagem e desobstrução da rede pluvial na Rua Elesbão Pinto da Luz, nº 1245, no bairro Jardim Atlântico.",Rede de drenagem
Solicitar 4 (quatro) tubos de concreto com 90 cm de diâmetro para a comunidade da Vila Aparecida.,Rede de esgotamento sanitário
"Solicita repintura da ciclofaixa da Avenida Pequeno Príncipe, localizada no bairro Campeche",Infraestrutura cicloviária
"Contratação imediata de mecânico, eletricista e soldador para oficina do LIMPU_ COMCAP",Gestão de pessoas e carreira no serviço público
Requer juntada de documentos no processo legislativo de tramitação do Projeto de Lei n. 19.478/2025,Juntada de documento
Requerimento de informações a respeito do Cadastro Estadual da Pessoa em Situação de Rua,Pessoas em vulnerabilidade ou risco social
Requerimento de convocação de sessões itinerantes da Câmara Municipal de Florianópolis.,Sessões Itinerantes
"Nos termos do art. 96, § 2º, do Regimento Interno, requer a realização de Tribuna Livre em Sessão Plenária para o FMUSUAS.","Gestão de Políticas Sociais, de Direitos e Equidade"
Solicita ao CCZ visita a EBM Adotiva Liberato Valentim para controle da população de pombos na escola (regime de urgência),Controle sanitário e vigilância em saúde
"Construção de coberturas em duas áreas da EBM Intendente Aricomedes da Silva (EBIAS), no bairro Cachoeira do Bom Jesus.",Ampliação da rede física escolar
Indica a necessidade de reforma completa da Praça da Pista de Skate de Rua Areias do Campeche,Criação e manutenção de área de lazer e atividade física
"Solicita melhorias urgentes na Escola Básica Municipal Herondina Medeiros Zeferino, localizada no Bairro Ingleses do Rio Vermelho",Manutenção da estrutura escolar
Solicita informações sobre o andamento da obra de implantação de campo sintético financiada por emenda impositiva no bairro Monte Cristo.,Criação e manutenção de área de lazer e atividade física
Melhoria na segurança dos NEIM's no Município.,Segurança nas escolas e entorno escolar
Manutenção na Rua Saul Silveira Penha - Carianos.,Manutenção da infraestrutura viária
Manutenção telhado na EBM Dilma Lúcia dos Santos - Armação do Pântano do Sul.,Manutenção da estrutura escolar
"Solicitação de reparos no asfalto da rua desembargador Flávio tales da cunha melo, coqueiros",Manutenção da infraestrutura viária
"Revitalização da Praça do Canto, localizada na Rua Santa Rita de Cássia, nº 1282 – Bairro Canto",Criação e manutenção de área de lazer e atividade física
"Solicitando a pavimentação da Rua José Machado Simas, localizada no bairro Monte Cristo, em Florianópolis.",Manutenção da infraestrutura viária
"Solicitando a pavimentação da Rua Frei Fabiano de Cristo, localizada no bairro Monte Cristo.",Manutenção da infraestrutura viária
"Solicitar a pavimentação da Rua Nossa Senhora do Rosário, no bairro Jardim Atlântico.",Manutenção da infraestrutura viária
Indicação de notificação da empresa contratada para a produção e entrega das agendas escolares.,Material didático
"Indica reparos na Rua Coronel Pedro Demoro, no Bairro Estreito",Manutenção da infraestrutura viária
"Solicita poda de árvores na Servidão João Rocha, no Bairro Campeche",Limpeza Urbana
"Inclui item no Anexo I da Lei N. 10.482, de 2019 - Dia de Conscientização Contra a Mutilação Infantil",Dia Municipal
"“Dispõe sobre a denominação da Servidão José Alberto Morais Silveira, via pública no bairro de Canasvieiras, nesta Capital.”",Legalização e denominação de vias e espaços públicos
Requer informações sobre à política de acolhimento feita no novo Centro Multiuso da Pessoa Idosa no Clube 12 de agosto.,Promoção da equidade e combate à discriminação
Requer que o Poder Executivo Municipal ou o Líder de Governo solicitem o arquivamento do Projeto de Lei n. 19.478/2025,Arquivamento de proposição
"Instalação de uma quadra de grama sintética, promovendo o esporte, lazer e qualidade de vida no Bairro Carianos.",Criação e manutenção de área de lazer e atividade física
"avaliação técnica do sistema de escoamento e implementação de melhorias na rede pluvial da Rua dos Eucaliptos, no Bairro Campeche",Rede de drenagem
Pedido de realização de concurso público para preenchimento imediato do quadro completo de servidores da COMCAP,Gestão de pessoas e carreira no serviço público
"Solicitação de manutenção do teto do Centro de Educação Continuada EJA (Educação para Jovens e Adultos), na Rua Ferreira Lima, n. 82, no Centro, CEP 88015-420.",Manutenção da estrutura escolar
"Solicita limpeza, manutenção e sinalização da Praça Adir Manoel da Cunha (Mestre Dica), no Canto.",Criação e manutenção de área de lazer e atividade física
Manutenção do ginásio poliesportivo da EBM João Gonçalves Pinheiro,Manutenção da estrutura escolar
"Solicita reparo de buraco na Rua São Bento, em frente ao comércio Luciandro Repasses, no Bairro Capoeiras.",Manutenção da infraestrutura viária
"Solicita reparo em buraco no cruzamento das ruas Evaldo Schaeffer e Melvin Jones, no Bairro Jardim Atlântico",Manutenção da infraestrutura viária
"Solicita a limpeza dos bueiros localizados no Calçadão João Pinto, no Centro-Leste",Rede de esgotamento sanitário
Recolocação de ônibus na Rua Auroreal (Campeche),Transporte público
Instalação de boca de lobo na Rua Maria Pires Linhares,Rede de esgotamento sanitário
"Gostaria de solicitar à Secretaria de Meio Ambiente que seja providenciada a instalação de uma lixeira na Rua Osvaldo de Oliveira, nº 170, no bairro Morro da Caixa. Essa solicitação se faz necessária, pois, segundo relatos de moradores e pessoas que circulam pela região, a ausência de uma lixeira tem causado diversos transtornos.",Limpeza Urbana
"Indica a instalação de iluminação, câmeras e portão eletrônico no NEIM Diamantina Bertolina da Conceição, no bairro Rio Tavares",Manutenção da estrutura escolar
Aumento dos muros na Creche Stella Maris - Ponta das Canas.,Manutenção da estrutura escolar
Indica ao Executivo Municipal e à Secretaria Municipal de Infraestrutura e Manutenção da Cidade a revisão e instalação de placas de sinalização de trânsito nas vias da Barra da Lagoa,Organização do trânsito
"Indica ao Poder Executivo Municipal e à Secretaria do Continente a realização de reparo da Rua Melvin Jones, no bairro Jardim Atlântico.",Manutenção da infraestrutura viária
"Indica ao Poder Executivo Municipal a realização de obras de drenagem pluvial nas ruas dos Eucaliptos, Auroreal, Lomba do Sabão e adjacências, no bairro Campeche, diante de recorrentes alagamentos.",Rede de drenagem
Solicitação de corrimão e escadaria na Rua General Vieira da Rosa nº 1249 - Centro.,Acessibilidade
Solicitação do restante de calçamento na Servidão Marcelino Antônio Nunes - Vargem do Bom Jesus.,Manutenção da infraestrutura viária
Solicitação de calçada para pedestre na Estr. Cristóvão Machado de Campos - Vargem Grande.,Manutenção da infraestrutura viária
Solicitação de calçamento na Servidão Joaquina Maria dos Santos - Vargem do Bom Jesus.,Manutenção da infraestrutura viária
Solicitação de contentores de lixo para o NEIM Waldemar da Silva Filho,Limpeza Urbana
desobstrução de bocas de lobo da Rua Maria Pires Linhares e ruas circunvizinhas e aceleração da repavimentação da região,Rede de esgotamento sanitário
"Solicitação de providências urgentes referentes à mobilidade na Estrada Cristóvão Machado de Campos, no trecho que liga os bairros Rio Vermelho e Vargem Grande.",Organização do trânsito
"Solicitar a pavimentação da Rua Servidão Frei Damião, no bairro Monte Cristo, região continental de Florianópolis.",Manutenção da infraestrutura viária
"Solicitar a pavimentação da Servidão Butiá, localizada no bairro Monte Cristo.",Manutenção da infraestrutura viária
"Pavimentação da Rua Nova Esperança, situada no bairro Monte Cristo.",Manutenção da infraestrutura viária
"Solicitar a pavimentação da Servidão das Goiabeiras, do bairro Monte Cristo.",Manutenção da infraestrutura viária
"Solicitar a pavimentação da Servidão Irmã Dulce, localizada no bairro Monte Cristo.",Manutenção da infraestrutura viária
Indicação de estudo de viabilidade para a instalação de faixa elevada para pedestres no trecho de ligação da Rua Antônio Dib Mussi com a Rua Esteves Júnior.,Organização do trânsito
"Indicação visando à pavimentação e à recuperação da Servidão Luiz Romagnoli, no bairro Santo Antônio de Lisboa.",Manutenção da infraestrutura viária
"Limpeza e manutenção da praça localizada na Rua Prefeito Gasparino Dutra, nº 121, no bairro Jardim Atlântico",Criação e manutenção de área de lazer e atividade física
"Urgência à CASAN que se verifique a qualidade do abastecimento de água da EBM Mancio Costa, no bairro Ratones.",Rede de abastecimento de água
Reforma do piso de salas e áreas comuns da EBM Almirante Carvalhal,Manutenção da estrutura escolar
Solicitação de asfaltamento Na Travessa dos Lageanos e Servidão Onze de Julho,Manutenção da infraestrutura viária
Concede  Medalha Manezinho da Ilha Aldírio Simões a Juliana da Cruz Santos.,Medalha Manezinho da Ilha Aldírio Simões
Solicita informações ao Executivo Municipal e à Secretaria Municipal de Saúde sobre a disponibilidade de vacinas contra a COVID-19 nas unidades de saúde do município.,Gestão e Regulação da Saúde Pública
"Requer à Secretaria Municipal de Fazenda informações a respeito do Edital 004/2024, referente ao Concurso Público para a FLORAM.",Gestão de pessoas e carreira no serviço público
Moção de Repúdio à Proposta de Emenda à Constituição que autoriza concurso para a escolha de um novo hino para Santa Catarina.,Moção de repúdio
Requer Grande Expediente para  Homenagear os 60 anos de Criação e 50 anos do reconhecimento do Curso de graduação em Administração da UFSC.,Uso do Grande Expediente para homenagem
Requer informações sobre lotação da função de monitor escolar dos Núcleos de Educação Infantil Municipais (NEIM),Trabalhadores da educação
"Requer informações para a Secretaria Municipal de Educação sobre encaminhamentos relacionados a invasão e pichação no NEIM Diamantina Bertolina da Conceição, no bairro Rio Tavares.",Segurança nas escolas e entorno escolar
"Realização de Reunião Ampliada na Comissão de Educação, Cultura e Desporto, com a finalidade de debater e analisar questões relacionadas à segurança dos NEIM Núcleo de Educação Infantil no município de Florianópolis-SC.",Segurança nas escolas e entorno escolar
"Solicita horário do Grande Expediente para homenagear os voluntários civis que atuaram na linha de frente dos resgates das famílias prejudicadas pelas enchentes ocorridas no estado do Rio Grande do Sul, tragédia essa que completará um ano no final do mês de Abril.",Uso do Grande Expediente para homenagem
Institui o Serviço Municipal de Limpeza de Fossas para Famílias de Baixa Renda no Município de Florianópolis e dá outras providências.,Gestão e Regulação dos Serviços de Saneamento
Reforma das instalações elétricas da EBM Almirante Carvalhal,Manutenção da estrutura escolar
"Melhorias na iluminação pública do abrigo da parada de ônibus situado na Avenida Prefeito Waldemar Vieira (frente supermercado Baía Sul), no Bairro Saco dos Limões.",Manutenção de pontos de ônibus
"Solicitar a recuperação e pavimentação da Servidão Irmã Violete Cyr, localizada no bairro Monte Cristo.",Manutenção da infraestrutura viária
"Solicitar reparo de buraco e manutenção na Rua Prefeito Rogério Vieira, nas proximidades do número 256, no bairro Coloninha.",Manutenção da infraestrutura viária
"Solicitar a colocação de tampa de bueiro, bem como a limpeza do mesmo, na Rua Jornalista Orion Augusto Platt, nas proximidades do número 76, no bairro Jardim Atlântico.",Rede de esgotamento sanitário
"Solicitar reparo emergencial no buraco localizado na Rua Prefeito Gasparino Dutra, nº 215, no bairro Jardim Atlântico.",Manutenção da infraestrutura viária
"Gostaria de solicitar, com urgência, a manutenção do ponto de ônibus localizado na Avenida Marinheiro Max Schramm, ao lado do número 3888, no bairro Jardim Atlântico. A estrutura foi danificada em decorrência dos fortes ventos registrados recentemente na região. Esse ponto de ônibus é essencial para centenas de moradores que dependem diariamente do transporte público para trabalhar, estudar e acessar serviços básicos.Atualmente, encontra-se com a estrutura comprometida e vidros quebrados, expondo os usuários a riscos e comprometendo a segurança e o bem-estar da população.",Manutenção de pontos de ônibus
"Revitalização total no entorno da Praia da Joaquina, em razão das demandas urgentes que comprometem a segurança, o bem-estar dos frequentadores e o turismo local.",Criação e manutenção de área de lazer e atividade física
"Indicação de reparo da irregularidade no pavimento na R. Cândido Pereira dos Anjos, nº 1361.",Manutenção da infraestrutura viária
Indicação de adoção de  modo intermitente nos semáforos localizados na região central de Florianópolis.,Organização do trânsito
"Solicita a alteração da Lei Complementar n. 503, de 18 de novembro de 2014.",Gestão de pessoas e carreira no serviço público
Solicita a permuta e a desafetação do imóvel para o cumprimento de acordo judicial de regularização fundiária,Regularização fundiária
"Indica a reposição das barreiras físicas na esquina entre a Rua Tiradentes e a Rua Saldanha Marinho, no Centro Leste",Organização do trânsito
"Indica demarcar como área escolar e um espaço para embarque e desembarque na região do NEIM Almirante Lucas Alexandre Boiteux, no centro",Organização do trânsito
"Calçamento da Rua Milton Francisco Oscar, com o objetivo de promover melhorias na infraestrutura urbana, mobilidade e qualidade de vida dos moradores do bairro Pântano do Sul.",Manutenção da infraestrutura viária
"Realizar o calçamento da Servidão Viana, localizada no bairro Coloninha.",Manutenção da infraestrutura viária
"Solicitação de fiscalização urgente de possível situação de maus-tratos a gatos na Chácara Luisa, na Rua Esther Gonçalves, n.430, no bairro São João do Rio Vermelho, CEP 88060-160.",Bem-estar e proteção animal
Solicitação de reparo e manutenção urgente do NEIM Pequeno Príncipe.,Manutenção da estrutura escolar
Retirada de muro que faz divisão no Rio Pau no Barco na Rua Príncipe - Monte Verde.,Gestão e proteção de corpos hídricos e áreas associadas
Rampa de acesso ao Rio Pau no Barco na Rua Príncipe - Monte Verde.,Acessibilidade
Reestruturação no piso de concreto do Rio Pau no Barco na Rua Príncipe - Monte Verde.,Manutenção da infraestrutura viária
"Senhor Presidente, O Vereador que este subscreve, solicita moção de aplausos da Câmara Municipal de Florianópolis/SC aos Senhores Tenente-Coronel BM Bruno Azevedo Lisbôa (piloto), Capitão BM Luis Gustavo Bonatelli (copiloto), Sargento BM Daniel Duarte de Souza (tripulante), Cabo BM Victor Vasconcellos Paschoal (tripulante), Fabiano do Prado Bueno (enfermeiro de vôo) e Júlio Araújo Zampirolo (médico de vôo) que participaram de ocorrência de salvamento na localidade da Guarda do Cubatão, no município de Palhoça/SC.",Moção de aplausos
"Requer informações a respeito das ações da Força-Tarefa DOA (Defesa, Orientação e Apoio)",Pessoas em vulnerabilidade ou risco social
Solicita realização de Sessão Solene em homenagem às Comunidades Terapêuticas.,Sessão Solene
Requer a destinação do Grande Expediente em alusão ao dia dos Povos Indígenas.,Uso do Grande Expediente para homenagem
Requer à SED/SC melhorias no sistema de escoamento e drenagem da EEB de Muquém,Rede de drenagem
À Secretaria Municipal de Saúde de Florianópolis solicitando informações detalhadas sobre a oferta de exames de pré-natal na rede pública municipal,Gestão e Regulação da Saúde Pública
Altera o artigo 1º da Lei 4434/94,Título de utilidade pública
"INSTITUI O PROGRAMA “CUIDA + FLORIPA”, DE APOIO AOS CUIDADORES DE PESSOAS COM DEFICIÊNCIA, E DÁ OUTRAS PROVIDÊNCIAS",Promoção do trabalho e da renda
AUTORIZA O CHEFE DO PODER EXECUTIVO MUNICIPAL A ABRIR CRÉDITOS ADICIONAIS ESPECIAIS JUNTO AO ORÇAMENTO DA PREFEITURA MUNICIPAL DE FLORIANÓPOLIS PARA O EXERCÍCIO FINANCEIRO DE 2025,Planejamento e orçamento público
INSTITUI O PLANO PLURIANUAL DO MUNICÍPIO DE FLORIANÓPOLIS PARA O PERÍODO DE 2026 A 2029,Planejamento e orçamento público
"Instalação de placa de identificação da Rua Milton Francisco Oscar, visando facilitar a localização e promover a organização urbana no bairro Pântano do Sul.",Organização do trânsito
Solicitação de implantação de ponto de ônibus na Rua Fabriciano Inácio Monteiro esquina com Servidão Marcelino Antônio Nunes - Vargem do Bom Jesus.,Manutenção de pontos de ônibus
"Solicita a limpeza e roçada nas mediações da Rua Laurindo José de Souza, no Bairro Barra da Lagoa",Limpeza Urbana
Solicitação de implantação de placa de ponto de ônibus na Estrada Cristóvão Machado de Campos - Vargem Grande,Organização do trânsito
"Sugere providências ao órgão competente para realização de drenagem e pavimentação em toda extensão da Servidão Brasiliano, localizada no Bairro Campeche",Manutenção da infraestrutura viária
"Sugere providências ao órgão competente para realização de drenagem e pavimentação em toda extensão da Servidão Tintim, localizada no Bairro Campeche",Manutenção da infraestrutura viária
"Sugere providências ao órgão competente para realização de drenagem e pavimentação em toda extensão da Servidão Aristides Gustavo das Chagas, localizada no Bairro Campeche",Manutenção da infraestrutura viária
"Sugere providências ao órgão competente para realização de drenagem e pavimentação em toda extensão da Servidão Canto das Garças, localizada no Bairro Campeche",Manutenção da infraestrutura viária
"Solicitar que seja executado o asfaltamento da Rua Luiz Gonzaga Lamêgo, situada no bairro Abraão.",Manutenção da infraestrutura viária
"Solicitar o asfaltamento da Rua Bias Peixoto, localizada no bairro Itaguaçu.",Manutenção da infraestrutura viária
"Solicitar a retirada de entulhos e limpeza na Rua Luiz Carlos Prestes, nº 627, no bairro Capoeiras.",Limpeza Urbana
Solicitar a roçagem e limpeza no campinho localizado na Servidão Palmeiras Verdes.,Criação e manutenção de área de lazer e atividade física
"Solicitar a manutenção e o reparo de buraco na via, na Rua Joaquim Nabuco, nº 1434, bairro Capoeiras.",Manutenção da infraestrutura viária
"Reparo do buraco existente na Rua Joaquim Nabuco, nº 176, no bairro Capoeiras, onde anteriormente havia uma lombada.",Manutenção da infraestrutura viária
Solicitar roçagem e limpeza no campinho localizado na Rua dos Pinheiros Verdes.,Criação e manutenção de área de lazer e atividade física
"Solicitar o reparo de buraco na via, na altura do número 478 da Rua Camilo Silveira de Souza, no bairro Capoeiras.",Manutenção da infraestrutura viária
"Solicitar a retirada de entulhos e limpeza na Rua Desembargador Mileto Tavares, nº 77, no bairro Monte Cristo.",Limpeza Urbana
Revitalização na Rua Nadir Machado de Souza - Carvoeira.,Manutenção da infraestrutura viária
Requer realização de Audiência Pública sobre a PEC 19/2024,Trabalhadores da saúde
Requer a CASAN averiguar ligação da rede de esgoto na Servidão Manoel Pedro Honório - João Paulo.,Rede de esgotamento sanitário
DESARQUIVAMENTO DO PROJETOS DE LEI Ns. 15.921/2014 e 18657/2023,Desarquivamento de proposição
Solicita realização de Sessão Solene em comemoração aos 60 anos da Universidade do Estado de Santa Catarina (UDESC),Sessão Solene
"Requer a convocação do Secretário de Estado da Administração ( SEA ) Sr Vânio Boing , para discutir sobre a possibilidade de realocação da área de lazer do bairro da Agronômica (campo de futebol ) e sede da Associação de Moradores .",Criação e manutenção de área de lazer e atividade física
DISPÕE SOBRE A EMISSÃO DE CARTÕES VIRTUAIS DE TRANSPORTE PÚBLICO EM FLORIANÓPOLIS E DÁ OUTRAS PROVIDÊNCIAS.,Transporte público
"DISPÕE SOBRE ALTERAÇÃO DA LEI COMPLEMENTAR N. 07, DE 1997, AUTORIZA A CONCESSÃO DE REMISSÃO DE IPTU E TCRS E DÁ OUTRAS PROVIDÊNCIAS",Planejamento e orçamento público
Solicitação de Iluminação Publica na Servidão Percival Pires - Vargem Grande.,Iluminação pública
Indica a necessidade de reforma do parquinho do NEIM Campeche (Pequeno Príncipe).,Manutenção da estrutura escolar
Indica a averiguação e o controle de infestação nas mediações externas do Núcleo de Educação Infantil Municipal (NEIM) do Campeche,Controle sanitário e vigilância em saúde
"Indica ao Executivo Municipal e à Secretaria Municipal de Educação, a inspeção do sistema de esgoto da escola Brigadeiro Eduardo Gomes no Campeche.",Rede de esgotamento sanitário
Indicação a adoção de providências conjuntas em relação à situação de vulnerabilidade social e insegurança na Rua Major Costa,Segurança e monitoramento de espaços públicos
"Solicitação de Travessia Elevada na Estrada Dário Manoel Cardoso, nº 1203 - Ingleses Norte.",Organização do trânsito
"Solicitação de estrutura de ponto de ônibus na Rod. João Gualberto Soares, nº 1836 - Ingleses do Rio Vermelho.",Manutenção de pontos de ônibus
"Reinstalação de placa de área escolar em frente à EEB Edith Gama Ramos, visando à segurança viária e à proteção da comunidade escolar – Bairro Capoeiras.",Segurança nas escolas e entorno escolar
Asfaltamento de buraco em frente ao número 456 da Rua Eleotério da Silva Furtado – Bairro Jardim Atlântico.,Manutenção da infraestrutura viária
"instalação de quebra-mola na Rua do Lami, n.º 2338, como medida de segurança viária – Bairro Canasvieiras.",Organização do trânsito
Solicita limpeza de resíduos sólidos de obras dentro da Lagoa da Conceição ao longo da Avenida das Rendeiras,Limpeza Urbana
"Solicitação de retorno do horário das 7h35 da linha D565 - Ribeirão da Ilha Direto, bem como que sejam prestadas explicações sobre os motivos da retirada deste horário.",Transporte público
Solicitação de Instalação de Placas de Não Estacionar na Servidão David José Bastos.,Organização do trânsito
"Solicitação de Recolha de Lixo Pesado – Servidão Paulinho Joaquim da Cunha, 6 - Ingleses do Rio Vermelho.",Limpeza Urbana
"Solicitação de poda da vegetação localizada na Rua Beco dos Coroas, no bairro Barra da Lagoa",Limpeza Urbana
Solicitação para Análise Técnica e Implementação de Lombada na Rodovia João Gualberto Soares.,Organização do trânsito
Solicitação da a pavimentação e drenagem da Servidão Luiz Carlos de Abreu.,Manutenção da infraestrutura viária
Solicitação de poda de árvores da Servidão Henrique Tomáz Nunes,Limpeza Urbana
"Solicitação Reposição da areia na quadra de esportes da Praça do Morro do Quilombo, situada na Servidão Manoel Félix da Silva, nº 25 – bairro Itacorubi",Criação e manutenção de área de lazer e atividade física
Solicitação da a pavimentação e drenagem da Servidão Carlos José Nunes.,Manutenção da infraestrutura viária
Solicitação da a pavimentação e drenagem da Servidão Erotildes Cristina Da Silveira,Manutenção da infraestrutura viária
"Solicitação da a pavimentação e drenagem da Servidão Henrique Tomaz Nunes, Bairro Rio Vermelho.",Manutenção da infraestrutura viária
Solicitação de poda de árvores na Rodovia João Gualberto Soares Próximo ao número 9276,Limpeza Urbana
"Solicitação de reparo na Pavimentação da Servidão João Honorato Soares, Situado no bairro José Mendes.",Manutenção da infraestrutura viária
"Solicitação de reparos na pavimentação da Servidão Domingos Izaltino dos Santos, situada no bairro Vargem Grande.",Manutenção da infraestrutura viária
"Solicitar para arrumar um buraco na Rua João Evangelista da Costa, nas proximidades do número 75, no bairro Jardim Atlântico.",Manutenção da infraestrutura viária
"Solicitar a roçagem e limpeza na Rua Renascença, na comunidade Vila Aparecida.",Limpeza Urbana
Solicitação de poda da vegetação localizada na Rua Beco dos Coroas.,Limpeza Urbana
Indica a realização de imunização com a vacina polivalente em animais nas comunidades em vulnerabilidade socioeconômica,Bem-estar e proteção animal
"Indica a realização de mutirão de castração no Alto Caieira, Bairro Saco dos Limões",Bem-estar e proteção animal
Requerimento de pedido de informações sobre Mercado Público,"Compras, contratos e patrimônio público"
Requer informações ao Executivo Municipal e à Secretaria Municipal de Educação sobre o calendário e os procedimentos das eleições para direção escolar da rede municipal de ensino.,Gestão da Política Educacional
Requer informações sobre compra de caminhões para a COMCAP.,"Compras, contratos e patrimônio público"
Requer informações sobre a reconstrução da Escola Básica Municipal Anísio Teixeira.,Manutenção da estrutura escolar
Requer informações ao Executivo Municipal e à Secretaria Municipal de Saúde sobre os mutirões de castração de animais realizados no Município.,Bem-estar e proteção animal
Requer informações ao Executivo Municipal e à Diretoria de Bem-Estar Animal (DIBEA) sobre os procedimentos de microchipagem e cadastramento de informações dos animais no Município.,Bem-estar e proteção animal
"O Vereador que este subscreve, na forma regimental, requer com fulcro no Regimento Interno desta Casa, requer o ARQUIVAMENTO dos seguintes PROJETOS DE LEI de autoria deste Vereador.",Arquivamento de proposição
"Inclui item no Anexo II da Lei N. 10.482, de 2019 - Semana Municipal de Segurança no Trânsito",Semana Municipal
DECLARA DE UTILIDADE PÚBLICA A ASSOCIAÇÃO PROTOTIPANDO A QUEBRADA (PAQ),Título de utilidade pública
"Venho, por meio deste, solicitar com máxima urgência um posicionamento da Secretaria Municipal de Saúde a respeito da recorrente ausência de médicos no posto de saúde localizado na Avenida Santa Catarina, nº 1570, no bairro Balneário do Estreito.",Trabalhadores da saúde
Solicitar sejam realizados serviços de reparo e manutenção em buraco na Servidão João Salvador Perez.,Manutenção da infraestrutura viária
Indicação ao Governo do Estado de Santa Catarina criação de programas estaduais de castração gratuita de animais em municípios com menos de 100 mil habitantes.,Bem-estar e proteção animal
"Solicita reparos urgentes no telhado da EBM Profª Dilma Lúcia dos Santos, localizada na Armação do Pântano do Sul",Manutenção da estrutura escolar
ampliação da equipe do CS saco dos Limões,Trabalhadores da saúde
"Solicitação de implementação urgente de um sistema de drenagem na Servidão Maria Oliveira Nunes (CEP 88058721), bairro Santinho.",Rede de drenagem
"Solicitação de Hidrojato na Rua Arrastão, Bairro Ingleses.",Limpeza Urbana
Solicitação de Hidrojato na Servidão Silveira no bairro Ingleses.,Limpeza Urbana
"Solicitação de Revitalização da Praça Alfredo Alberto, Entre a rua Brisamar e a Rua das Gaivotas.",Criação e manutenção de área de lazer e atividade física
"Solicitação de reparo na Pavimentação da Rua Manoel Vidal 88067-140, Bairro Pântano do sul.",Manutenção da infraestrutura viária
"Solicitação de Hidrojato na Rua da Represa Números 165 e 173, Bairro Itacoribu.",Limpeza Urbana
"Solicitação de Instalação de Abrigo em Ponto de Ônibus na Rua João Gualberto Soares N°1823, Rio Vermelho.",Manutenção de pontos de ônibus
"Indica ao Executivo Municipal a necessidade de ampliação dos horários da linha 847 – TIRIO/TITRI via UFSC e a criação de um atendimento especial para atender à UDESC, UFSC-CCA, CEPON, Jardim Botânico e região do Itacorubi",Transporte público
"Indica ao Executivo Municipal a necessidade de troca dos registros e mangueiras do fogão da EBM Maria Conceição Nunes, cuja substituição aguarda apenas a execução do serviço.",Manutenção da estrutura escolar
Indica ao Executivo Municipal e à Secretaria Municipal de Educação a necessidade de aquisição de uma máquina de lavar roupas para o NEIM Campeche,Manutenção da estrutura escolar
"Indica ao Executivo Municipal a necessidade de reparo em via na Avenida Atlântica, no Bairro Jardim Atlântico, em frente à pista de skate e à praça.",Manutenção da infraestrutura viária
"Solicita melhorias nas medidas de segurança para pedestres na Rua Francisco O'Campo Moré, no Bairro Saco dos Limões",Organização do trânsito
"Solicita melhorias na sinalização de trânsito da Rua Laurindo José de Souza, no Bairro Barra da Lagoa",Organização do trânsito
Indica reparos na calçada de petit pavé localizada na lateral da Avenida Atlântica,Manutenção da infraestrutura viária
"Solicitação de Hidrojato na rua Moçambique, nº 642 – CEP 88060-415, no bairro Rio Vermelho.",Limpeza Urbana
Solicitação de Roçagem e limpeza da rua Cristovão Machado de Campos no bairro Vargem grande,Limpeza Urbana
"Solicitação de Hidrojato para desentupimento e limpeza das bocas de lobo localizadas na Servidão Tayla Stefane Damascedo Batista, no bairro Rio Vermelho",Rede de esgotamento sanitário
"Indica ao Executivo Municipal e à Secretaria Municipal de Educação a necessidade de instalação de três aparelhos de ar-condicionado e manutenção de quatro unidades existentes na EBM Maria Conceição Nunes, no bairro Saco dos Limões",Aquisição de equipamentos e mobiliário escolar
Indica ao Executivo Municipal e à Secretaria Municipal de Educação a necessidade de manutenção dos banheiros da EBM Maria Conceição Nunes no bairro Saco dos Limões,Manutenção da estrutura escolar
"Indica ao Executivo Municipal e à Secretaria Municipal de Educação a necessidade de revisão e conserto dos disjuntores na EBM Maria Conceição Nunes, no bairro Saco dos Limões",Manutenção da estrutura escolar
"Indica ao Executivo Municipal e à Secretaria Municipal de Educação a necessidade de manutenção nas fechaduras das salas da EBM Maria Conceição Nunes, no bairro Saco dos Limões",Manutenção da estrutura escolar
"Indica ao Executivo Municipal e à Secretaria Municipal de Educação a necessidade de limpeza das calhas e instalação de telas nos ralos da EBM Maria Conceição Nunes, no bairro Saco dos Limões",Manutenção da estrutura escolar
Indica ao Executivo Municipal e à Secretaria Municipal de Educação a necessidade de substituição dos vidros quebrados em janelas da EBM Maria Conceição Nunes,Manutenção da estrutura escolar
Indica ao Executivo Municipal e à Secretaria Municipal de Educação a necessidade de contratação de professores para a educação especial e para outras vagas na EBM Maria Conceição Nunes,Trabalhadores da educação
Indica ao Executivo Municipal e à Secretaria Municipal de Educação a necessidade de contratação de mais um monitor escolar na EBM Maria Conceição Nunes,Trabalhadores da educação
"Indica ao Executivo Municipal e à Secretaria Municipal de Educação a construção de uma sala de literatura no NEIM Campeche, no bairro Campeche",Ampliação da rede física escolar
"Indica ao Executivo Municipal e à Secretaria Municipal de Educação a substituição da cerca por muro reforçado de metal no NEIM Campeche, no bairro Campeche",Manutenção da estrutura escolar
"Indica ao Executivo Municipal e à Secretaria Municipal de Educação a limpeza do mato e disponibilização de container para lixo na lateral do NEIM Campeche, no bairro Campeche",Limpeza Urbana
"Indica ao Executivo Municipal e à Secretaria Municipal de Educação a adequação das saídas de água dos aparelhos de ar-condicionado no NEIM Campeche e na Escola Brigadeiro Eduardo Gomes, no bairro Campeche.",Manutenção da estrutura escolar
"Indica ao Executivo Municipal e à Secretaria Municipal de Educação a necessidade de manutenção e pintura das paredes da Escola Brigadeiro Eduardo Gomes, no bairro Campeche",Manutenção da estrutura escolar
"Indica ao Executivo Municipal e à Secretaria Municipal de Educação a necessidade de reforma da lavanderia da Escola Brigadeiro Eduardo Gomes, no bairro Campeche",Manutenção da estrutura escolar
"Indica ao Executivo Municipal e à Secretaria Municipal de Educação a necessidade de manutenção da sala 210 da Escola Brigadeiro Eduardo Gomes, no bairro Campeche, para transformá-la em Sala de Jogos",Manutenção da estrutura escolar
Requer informações sobre ampliação do Centro de Saúde Saco dos Limões.,Equipamentos públicos de saúde
"Requer informações ao Executivo Municipal que encaminhe à Secretaria competente sobre o processo de Regularização Fundiária Urbana (Reurb) da Servidão Natureza, localizada no bairro Campeche.",Regularização fundiária
REQUER REALIZAÇÃO DE AUDIÊNCIA PÚBLICA PARA PROPOR A CRIAÇÃO DE UM GRUPO DE TRABALHO PARA ATENDER AS DEMANDAS RELACIONADAS AO TRANSTORNO DO ESPECTRO AUTISTA (TEA),Pessoas com deficiência e neurodivergentes
"“Dispõe sobre a alteração do art. 1º da Lei nº 5.090 de 1997 (Extensão de denominação da Servidão Madagascar) via pública no bairro Ponta das Canas, nesta Capital.”",Legalização e denominação de vias e espaços públicos
"Indica ao Executivo Municipal e à Secretaria Municipal de Educação a necessidade de poda das árvores do pátio da Escola Brigadeiro Eduardo Gomes, no bairro Campeche.",Limpeza Urbana
"Solicitação de Iluminação Pública na Servidão Honorina Rosa da Silva, Rio Vermelho",Iluminação pública
"Solicitação de Reparos na Pavimentação da Rua Professor Belarmino Corrêa, localizada no bairro Trindade, em Florianópolis",Manutenção da infraestrutura viária
"solicitação de poda das árvores localizadas na Rua Trajano, no bairro Centro, em Florianópolis",Limpeza Urbana
"Indica ao Executivo Municipal e à Secretaria Municipal de Educação a necessidade de manutenção da quadra de esportes e do parquinho da Escola Brigadeiro Eduardo Gomes, no bairro Campeche.",Manutenção da estrutura escolar
"Indica manutenção no Parque Linear João Manoel Gomes, nos Ingleses",Criação e manutenção de área de lazer e atividade física
"Solicitar para tapar dois buracos existentes nas proximidades da Rua Eduardo Horn, n.º 544, no bairro Jardim Atlântico.",Manutenção da infraestrutura viária
"Solicitar que seja realizada a recuperação e pavimentação da Travessa Bananeira, localizada no bairro Monte Cristo.",Manutenção da infraestrutura viária
"Solicito a manutenção e/ou substituição da tampa de bueiro localizada na Rua Eduardo Horn, n.º 477, no bairro Jardim Atlântico.",Rede de esgotamento sanitário
"Gostaria de solicitar, com urgência, o recolhimento do entulho acumulado na Travessa Antônio Teodoro da Silva, nas proximidades do número 89, localizada no bairro Monte Cristo.",Limpeza Urbana
"Gostaria de solicitar com urgência, o levantamento do bueiro localizado na esquina da Rua João Meirelles com a Av. Gov. Ivo Silveira, no bairro Capoeiras ao lado do n: 3270.",Manutenção da infraestrutura viária
"Solicita reparos no calçamento da Rua Juvan Rocha, no Bairro Agronômica",Manutenção da infraestrutura viária
"Indica averiguar a instalação de piso podotátil na calçada da Rua dos Eucaliptos, no Bairro Campeche",Manutenção da infraestrutura viária
"Solicita reparos nas portas dos banheiros da EBM Prof Dilma Lúcia dos Santos, localizada na Armação do Pântano do Sul",Manutenção da estrutura escolar
"Solicita reparos nos pisos e calçadas danificadas da EBM Prof Dilma Lúcia dos Santos, localizada na Armação do Pântano do Sul",Manutenção da estrutura escolar
"Solicita manutenção no parquinho e na quadra de esportes da EBM Prof Dilma Lúcia dos Santos, localizada na Armação do Pântano do Sul",Manutenção da estrutura escolar
"Indica reparo na academia ao ar livre da Praça da Polícia, no Santa Mônica",Criação e manutenção de área de lazer e atividade física
"Solicita melhorias na sala de dança e atividades da EBM Prof Dilma Lúcia dos Santos, localizada na Armação do Pântano do Sul",Manutenção da estrutura escolar
Instalação de antiderrapante nas escadas da EBM Mâncio Costa - Escola do Futuro - Ratones.,Manutenção da estrutura escolar
Requer informações à Secretaria Municipal de Saúde e ao CCZ sobre o controle de Leishmaniose no âmbito deste município.,Controle sanitário e vigilância em saúde
Requer informações ao Executivo Municipal e à Secretaria Municipal de Saúde sobre a capacidade de atendimento e funcionamento da Policlínica Municipal do Continente,Gestão e Regulação da Saúde Pública
Requer o desarquivamento dos Projetos de Lei e Projeto de Lei Complementar.,Desarquivamento de proposição
À Secretaria Municipal de Saúde e ao Centro de Controle de Zoonoses (CCZ) solicitando informações sobre o tratamento de gatos com Esporotricose,Bem-estar e proteção animal
Requer informações sobre a lotação de cargos,Gestão de pessoas e carreira no serviço público
"À Secretaria Municipal de Saúde, ao Centro de Controle de Zoonoses (CCZ) e à Diretoria de Bem-Estar Animal (DIBEA), solicitando informações sobre a realização de exames de FIV e FELV",Bem-estar e proteção animal
Desarquivamento de Projeto de Lei Complementar n. 01972/2024 Referência Interna nº 153/2025,Desarquivamento de proposição
"Requerimento de Tribuna Livre, durante a Sessão Plenária, para a Associação de Moradores e Amigos pelo Resgate da Armação – AMAR, representada neste ato pela presidente, a Sra. Vera Lúcia Farias.",Impactos urbanísticos de empreendimentos
"Solicitando providências urgentes quanto a um vazamento de água no asfalto localizado na Rua Irmã Bonavita, n.º 1612, no bairro Coloninha.",Rede de abastecimento de água
Concede Medalha Cruz e Sousa ao Senhor José Luiz da Silva,Medalha Cruz e Sousa
"Indica ao Executivo Municipal e à Secretaria Municipal de Educação a necessidade de adequação da casa de gás da Escola Brigadeiro Eduardo Gomes, no bairro Campeche",Manutenção da estrutura escolar
"Indica ao Executivo Municipal e à Secretaria Municipal de Educação a revisão urgente dos quadros e da fiação elétrica da Escola Brigadeiro Eduardo Gomes, no bairro Campeche",Manutenção da estrutura escolar
"Indica ao Executivo Municipal e à Secretaria Municipal de Educação a revisão dos extintores e a realização de treinamento contra incêndios na Escola Brigadeiro Eduardo Gomes, no bairro Campeche",Manutenção da estrutura escolar
"Indica ao Executivo Municipal e à Secretaria Municipal de Educação a necessidade de mais banheiros adaptados para PCD na Escola Brigadeiro Eduardo Gomes, no bairro Campeche",Acessibilidade
"Indica a necessidade de conserto do corrimão quebrado e enferrujado da Escola Brigadeiro Eduardo Gomes, no bairro Campeche",Manutenção da estrutura escolar
"Indica o conserto das janelas do NEIM do Futuro Doralice Maria Dias, no bairro Vargem do Bom Jesus.",Manutenção da estrutura escolar
"Indica a reconstrução da calçada localizada na Rua Felipe Neves, no bairro Jardim Atlântico.",Manutenção da infraestrutura viária
aumento de frota da linha 563 no horário noturno,Transporte público
Pedido de Informações - FLORAM - Saneamento na Região da Lagoa da Conceição.,Gestão e Regulação dos Serviços de Saneamento
Requer informações sobre a lotação de cargos.,Trabalhadores da educação
"“Dispõe sobre a Denominação da Rua Evaristo Guilherme dos Santos, via que parte da Rua Francisco Fausto Martins, localizada no Distrito da Cachoeira do Bom Jesus, nesta Capital.”",Legalização e denominação de vias e espaços públicos
Criação de sala apropriada para orientação pedagógica na EBM Adotiva Liberato Valentim,Gestão da Política Educacional
"Solicitar a instalação de um contentor de lixo de 1000 litros na Rua Eduardo Horn, nº 479, no bairro Jardim Atlântico.",Limpeza Urbana
criação de faixa elevada em frente a EEB Intendente José Fernandes,Organização do trânsito
Instalação de rede de drenagem na Servidão Aníbal Pedro de Oliveira - Ingleses do Rio Vermelho.,Rede de drenagem
"Solicitar que seja providenciada a substituição dos contentores de lixo quebrados na Servidão Maria Salete Dutra, nº 174, no bairro Monte Cristo.",Limpeza Urbana
criação de zona de carga e descarga na rua Pedro Lessa (parte traseira do Shopping Vila romana),Organização do trânsito
"Sugere providências ao órgão competente para realização de drenagem e pavimentação em toda extensão da Servidão Recanto da Araponga, localizada no Bairro Rio Tavares",Manutenção da infraestrutura viária
"Sugere providências ao órgão competente para realização de drenagem e pavimentação em toda extensão da Servidão Recanto do Sabiá, localizada no Bairro Rio Tavares",Manutenção da infraestrutura viária
"Sugere providências ao órgão competente para realização de drenagem e pavimentação em toda extensão da Servidão Recanto do Aracuã, localizada no Bairro Rio Tavares",Manutenção da infraestrutura viária
"Solicitação de Reparos Urgentes por Vazamento de Água na Rua da Represa, Itacorubi.",Rede de abastecimento de água
Solicitação de poda de árvores na Servidão Altair Vieira Soares.,Limpeza Urbana
Solicitação para Implementação de Lombada na Servidão Joesi Guimarães.,Organização do trânsito
"Solicitação de Reinstalação do Abrigo de Ônibus- Rua Cândido Pereira dos Anjos, esquina com a Servidão Joesi Guimarães.",Manutenção de pontos de ônibus
"Solicitação de tampa de concreto em boca de lobo – Rua Caminho do Rei, Ponta das Canas.",Rede de esgotamento sanitário
"Indica ao Executivo Municipal e à Secretaria Municipal de Educação a necessidade de vistoria e reparo da fossa na EBM Dilma Lúcia dos Santos, no bairro Campeche",Manutenção da estrutura escolar
"Indica ao Executivo Municipal a necessidade de calçamento na Servidão Aristides Euzébio Coelho, no bairro São João do Rio Vermelho",Manutenção da infraestrutura viária
"Solicitação de drenagem e manutenção urgente do NEIM Doralice Teodora Bastos, bairro Canasvieiras.",Manutenção da estrutura escolar
Solicita informações relativas a contratos de venda de imóveis da Comcap.,"Compras, contratos e patrimônio público"
"O Vereador que este subscreve, na forma regimental, solicita o envio de expediente ao Excelentíssimo Senhor Topázio Silveira Neto, Prefeito Municipal de Florianópolis, solicitando a transformação da Escola do Mar, localizada na Rua Antenor Borges, nº 409, no bairro Canasvieiras, em um posto avançado de Guarda Municipal, SUSP (Subsecretaria de Urbanismo e Serviços Públicos) e informações turísticas.",Infraestrutura de segurança
Requer informações a respeito da construção do CS do Alto Caieira.,Equipamentos públicos de saúde
Requer Juntada de Documentos ao PROJETO DE LEI N.º 02949/2025,Juntada de documento
"Dispõe sobre a proibição da participação de crianças e adolescentes na Marcha da Maconha e em eventos similares no Município de Florianópolis, e dá outras providências.",Direitos de Crianças e Adolescentes
"MOÇÃO DE APLAUSOS À SENHORA DRA. TAMMY FORTUNATO, NOMEADA PRESIDENTE DA COMISSÃO NACIONAL DE COMBATE À VIOLÊNCIA DOMÉSTICA DO CONSELHO FEDERAL DA OAB",Moção de aplausos
Recapeamento na Servidão Aurea Maria Policarpo - Barra do Sambaqui.,Manutenção da infraestrutura viária
"Indicação de reforma e melhorias urgentes na infraestrutura da EBM Mâncio Costa, no Bairro Ratones.",Manutenção da estrutura escolar
"Solicitação de Colocação de Retentor de Lixo na Rua Professora Aurea Cruz, localizada no Bairro Estreito.",Limpeza Urbana
"Solicitação de Melhoria na Iluminação Pública na Rua Júlio Petroski – Bairro Rio Vermelho, Florianópolis.",Iluminação pública
"Solicitação de Hidrojato na Servidão Cassiano Gregório Flor – Ingleses, Florianópolis.",Limpeza Urbana
"Solicitação de Instalação de Placa de Proibido Parar e Estacionar - Rua Alaíde Silveira de Barcelos, nº 912, no bairro Rio vermelho, em Florianópolis.",Organização do trânsito
Solicitação de Instalação de Faixa de Pedestres -  Rodovia João Gualberto Soares - nº 2976.,Organização do trânsito
Solicitação de Manutenção da Pintura de Faixa de Pedestres- Estr. Anarolina Silveira Santos.,Organização do trânsito
Instalação de Lixeiras ao Longo da Avenida Madre Vilac - Canasvieira,Limpeza Urbana
Solicitação de Instalação de PEV na Rua Lauro Linhares.,Manutenção da infraestrutura viária
Solicitação de Reparo e Manutenção da Rua Servidão Rodolfo Rodrigues Feijó - Itacorubi.,Manutenção da infraestrutura viária
"Solicitação de posa das àrvores - Servidão Pedro Manoel Duarte n°324, Rio Vermelho.",Limpeza Urbana
Solicitação de limpeza de vala - Parque Linear João Manoel Gomes - Ingleses.,Limpeza Urbana
"Solicitação de Reparo Urgente no Asfalto – Rua da Represa, Itacorubi.",Manutenção da infraestrutura viária
Solicitação de Instalação de Placas de Estacionamento para Pessoa com Deficiência.,Acessibilidade
"Solicitação de reparo em ponto de ônibus – Rua da Represa, nº 173 – Bairro Itacorubi.",Manutenção de pontos de ônibus
"À Secretaria Municipal de Saúde e à DIBEA, solicitando informações sobre as providências em relação aos gatos vivendo em condições insalubres na COMCAP",Bem-estar e proteção animal
Pedido de inserção da Proposta de Emenda à Lei Orgânica n.º 106/2022 para deliberação e votação em Sessão Ordinária,Emenda
Substitutivo Global ao PLC 1956/2024,Substitutivo
Dispõe sobre a regulamentação dos serviços de intermediação de hospedagens de temporada ou curta duração e dá outras providências,Gestão e Regulação da Cultura e Lazer
"DENOMINA VIA PÚBLICA RUA VALTER RAUL BRAZ, LOGRADOURO PÚBLICO NO BAIRRO RIO TAVARES",Legalização e denominação de vias e espaços públicos
"Altera o art. 1º da lei 5.863/01, onde lê-se “Associação do Paciente Renal Crônico de Santa Catarina”, passa-se a ler “Associação dos Pacientes Renais de Santa Catarina”.",Título de utilidade pública
Solicitação de Pintura de Vaga de Estacionamento para Pessoa com Deficiência.,Acessibilidade
"Solicitação de reparo em ponto de ônibus – Rua do Quilombo, nº 11 – Bairro Itacorubi.",Manutenção de pontos de ônibus
"Solicitação de reparo em ponto de ônibus – Rua do Quilombo, nº 646– Bairro Itacorubi.",Manutenção de pontos de ônibus
"Solicitação de poda de árvores na Servidão Caminho das Orquídeas, próximo ao n°33.",Limpeza Urbana
Solicitação de poda de árvores na Rua Antenor de Souza Conceição.,Limpeza Urbana
"Solicitação de poda de árvores na Rua Anjos e Arcanjos – Rio Vermelho, Florianópolis.",Limpeza Urbana
"Solicitação de Reparo de Boca de Lobo - Servidão Lambari - Ingleses, Florianópolis.",Rede de esgotamento sanitário
Moção de Aplausos para  Guilherme Henrique Ulhiach Soares,Moção de aplausos
"Requer a realização de audiência pública no âmbito da COMISSÃO DE VIAÇÃO, OBRAS PÚBLICAS E URBANISMO - CVOPU, com o objetivo de discutir com a população, autoridades competentes e demais partes interessadas o levantamento da Rodovia SC-405, no trecho localizado no bairro Rio Tavares.",Manutenção da infraestrutura viária
Requer informações à Secretaria Municipal de Saúde sobre possível déficit de profissionais na Farmácia Escola da UFSC,Trabalhadores da saúde
"Requer consultoria à Procuradoria desta Casa Legislativa, com base no art. 175 do Regimento Interno",Outros requerimentos
Requer informações à Secretaria Municipal de Saúde sobre a falta de profissionais na Unidade de Saúde da Trindade,Trabalhadores da saúde
Requer a CASAN fiscalizar a Rua da Imbúia - Monte Verde.,Rede de abastecimento de água
"O Vereador que este subscreve, na forma regimental, requer o envio de expediente para a Secretaria do Estado de Infraestrutura do Governo de Santa Catarina.",Limpeza Urbana
Altera e inclui dispositivos à Lei nº 11.255/2024 a qual “Inclui itens nos anexos I e IV da Lei n. 10.482/2019 – Dia municipal de combate ao abuso e à exploração sexual de crianças e adolescentes e mês maio laranja.”,Dia Municipal
"Institui mecanismo de controle sobre provisões de encargos trabtas e previdenciários a serem pagos às empresas e instituições contratadas para prestar serviços de forma contínua, no âmbito do município de Florianópolis.",Direitos e condições de trabalho
"Instalação de iluminação pública adicional na área do Parque das Crianças, esquina da Rua dos Pinheiros com a Servidão Três Rios, Bairro Monte Cristo",Iluminação pública
"Realização de estudo técnico com vistas à implementação de medida de segurança para travessia de pedestres na Avenida Ivo Silveira, em frente ao Angeloni, Bairro Capoeiras.",Organização do trânsito
Solicita a instalação de dois containers de lixo na entrada da Barra da Lagoa,Limpeza Urbana
Solicita a ampliação do número de lixeiras na orla da praia da Barra da Lagoa,Limpeza Urbana
Indica a revitalização dos molhes localizados na praia da Barra da Lagoa,Criação e manutenção de área de lazer e atividade física
"Indica urgência de serviços de manutenção na EBM Acácio Garibaldi São Thiago, localizada na Barra da Lagoa",Manutenção da estrutura escolar
"Indica manutenções e reparos na EBM Acácio Garibaldi São Thiago, no bairro Barra da Lagoa",Manutenção da estrutura escolar
Indica a contratação de profissionais e ampliação do Centro de Saúde da Barra da Lagoa.,Trabalhadores da saúde
solicitação de pavimentação na Servidão da Felicidade_ Saco dos Limões,Manutenção da infraestrutura viária
"Gostaria de solicitar o asfaltamento da Rua Joaquim Carneiro, nº 973, localizada no bairro Capoeiras. Trata-se de uma reivindicação legítima e antiga dos moradores, que enfrentam diariamente sérios transtornos devido às precárias condições da via.",Manutenção da infraestrutura viária
"INDICAÇÃO LIMPEZA DAS PRAIAS DE COQUEIROS, BALNEÁRIO DO ESTREITO, JARDIM ATLÂNTICO E CAPOEIRAS.",Limpeza Urbana
"sinalização semafórica para pedestres nos seguintes bairros: Estreito, Jardim Atlântico e Coqueiros.",Organização do trânsito
solução para pontos de umidade no espaço acolher,Rede de Assistência Social
Ampliação da equipe de enfermagem do espaço Acolher,Rede de Assistência Social
"Indicação para estudo de viabilidade de implantação de faixa elevada na Av. Mauro Ramos, nº 131 – Centro.",Organização do trânsito
"Sugere providências ao órgão competente para realização da pavimentação e drenagem do trecho oficial, porém, que ainda não foi contemplada com tais serviços, na Servidão Ver. Oscar Manoel da Conceição, localizada no Bairro Rio Tavares.",Manutenção da infraestrutura viária
"Sugere providências ao órgão competente para revitalização na drenagem de toda extensão da Rua Joaquim Neves, localizada no bairro Pântano do Sul.",Rede de drenagem
"Sugere providências ao órgão competente para realização de drenagem e pavimentação em toda extensão da Servidão Jardim dos Poetas, localizada no Bairro Campeche.",Manutenção da infraestrutura viária
"Sugere providências ao órgão competente para a realização de estudo sobre a viabilidade de mudança de local do Centro de Saúde de Capoeiras para um espaço maior ou, alternativamente, a aplicação de melhorias na estrutura atualmente existente.",Equipamentos públicos de saúde
Indica a Implantação de motofaixas em toda a extensão da Avenida Beira-Mar de Florianópolis desde a saída da ponte até a rua Deputado Antônio Edu Vieira na rotatória Eletrosul,Organização do trânsito
Indicação para Reparo e Contenção de Risco na Ponte de Pedestres da Avenida Pequeno Príncipe na altura do nº 2348,Manutenção da infraestrutura viária
"Indica manutenção dos equipamentos e brinquedos e da estrutura da Praça Pequeno Príncipe, localizada na Avenida Pequeno Príncipe, esquina com a Rua da Capela",Criação e manutenção de área de lazer e atividade física
"Requer informações sobre a Servidão 11 de Junho, próxima à Travessa dos Lageanos, localizada na Serrinha, Florianópolis.",Manutenção da infraestrutura viária
Requer à SSP/SC e à SAS/SC providências do órgão competente a fim de garantir que a 2ª Delegacia de Polícia da Capital se mantenha aberta 24h para acolhimento de pessoas em situação de violências.,Infraestrutura de segurança
Requerimento de Informações sobre a Abertura de Licitação para Construção do Novo Centro de Saúde Morro das Pedras,Equipamentos públicos de saúde
"Manutenção dos equipamentos de academia ao ar livre, mesa e bancos da Praça em frente ao Mar no ribeirão da ilha",Criação e manutenção de área de lazer e atividade física
manutenção dos equipamentos de academia ao ar livre e brinquedos de praça no alto ribeirão (portal do ribeirão),Criação e manutenção de área de lazer e atividade física
"Solicitar a limpeza de entulho na Rua Gonçalves Dias, esquina com o nº 691, no bairro Balneário do Estreito.",Limpeza Urbana
"Gostaria de solicitar a manutenção do bueiro localizado na Rua Padre Luiz Zuber, nº 102, no bairro Capoeiras.",Rede de esgotamento sanitário
"Solicitar a manutenção asfáltica com fechamento de buraco na Rua José Cândido da Silva, nº 591, no bairro Balneário.",Manutenção da infraestrutura viária
"Solicitar a manutenção asfáltica com o fechamento de buraco na Rua Padre Luiz Zuber, nº 130, no bairro Capoeiras.",Manutenção da infraestrutura viária
"Solicitar que seja refeita a pavimentação da Rua José Abreu, nº 328, no bairro Canto.",Manutenção da infraestrutura viária
"Solicitar o reparo do asfalto que cedeu, na Rua Elesbão Pinto da Luz, esquina com a Rua Joaquim Nabuco, nº 3187, no bairro Monte Cristo.",Manutenção da infraestrutura viária
"Venho solicitar a realização de um estudo técnico para averiguar um possível vazamento ou, alternativamente, providenciar o reparo do buraco existente na Rua João Evangelista da Costa, nº 638, no bairro Capoeiras.",Rede de esgotamento sanitário
"Solicito a verificação e reparo de buraco na Rua João Evangelista da Costa, nº 89, no bairro Jardim Atlântico.",Manutenção da infraestrutura viária
"Solicitar a recolocação das lajotas ou a análise técnica para possível asfaltamento da Rua Concepta Araújo Figueiredo, no bairro Coqueiros.",Manutenção da infraestrutura viária
"Solicitar ações emergenciais na Rua Capitão Savas, no bairro Itaguaçu.",Organização do trânsito
Indica a inclusão da Língua Brasileira de Sinais (Libras) como disciplina curricular na Rede Municipal de Ensino,Currículo escolar
Solicita remoção de vegetação em via pública.,Limpeza Urbana
Solicita manutenção geral na iluminação pública da Praça XV de Novembro.,Iluminação pública
Requer informações a respeito do TERMO DE COLABORAÇÃO Nº 152/PMF - Bairro Educador,"Gestão de políticas sociais, de direitos e equidade"
"Solicitar providências referente a um vazamento de água localizado na Rua Joaquim Nabuco, n.º 3138, na Comunidade Chico Mendes.",Rede de abastecimento de água
Requer à CASAN a ampliação do sistema de abastecimento de água potável no Morro do Mocotó.,Rede de abastecimento de água
Requer a convocação do Secretário Municipal de Saúde.,Gestão e Regulação da Saúde Pública
REQUER A REALIZAÇÃO DE AUDIÊNCIA PÚBLICA PARA DEBATER A VIABILIDADE DA IMPLANTAÇÃO DO MODELO DE ESCOLAS CÍVICO-MILITARES NA ESCOLA DE EDUCAÇÃO BÁSICA DE MUQUÉM.,Gestão da Política Educacional
VEDA A DISCRIMINAÇÃO DE PESSOAS NO ACESSO AOS ELEVADORES EXISTENTES NO MUNICÍPIO DE FLORIANÓPOLIS E DÁ OUTRAS PROVIDÊNCIAS.,Promoção da equidade e combate à discriminação
DISPÕE SOBRE A IMPLANTAÇÃO DE VAGAS DE ESTACIONAMENTO EM ÂNGULO DE 45 GRAUS NAS VIAS PÚBLICAS DO MUNICÍPIO DE FLORIANÓPOLIS,Organização do trânsito
"Dispõe sobre a obrigatoriedade de afixação de placas informativas com o número do disque denúncia para crimes de pedofilia, abuso e exploração sexual de crianças e adolescentes nos locais que especifica, no âmbito do Município de Florianópolis e dá outras providências.",Direitos de Crianças e Adolescentes
"Indicação de manutenção e reparos no parque infantil da NEIM Professora Maria Barreiros, no Bairro Coloninha.",Manutenção da estrutura escolar
Reforma geral da edificação do NEIM Ingleses I.,Manutenção da estrutura escolar
"Solicitação de Travessia Elevada na Rua Cândido Pereira dos Anjos, 1300 - São João do Rio Vermelho.",Organização do trânsito
Limpeza e manutenção da escadaria da Rua Treze de maio_ Morro do Mocotó,Manutenção da infraestrutura viária
Manutenção do mirante e balanço do Morro do Mocotó e criação de deck,Criação e manutenção de área de lazer e atividade física
Indica a realização de mutirão de castração no Bairro Monte Verde,Bem-estar e proteção animal
Solicitação de Disponibilização de Placas Indicativas de Ponto de Ônibus para a Intendência Distrital do Rio Vermelho.,Manutenção de pontos de ônibus
Solicitação de Reparos na Pavimentação – Rua Sérgio Lopes Falcão esquina com a Rua Lauro Linhares - Trindade.,Manutenção da infraestrutura viária
Solicitação de Hidrojato na Rua Davi José Bastos – Bairro Rio Vermelho.,Limpeza Urbana
"Solicitação de recolocação de ponto de ônibus – Saída da Rua Vicentina Custódia Santos, Bairro Rio Vermelho.",Manutenção de pontos de ônibus
"Solicitação de reforma e reestruturação do playground localizado no Parque Ecológico Ilha das Conchas, no bairro Abraão",Criação e manutenção de área de lazer e atividade física
"Solicitação de Hidrojato na Rua dos Pescadores, Ingleses.",Limpeza Urbana
Solicitação de Recolha de Lixo Pesado – Caminho do Sítio (ao lado do nº 47).,Limpeza Urbana
Solicitação de poda de árvores na Rua dos Manacás – Rio Vermelho.,Limpeza Urbana
Solicitação de manutenção de tampa de concreto em boca de lobo – Rodovia Admar Gonzaga.,Rede de esgotamento sanitário
Solicitação de Hidrojato na Rua João Magalhães - Ingleses.,Limpeza Urbana
Solicitação de Análise Técnica para Instalação de Iluminação Pública - Rodovia João Gualberto Soares.,Iluminação pública
Solicitação de Instalação de Faixa de Pedestres - Servidão Antônio Thiago Nunes.,Organização do trânsito
Solicitação de reparo na pavimentação - Travessa Narciso Lima - Saco dos Limões.,Manutenção da infraestrutura viária
"Solicitação de Instalação de Abrigo em Ponto de Ônibus na Rua General Rosinha, Centro.",Manutenção de pontos de ônibus
Solicitação para Implementação de Lombada na Rodovia João Gualberto Soares - n°4571.,Organização do trânsito
Solicitação de Poda de Árvore - Em Frente à Escola Básica Municipal Luiz Cândido da Luz.,Limpeza Urbana
"Solicitação de Reparos na Pavimentação – Rua Altamiro Barcelos Dutra, 80 - Barra da Lagoa.",Manutenção da infraestrutura viária
"Solicitação de Roçagem e Limpeza na Travessa Paraguaçu, no bairro Estreito.",Limpeza Urbana
"Solicitação de Reinstalação de Faixa de Pedestres-Rodovia João Gualberto Soares, em frente à Intendência.",Organização do trânsito
Requer informações sobre a quantidade de vagas escolares integrais disponibilizadas pelo município de Florianópolis,Vagas em creches e escolas
Assunto: Solicitação de cronograma e medidas transitórias para o Serviço de Acolhimento a Mulheres em Situação de Violência Doméstica,Política para mulheres
"INCLUI ITEM NO ANEXO I DA LEI N. 10.482, DE 2019 - “Dia Municipal de Conscientização da Síndrome de Tourette” e dá outras providências.",Dia Municipal
"REQUER A CRIAÇÃO DE FRENTE PARLAMENTAR DO DESENVOLVIMENTO URBANO, DO MERCADO IMOBILIÁRIO E DA INDÚSTRIA DA CONSTRUÇÃO CIVIL.",Frente Parlamentar
"Requer informações sobre Contratos de Licitação com a empresa NURREVI BRASIL, para serviços com a Administração Pública Municipal de Florianópolis  – SC.","Compras, contratos e patrimônio público"
Requer Juntada de Documentos ao PROJETO DE LEI N.º 19360/2024.,Juntada de documento
DESARQUIVAMENTO PROJETOS DE LEI Ns. 19.139/2024 e 19.412/2024,Desarquivamento de proposição
DESARQUIVAMENTO PROJETO DE LEI N. 15.430/2013,Desarquivamento de proposição
"Solicitação de Travessia Elevada na SC-404, nº 2657 - Itacorubi.",Organização do trânsito
Moção de aplausos à Torcida Organizada Gaviões Alvinegro pela Ação Solidária de Páscoa para as Crianças da Comunidade  do Monte Cristo.,Moção de aplausos
Solicitação de poda de árvores na Rua Benedito Teresio de Carvalho Júnior – Estreito.,Limpeza Urbana
Solicitação de poda de arbustos na esquina da Rua Doutor Fernando Emilio Wendhausen com a Rua Volny Martins – Córrego Grande.,Limpeza Urbana
Solicitação de Iluminação Pública na praça localizada na entrada da Rua Doutor Fernando Emilio Wendhausen – Córrego Grande.,Iluminação pública
"solicitar a instalação de uma placa de ""Proibido Parar e Estacionar"" na Rua Servidão Firmino Severino Sagaz, no bairro Rio vermelho, em Florianópolis.",Organização do trânsito
Indicação de implantação de sinalização indicativa e turística da Via Gastronômica Ponta Norte,Organização do trânsito
"Indica ao Executivo Municipal a necessidade de reparos na Rua das Orquídeas, no bairro Carvoeira",Manutenção da infraestrutura viária
Indica ao Executivo Municipal a necessidade de instalação de lixeiras e tonéis para descarte adequado de resíduos nas vias públicas do Centro.,Limpeza Urbana
"Solicitação de Instalação de Cobertura em Ponto de Ônibus na Rua General Vieira da Rosa, 962 – Centro, Florianópolis – SC, 88010-400.",Manutenção de pontos de ônibus
Arquivamento do Projeto de Lei Complementar nº 1.974/2025.,Arquivamento de proposição
"Solicitação de Travessia Elevada na SC-405, 2179 - Rio Tavares, Florianópolis - SC, 88048.",Organização do trânsito
SOLICITA GRANDE EXPEDIENTE PARA HOMENAGEAR OS 98 ANOS DA EMPRESA CANASVIEIRAS TRANSPORTES LTDA.,Sessão Comemorativa
"ALTERA O ARTIGO 1°, DA LEI N.593/2001, CONFERINDO EXTENSÃO A SERVIDÃO WALDEMIRO PEREIRA CARPES, BAIRRO RIBEIRÃO DA ILHA, MUNICÍPIO DE FLORIANÓPOLIS/SC.",Legalização e denominação de vias e espaços públicos
Dispõe sobre aplicação de multa e sanção administrativa a quem praticar invasão contra propriedade pública ou privada no âmbito do Município de Florianópolis e dá outras providências.,Fiscalização administrativa e sanções
"Dispõe sobre a proibição de exigências e cobranças para guardar, estacionar ou vigiar veículo automotor estacionado em via pública, sem autorização do Poder Público Municipal ou fora das hipóteses previstas em lei no âmbito do Município de Florianópolis.",Estacionamentos e vagas rotativas
"ALTERA O ARTIGO 1º DA LEI CMF Nº 202/97, (EXTENSÃO QUE DENOMINA VIA PÚBLICA DE SERVIDÃO DO PORTO)",Legalização e denominação de vias e espaços públicos
"O Vereador que esta subscreve, na forma regimental, solicita o envio de expediente ao Chefe do Poder Executivo, solicitando que se faça as manutenções e adequações necessárias para o bem-estar da população que utilizam as Unidades Básicas de Saúde (UBS/postinhos de saúde) em todas as regiões desta Capital.",Equipamentos públicos de saúde
"O Vereador que esta subscreve, na forma regimental, solicita o envio de expediente ao Chefe do Poder Executivo, solicitando que se faça as manutenções e adequações necessárias para o bem-estar da população que utilizam as Capelas Mortuárias desta Capital.",Obras e Reparos Urbanos
"Solicitação de Redutores de Velocidade na Rua Capitão Romualdo de Barros, 126 - Bairro Saco dos Limões.",Organização do trânsito
"Solicitação de Poda de Árvores - Servidão Luísa Fernandes Costa, Bairro Rio Vermelho.",Limpeza Urbana
"Solicitar três (03) contentores de lixo de 1000 litros na Rua Professor Egídio Ferreira, nº 599, Bairro Monte Cristo.",Limpeza Urbana
"Gostaria de solicitar a instalação de uma lixeira pública com capacidade para 1.000 (mil) litros, na Servidão Rouxinol, localizada ao lado do 22º Batalhão da Polícia Militar, em frente ao número 62, no bairro Monte Cristo.",Limpeza Urbana
"Venho solicitar com urgência a realização de reparo asfáltico na Rua Santiago Dantas, nº 103, no bairro Estreito, tendo em vista a precariedade do pavimento no referido trecho.",Manutenção da infraestrutura viária
"Gostaria de solicitar o reparo asfáltico da Rua Comandante José Ricardo Nunes, nº 91, no bairro Capoeiras.",Manutenção da infraestrutura viária
"Solicita-se a realização de manutenção asfáltica na Avenida Almirante Tamandaré, no trecho compreendido entre os números 85 e 223, no bairro de Coqueiros, em razão do evidente desgaste da pavimentação.",Manutenção da infraestrutura viária
"Venho, por meio deste, solicitar a imediata desobstrução do bueiro localizado na Rua Doutor Abel Capela, em frente ao número 846, no bairro Coqueiros.",Rede de esgotamento sanitário
solicitando instalação de sinalização semafórica sonora,Organização do trânsito
"Solicito o recapeamento do buraco localizado na Rua Elesbão Pinto da Luiz, n.º 912, com o objetivo de garantir a segurança dos transeuntes e a adequada qualidade da malha viária.",Manutenção da infraestrutura viária
"Venho, por meio desta, solicitar com urgência o reparo da boca de lobo localizada na Rua da Fonte, nº 138, no bairro de Coqueiros, que atualmente se encontra quebrada e danificada, representando um risco significativo à segurança da comunidade local.",Rede de esgotamento sanitário
"Solicita a doação de materiais esportivos para o Projeto TEA Tapera, voltado à inclusão de crianças e adolescentes com Transtorno do Espectro Autista – Bairro Tapera.",Pessoas com deficiência e neurodivergentes
"Senhor Presidente, O Vereador que esta subscreve, na forma regimental, solicita o envio de expediente ao Excelentíssimo Senhor Prefeito Municipal de Florianópolis, Topázio Silveira Neto, requerendo que este Prefeito solicite ao Governo do Estado de Santa Catarina a municipalização da Rodovia SC-402, no trecho compreendido entre a Escola Vila Olímpia e o entroncamento com a Avenida dos Búzios, no bairro Jurerê, nesta Capital, com a consequente implantação de infraestrutura urbanística, incluindo iluminação pública, calçadas, ciclovia, entre outros.",Relações institucionais e cooperação
"Solicitação de travessia elevada na Rodovia João Gualberto Soares, 7697 - Rio Vermelho, Florianópolis - SC, 88060-000.",Organização do trânsito
"Solicitação de travessia elevada na SC-403, 655 - Vargem Grande, Florianópolis - SC, 88058-001.",Organização do trânsito
"Solicitação de travessia elevada na Rodovia Virgílio Várzea, 844 - Vargem Pequena, Florianópolis - SC, 88054-605.",Organização do trânsito
"Solicitação de travessia elevada na Rodovia Jornalista Maurício Sirotsky Sobrinho, 2525 - Jurerê, Florianópolis - SC, 88053-700.",Organização do trânsito
"Solicitação de travessia elevada na Rodovia Baldicero Filomeno, 3190 - Ribeirão da Ilha, Florianópolis - SC, 88064-001.",Organização do trânsito
"Solicitação de travessia elevada na Rodovia Francisco Thomaz dos Santos, 5937 - Armação do Pântano do Sul, Florianópolis - SC, 88066-000.",Organização do trânsito
"Solicitação de Travessia Elevada na Rodovia Açoriana, 2751 - Tapera da Base, Florianópolis - SC, 88049-101.",Organização do trânsito
Requerimento de pedido de Informação sobre a Situação do Centro de Saúde Carianos.,Equipamentos públicos de saúde
Requer realização de Audiência Pública no âmbito da Comissão da Defesa dos Direitos da Mulher e da Promoção da Igualdade de Gênero.,Política para mulheres
Requer-se à CASAN que averigue e tome as devidas providências quanto a um vazamento de água a céu aberto – Rua Barão Von Wangenheim 1692,Rede de abastecimento de água
INSTITUI A POLÍTICA DE ABONO DE FALTA NOS CASOS DOS CUIDADOS PARA OS/AS EMPREGADOS/AS NOS CONTRATOS CELEBRADOS PELA ADMINISTRAÇÃO PÚBLICA.,Direitos e condições de trabalho
Requer-se à CELESC que averigue e tome as devidas providências quanto a manutenção em tampa de caixa de passagem elétrica subterrânea.,Manutenção de rede elétrica
Indicação de estudo de viabilidade de melhoria ao acesso ao NEIM Professora Sueli Gadotti Rodrigues - Rio Vermelho,Manutenção da infraestrutura viária
"Venho, por meio deste, solicitar, com a máxima urgência, o reparo da boca de lobo localizada na Rua Campolino Alves, nº 700, no bairro de Coqueiros. A referida estrutura encontra-se atualmente aberta e desprotegida, configurando grave risco à segurança dos moradores e transeuntes da região.",Rede de esgotamento sanitário
"Venho, por meio deste, solicitar, com a máxima urgência, a realização de estudo técnico que viabilize a imediata reparação de um buraco localizado na Rua Jornalista Rodolfo Eduardo Sullivan, n.º 292, no bairro Jardim Atlântico.",Manutenção da infraestrutura viária
"Venho, por meio deste, solicitar o recapeamento da Rua Paula Ramos, especialmente nas imediações do número 573, tendo em vista que as condições atuais do pavimento têm causado inúmeros transtornos à população local.",Manutenção da infraestrutura viária
INDICAÇÃO SOLICITANDO QUESTÕES DE MANUTENÇÃO TRANSPORTE COLETIVO,Transporte público
"Sugere ao Executivo Municipal a implantação de uma nova linha de ônibus interligando os bairros Ratones e Vargem Pequena, com o objetivo de melhorar a mobilidade urbana e o acesso ao transporte coletivo na região.",Transporte público
"Sugere providências ao órgão competente para realização de drenagem e pavimentação em toda extensão da Servidão Pitanga da Praia, localizada no Bairro Campeche",Manutenção da infraestrutura viária
"Sugere providências ao órgão competente para realização de drenagem e pavimentação em toda extensão da Servidão Manoel Pires Bello, localizada no Bairro Campeche.",Manutenção da infraestrutura viária
"Sugere providências ao órgão competente para realização de drenagem e pavimentação em toda extensão da Servidão Verde Vale do Sol, localizada no Bairro Campeche.",Manutenção da infraestrutura viária
"Sugere providências ao órgão competente para a realização de obras de pavimentação e drenagem em toda a extensão da Servidão dos Quero-Quero, localizada no Bairro Campeche",Manutenção da infraestrutura viária
"Sugere providências ao órgão competente para a realização de obras de pavimentação e drenagem em toda a extensão da Servidão das Chácaras, localizada no Bairro Campeche",Manutenção da infraestrutura viária
"Sugere providências ao órgão competente para a realização de obras de pavimentação e drenagem em toda a extensão da Servidão Gralha Azul da Serra, localizada no Bairro Campeche",Manutenção da infraestrutura viária
"Sugere providências ao órgão competente para a realização de obras de pavimentação e drenagem em toda a extensão da Servidão Porto Velho, localizada no Bairro Rio Tavares",Manutenção da infraestrutura viária
Sugere providências ao órgão competente para a implementação de bueiros inteligentes em todo o território municipal.,Rede de esgotamento sanitário
"Sugere providências ao órgão competente para o estudo da viabilidade de implementação de ‘Paradas de Ônibus Verdes’, com a instalação de sistema de iluminação de led, bancos confortáveis tomadas para recarga de aparelhos celulares e botão de emergência em locais críticos.",Manutenção de pontos de ônibus
"Indica a instalação de abrigo para ponto de ônibus na Av. Mauro Ramos, no Centro",Manutenção de pontos de ônibus
Indica reparos e adequação no piso tátil em calçada para pessoas com deficiência no bairro Lagoa da Conceição,Acessibilidade
"O Vereador que este subscreve, na forma regimental, requer o envio de expediente para a Secretaria do Estado de Infraestrutura do Governo de Santa Catarina, solicitando a instalação de Guard Rail na seguinte via SC 404 – Rodovia Admar Gonzaga.",Organização do trânsito
Requer a CASAN averiguar ligação da rede de água da Rua Joaquim Rosa da Silva - João Paulo.,Rede de abastecimento de água
"Institui o “Selo Empresa Amiga do Cuidado”, destinado a reconhecer empresas que abonem faltas de suas empregadas e empregados para acompanhamento de filhos, tutelados ou pessoas sob sua responsabilidade em atendimentos de saúde ou compromissos escolares.",Direitos e condições de trabalho
"DECLARA DE UTILIDADE PÚBLICA MUNICIPAL O CENTRO ESPÍRITA TENDA UMBANDISTA LUZ MILENAR, NOS TERMOS DA LEI MUNICIPAL N. 7.798/2008.",Título de utilidade pública
DISPÕE SOBRE A INSPEÇÃO PREDIAL PERIÓDICA NAS EDIFICAÇÕES E DÁ OUTRAS PROVIDÊNCIAS.,Fiscalização administrativa e sanções
Moção de Aplausos em defesa da CASAN pública e de qualidade para os cidadãos de Florianópolis,Moção de aplausos
"Moção de aplausos a Rádio Regional FM pelos seus 20 anos de história, compromisso e conexão com o povo.",Moção de aplausos
"Solicita realização de Sessão Especial em homenagem ao ex-vereador Gabriel Meurer (Gabrielzinho), por ocasião da data em que completaria 40 anos de vida.",Sessão Solene
"Solicitação de providências referente às demandas do Núcleo de Educação Infantil Municipal Campeche, localizado na Servidão Dionízio Raphael Ignácio, 287, no bairro Campeche, CEP 88010-102.",Manutenção da estrutura escolar
"Solicitação de manutenção nos sumidouros na Servidão Redusino da Silveira, no bairro Rio Vermelho.",Rede de esgotamento sanitário
"Solicitação de providências referente às demandas do Núcleo de Educação Infantil Municipal Pequeno Príncipe, localizado na Rua Francisco Viêira, n. 200, no bairro Morro das Pedras, CEP 88010-102.",Manutenção da estrutura escolar
"Solicitação de drenagem na Servidão Spiwak, no Bairro Estreito.",Rede de drenagem
Solicitação de Visita Técnica para Verificação de Vala de Escoamento.,Rede de esgotamento sanitário
licitação de análise e poda completa de árvore em estado de deterioração- Rua Fabriciano Inácio Monteiro N°983.,Limpeza Urbana
Solicito a manutenção da Iluminação no Centro Social da Coloninha.,Iluminação pública
"Solicitação de Hidrojato na Rua Arquipélago – Vargem do Bom Jesus, Bairro Rio Vermelho.",Limpeza Urbana
Solicitar a realização da poda das àrvores localizados na Servidão Caminho do Lago – Bairro Rio Vermelho.,Limpeza Urbana
"Solicitação de reposição de contentor de lixo, Rua Professora Áurea Cruz – Bairro Capoeiras.",Limpeza Urbana
"Solicitação de recolocação de ponto de ônibus – Rodovia Antônio Luiz Moura Gonzaga,  Porto da Lagoa, nº 65.",Manutenção de pontos de ônibus
Solicitação de poda de árvores na Rua Cândido Pereira dos Anjos – Bairro Rio Vermelho.,Limpeza Urbana
Solicitação de uma máquina de lavar roupas para o NEIM Vila União.,Aquisição de equipamentos e mobiliário escolar
"Venho, por meio deste, solicitar, com a máxima urgência, o reparo da boca de lobo localizada na Rua José Abreu, 350, no bairro Canto. A referida estrutura encontra-se atualmente aberta e desprotegida, configurando grave risco à segurança dos moradores e transeuntes da região.",Rede de esgotamento sanitário
"Solicita verificação e reparo urgente de afundamento e buraco na Travessa Rodolfo Silva, nº 185, no bairro Jardim Atlântico.",Manutenção da infraestrutura viária
Moção de Repúdio à privatização da CASAN.,Moção de repúdio
AUDIÊNCIA PÚBLICA PROIBIÇÃO TRÁFEGO DE MOTOS NA PONTE PÊNSIL DA BARRA DA LAGOA.,Organização do trânsito
CONCEDE TÍTULO DE CIDADÃ HONORÁRIA Á SENHORA ELZA GALDINO.,Título de cidadã e cidadão honorário
"RECONHECE COMO DE INTERESSE HISTÓRICO, CULTURAL, DESPORTIVO E SOCIAL PARA O MUNICÍPIO DE FLORIANÓPOLIS O ESTÁDIO ADERBAL RAMOS DA SILVA, CONHECIDO COMO RESSACADA, SEDE DO AVAÍ FUTEBOL CLUBE.",Patrimônio cultural
"RECONHECE COMO DE INTERESSE HISTÓRICO, CULTURAL, DESPORTIVO E SOCIAL PARA O MUNICÍPIO DE FLORIANÓPOLIS O ESTÁDIO ORLANDO SCARPELLI, SEDE DO FIGUEIRENSE FUTEBOL CLUBE.",Patrimônio cultural
Pedido de aquisição de material de rastreio e suporte a transtornos neurodivergentes_  CeDRA,Pessoas com deficiência e neurodivergentes
Solicitação de micro-ônibus para competição universitária.,Apoio e fomento ao esporte
"Indica providências à COMCAP para a Limpeza da Margem do Canal da Barra da Lagoa, ao longo da Avenida João Gualberto Soares",Limpeza Urbana
"Solicitar o recolhimento de entulhos depositados na Rua Professora Áurea Cruz, nº 331, no bairro Capoeiras.",Limpeza Urbana
Indica adaptação em calçadas da Rua Fúlvio Aducci para possibilitar o crescimento de árvores sem prejudicar a segurança de pedestres,Manutenção da infraestrutura viária
Indica elevação de faixa de pedestres no cruzamento da rua General Eurico Gaspar Dutra com a rua Henrique Boiteux,Organização do trânsito
contratação imediata de fonoaudiólogo para o CeDRA,Pessoas com deficiência e neurodivergentes
ampliação da carga horária de psiquiatra e neurologista para o CeDRA,Trabalhadores da saúde
"Solicitar a retirada de resto de asfalto acumulado na Rua Prefeito Rogério Vieira, nº 256, no bairro Coloninha.",Limpeza Urbana
"Manutenção e reparo de um buraco localizado na Rua Professor Clementino Brito, nº 222, no bairro Capoeiras.",Manutenção da infraestrutura viária
"Solicitar recolhimento de entulhos acumulados na Rua Professora Áurea Cruz, nº 136, no bairro Capoeiras.",Limpeza Urbana
"Solicitar que sejam adotadas providências para o recolhimento de entulhos acumulados na Rua Professora Áurea Cruz, nº 145, no bairro Capoeiras.",Limpeza Urbana
"Solicitar com urgência, a manutenção e o reparo de um buraco localizado na Rua Professora Áurea Cruz, nº 195, no bairro Capoeiras.",Manutenção da infraestrutura viária
"Solicitar 01 (um) contentor de lixo com capacidade de 1.000 (mil) litros para a Rua Professora Áurea Cruz, 331 no bairro Capoeiras.",Limpeza Urbana
"Manutenção e limpeza nas bocas de lobos e nas grades de proteção na Rua dos Curiós, Ingleses do Rio Vermelho.",Rede de esgotamento sanitário
"Indica fiscalização da FLORAM, para que seja verificado despejo de esgoto na Praia do meio em Coqueiros.",Rede de esgotamento sanitário
Solução para umidade e mofo em salas da EBM Almirante Carvalhal,Manutenção da estrutura escolar
Indica reparos urgentes no NEIM Almirante Lucas Alexandre Boiteux no Centro,Manutenção da estrutura escolar
Requer informações sobre as atas de reunião com a comunidade escolar a respeito da implementação do Programa Escola em Tempo Integral.,Gestão da Política Educacional
Solicitação de informações sobre o Programa de Vacinação contra o HPV para adolescentes no município de Florianópolis.,Gestão e Regulação da Saúde Pública
"Requer à CASAN verificação de vazamento de esgoto na esquina da Rua Nunes Machado com a Rua Tiradentes, no Centro Leste",Rede de esgotamento sanitário
Requer a Secretaria de Educação informações referentes aos cadernos (apostilas) Educa Floripa,Material didático
PEDIDO DE DESARQUIVAMENTO DO PROJETO DE RESOLUÇÃO N.º 2.882/2024.,Desarquivamento de proposição
"Requer esclarecimentos ao comando do 4º BPM sobre operação realizada na noite do dia 13/05/2025, com alvo as pessoas em situação de rua no centro de florianopolis",Pessoas em vulnerabilidade ou risco social
Devido a COSIP não atender este caso vimos requerer a CELESC extensão de rede na Servidão Percival Pires - Vargem Grande.,Manutenção de rede elétrica
Requer informações a respeito da possibilidade de troca de espaço de atendimento das crianças no CEDRA.,Pessoas com deficiência e neurodivergentes
Requer informações a respeito da fila de espera para a fonoaudiologia no município de Florianópolis.,Gestão e Regulação da Saúde Pública
Requer informações a respeito de equipamentos de fonoaudiologia no CEDRA.,Pessoas com deficiência e neurodivergentes
CONCEDE MEDALHA DO MÉRITO DESPORTIVO MIGUEL LIVRAMENTO AO SENHOR “VAGNER DE ANDRADE (KCHAÇA)”.,Medalha do Mérito Desportivo Miguel Livramento
CONCEDE MEDALHA DO MÉRITO  DESPORTIVO MIGUEL LIVRAMENTO DO MUNICÍPIO DE FLORIANÓPOLIS AO SENHOR WILSON MARTINS PIRES “in memoriam”,Medalha do Mérito Desportivo Miguel Livramento
"Melhorar a captação de água na Rua dos Curiós, Ingleses do Rio Vermelho.",Rede de esgotamento sanitário
Requerimento de Informação à UNIVERSIDADE FEDERAL DE SANTA CATARINA – UFSC relacionado aos Processos que trantam da possível alteração do nome do Campus da Trindade.,Legalização e denominação de vias e espaços públicos
"manutenção e reforma do parque, quadra de esportes e pier da Lagoa da Chica_ Campeche Leste",Criação e manutenção de área de lazer e atividade física
Indica adoção de providências para retificar a redação da Lei Municipal nº 10.920/22,"Compras, contratos e patrimônio público"
Reforma do parque e quadra de esportes anexos a Intendência do Pântano do Sul,Criação e manutenção de área de lazer e atividade física
"Indica ao Executivo Municipal a necessidade de limpeza (corte de mato, poda e retirada de resíduos) em terreno na extrema do Condomínio Residencial Itaguaçu, no bairro Jardim Atlântico.",Limpeza Urbana
Solicitar a limpeza e manutenção das dependências do Núcleo de Educação Infantil Municipal (NEIM) Paulo Michels.,Manutenção da estrutura escolar
"Solicitar a continuação do calçamento com lajotas na Rua Carlos Augusto Domingues, a partir do número 173, no bairro Itaguaçu.",Manutenção da infraestrutura viária
"Solicitar a limpeza e a roçagem da calçada na Rua Desembargador Gil Costa, nº 84, no bairro Capoeiras.",Limpeza Urbana
"Solicita drenagem na Servidão João Salvador Perez, nº 234 – bairro Monte Cristo.",Rede de drenagem
"Solicita drenagem na Rua Paralela Novo Horizonte, nº 3530 – bairro Monte Cristo",Rede de drenagem
"Solicita drenagem na Servidão Ipê Alto, nº 176 – bairro Monte Cristo",Rede de drenagem
"Solicita manutenção e reparo em buraco na Rua João Meirelles, nº 28 – bairro Itaguaçu",Manutenção da infraestrutura viária
"Indica ao Executivo Municipal a necessidade de criação de protocolo de atendimento emergencial à animais abandonados em razão de morte ou doença grave de seus tutores, no âmbito da DIBEA e CCZ.",Bem-estar e proteção animal
"Esclarecimentos acerca da implementação da Lei Municipal nº 11.134/2024, que regulamenta a internação humanizada no município de Florianópolis",Pessoas em vulnerabilidade ou risco social
"Requer a realização de Audiência Pública no âmbito da Comissão de Educação, Cultura e Desporto (CECD) para debater a execução da Política Nacional Aldir Blanc (PNAB) no município de Florianópolis.",Gestão e Regulação da Cultura e Lazer
Requer à Secretaria Municipal de Assistência Social a retomada de apoio às famílias que são atendidas pelo CEDRA.,Pessoas com deficiência e neurodivergentes
"Solicita à CASAN verificação de possível vazamento de água na Rua Vinte e Três de Março, nº 57 – bairro Itaguaçu",Rede de abastecimento de água
"Requerimento de pedido de Informação sobre a situação do Centro de Saúde Jurerê, acerca da situação do atendimento médico no Centro de Saúde Jurerê.",Equipamentos públicos de saúde
JUNTADA DE DOCUMENTO AO PROJETO DE RESOLUÇÃO N.º 2.882/2024.,Juntada de documento
"Indica adoção de providências necessárias para a melhoria das condições urbanas, de segurança e mobilidade na Alameda Governador Heriberto Hülse",Manutenção da infraestrutura viária
"À CASAN solicitando o recolhimento de entulho na Rua Olegário da Silva Ramos, no bairro Capoeiras.",Limpeza Urbana
"Requer à Secretaria Municipal de Saúde, à Secretaria Municipal de Educação e à Secretaria Municipal de Assistência Social a retomada de apoio às famílias que são atendidas pelo CEDRA, voltando com a oferta de lanches.",Pessoas com deficiência e neurodivergentes
"Solicito à Companhia Catarinense de Águas e Saneamento – CASAN, para verificar possível vazamento de água na Avenida Juscelino Kubitschek de Oliveira, nº 469, no bairro Estreito, em frente ao posto de combustível.",Rede de abastecimento de água
RECONHECE A LÍNGUA BRASILEIRA DE SINAIS – LIBRAS – COMO MEIO LEGAL DE COMUNICAÇÃO E EXPRESSÃO NO ÂMBITO DO MUNICÍPIO DE FLORIANÓPOLIS E ASSEGURA DIREITOS LINGUÍSTICOS A CANDIDATOS SURDOS EM PROCESSOS SELETIVOS E CONCURSOS PÚBLICOS MUNICIPAIS.,Pessoas com deficiência e neurodivergentes
Declara de utilidade pública municipal o Politize!,Título de utilidade pública
"Solicita limpeza e poda de árvores em terreno localizado na Servidão Ponto de Vista, no bairro Carvoeira",Limpeza Urbana
"Solicita limpeza e manutenção das caixas sumidouras na Servidão Redusino da Silveira, no bairro São João do Rio Vermelho",Rede de esgotamento sanitário
"Indica a reposição do contêiner de lixo na área da Antiga Rodoviária, no Centro Leste",Limpeza Urbana
"Gostaria de solicitar com urgência a retirada de entulho asfáltico, que se encontra na calçada localizada na Avenida Ivo Silveira, nº 1449, no bairro Capoeiras.",Limpeza Urbana
"Gostaria de solicitar o recolhimento de entulhos acumulados na Rua Clotilde Gonzaga Dias, em frente ao número 78, no bairro Jardim Atlântico.",Limpeza Urbana
"Solicita reparos nos tampos de bueiros localizados na esquina da Rua Spanhol com a Estrada Vereador Onildo Lemos, no Bairro Ingleses do Rio Vermelho",Rede de esgotamento sanitário
"Solicitar a manutenção de buraco e recapeamento do asfalto na Rua Nossa Senhora do Rosário, nº 799, no bairro Jardim Atlântico.",Manutenção da infraestrutura viária
"Solicitar a recuperação completa do asfalto na Rua Waldemar Ouríques, no trecho compreendido entre os números 44 e 90.",Manutenção da infraestrutura viária
"Solicita o reparo de buraco resultante de recorte no asfalto, localizado na Rua Manoel Pizzolati, 555 no bairro Jardim Atlântico.",Manutenção da infraestrutura viária
"Solicitar o reparo de um buraco na Rua Comandante José Ricardo Nunes, nº 88, no bairro Capoeiras.",Manutenção da infraestrutura viária
"Indica recolhimento do entulho acumulado na Rua José Olímpio da Silva, altura do número 100, no bairro da Tapera, ao lado do CCFV",Limpeza Urbana
instalação de pontos de ônibus cobertos e com assentos,Manutenção de pontos de ônibus
"Gostaria de solicitar com urgência a realização de um estudo técnico detalhado na Rua José de Abreu, nº 350, com foco na verificação e correção das lajotas soltas e irregulares, bem como a análise do nivelamento da via.",Manutenção da infraestrutura viária
"Solicitar que seja refeito o canteiro central localizado no início da Rua Waldemar Ouríques, nas proximidades do número 44, no bairro Capoeiras.",Manutenção da infraestrutura viária
"Indica manutenção e/ou substituição das mudas de árvores plantadas no canteiro central e ao longo da ciclovia da Avenida Aderbal Ramos da Silva, no trecho compreendido entre o Trevo da Seta e o Túnel Antonieta de Barros",Vegetação e arborização urbana
"Indica plantio de árvores nativas no canteiro central em frente ao Mercado Público de Florianópolis, substituindo os atuais vasos",Vegetação e arborização urbana
Requer à Secretaria Municipal de Saúde informações sobre a suspensão dos horários estendidos nos Centros de Saúde do município,Equipamentos públicos de saúde
REQUER A REALIZAÇÃO DE AUDIÊNCIA PÚBLICA PARA DEBATER A OBRIGATORIEDADE DA VACINA CONTRA COVID-19 PARA CRIANÇAS,Gestão e Regulação da Saúde Pública
"Solicita a limpeza de terreno baldio na Rua da Fonte, na Vila Aparecida.",Limpeza Urbana
Indicação à PGM - Solicita informações sobre a Ação Civil Pública que abrange novos empreendimentos no bairro Santa Mônica.,Impactos urbanísticos de empreendimentos
Indicação à SMPHDU - Solicita informações sobre a Ação Civil Pública que abrange novos empreendimentos no bairro Santa Mônica.,Impactos urbanísticos de empreendimentos
"Sugere providências ao órgão competente para o estudo da viabilidade de implementação de uma pista de skate grande e completa no centro da cidade, com áreas tanto de street quanto de bowl.",Criação e manutenção de área de lazer e atividade física
"Sugere providências ao órgão competente para o estudo da viabilidade visando ao alargamento da faixa de areia no trecho mais ao sul da Praia da Armação, especificamente em frente às pedras que protegem as residências dos moradores da ação do mar.",Criação e manutenção de área de lazer e atividade física
"Sugere providências ao órgão competente para que seja proporcionada uma estrutura maior para o Programa Municipal de Agricultura Urbana, sobretudo com a destinação de um veículo que possa ser utilizado para o transporte de ferramentas e plantas.",Segurança alimentar e nutricional
"Indica realização de avaliação técnica da rede de drenagem pluvial na Rodovia Amaro Antônio Viêira, no bairro Itacorubi",Rede de drenagem
instalação de escada e corrimão na Rua da Sede no Morro do Mocotó,Acessibilidade
"Indica a instalação de abrigo para ponto de ônibus na Rua Altamiro Barcelos Dutra, no bairro Barra da Lagoa.",Manutenção de pontos de ônibus
"Instalação de escadaria e corrimão na Rua da Sede, no Morro do Mocotó",Acessibilidade
"Requer a convocação dos Secretários Municipais, Zena Becker, Rodrigo de Bona e Silva, Katherine Schreiner e do ex-secretário Edmilson Carlos Pereira Júnior, a fim de prestar esclarecimentos sobre a licitação, contratação e execução do evento “Réveillon de Drones – Mágico de Floripa 2023/2024”.","Compras, contratos e patrimônio público"
Requerimento de Informações sobre a Abertura de Licitação para Construção do Novo Centro de Saúde Jurerê,Equipamentos públicos de saúde
Requer informações sobre sobre projeto de castração de gatos de rua.,Bem-estar e proteção animal
Requerimento de informações sobre a reforma do Caminho da Costa da Lagoa.,Manutenção da infraestrutura viária
INCLUI DISPOSITIVOS AO ART. 2º DA LEI 9643 DE 2014.,Bem-estar e proteção animal
"Sugere providências ao órgão competente para a realização de obras de pavimentação e drenagem em toda a extensão da Servidão Rosa Cherem Mendes, localizada no Bairro Armação, uma vez que se trata de uma via oficial, porém que ainda não foi contemplada com os referidos serviços de infraestrutura.",Manutenção da infraestrutura viária
"Sugere providências ao órgão competente para a realização de obras de pavimentação e drenagem em toda a extensão da Servidão Amanhecer das Araras, localizada no Bairro Pântano do Sul, uma vez que se trata de uma via oficial, porém que ainda não foi contemplada com os referidos serviços de infraestrutura.",Manutenção da infraestrutura viária
Indica adequação nas normas de acessibilidade da câmara de vereadores de Florianopolis,Acessibilidade
Limpeza imediata das bocas de lobo e instalação de sistema de drenagem com bomba na Rua Maria Conceição – Ingleses.,Rede de esgotamento sanitário
"Solicitação da instalação de câmeras de segurança na Rua Ferreira Lima - Centro Florianópolis - SC, 88015-420.",Infraestrutura de segurança
"Senhor Presidente,O Vereador que esta subscreve, na forma regimental, solicita o envio de expediente ao Chefe do Poder Executivo, sugerindo a alteração da Lei Municipal de nº. 4666/1995, que dispõe sobre a Utilização de Bem Público de Uso Comum do Povo, para estacionamento tipo “Zona Azul”, no intuito de delimitar mais vagas para motocicletas no mencionado estacionamento (para cada 10 (dez) vagas de veículos, uma vaga será destinada para 6 (seis) motocicletas).",Organização do trânsito
"Sugere ao Poder Executivo Municipal, a ampliação do projeto “Via Amiga” com a destinação, aos domingos, do espaço em frente ao Koxixos Beer, na Avenida Beira-Mar Norte, exclusivamente para a exposição e circulação de veículos antigos pertencentes a colecionadores, proibindo o estacionamento de veículos que não se enquadrem nessa categoria.",Criação e manutenção de área de lazer e atividade física
Problemas estruturais – (EBM Brigadeiro Eduardo Gomes),Manutenção da estrutura escolar
Problemas estruturais – (EBM João Gonçalves Pinheiro),Manutenção da estrutura escolar
Problemas estruturais – (EBM Dilma Lúcia dos Santos),Manutenção da estrutura escolar
Instalação de caixa trifásica com tomadas monofásicas para suporte técnico a evento cultural no bairro Novo Campeche.,Evento Cultural
"Requer convocação do Secretário Municipal de Assistência Social, Bruno Souza.","Gestão de Políticas Sociais, de Direitos e Equidade"
Desarquivamento de Projeto de Lei Complementar 01856/2021,Desarquivamento de proposição
Requerimento de pedido de informação sobre a situação do CS Lagoa da Conceição.,Equipamentos públicos de saúde
"À Subsecretaria de Urbanismo e Serviços Públicos, solicitando informações sobre a feira de hortifrútis do Morro da Mariquinha, no cruzamento das ruas Laura Caminha Meira e Cid Gonzaga",Segurança alimentar e nutricional
"DISPÕE SOBRE A PROIBIÇÃO DE ATENDIMENTO A BONECOS HIPER-REALISTAS, CONHECIDOS COMO “BEBÊS REBORN”, OU SIMILARES NAS UNIDADES DE PRONTO ATENDIMENTO (UPAS) E POSTOS DE SAÚDE E HOSPITAL  DO MUNICÍPIO DE FLORIANÓPOLIS, E DÁ OUTRAS PROVIDÊNCIAS.",Equipamentos públicos de saúde
"Cria o Programa Municipal de Assistência Estudantil - PMAES, no âmbito da Secretaria Municipal de Educação de Florianópolis, tem como finalidade ampliar as condições de permanência de crianças e jovens na Educação Básica no município de Florianópolis e dá outras providências.",Gestão da Política Educacional
"Sugere à Prefeitura Municipal de Florianópolis a revitalização das calçadas na Estrada Dom João Becker, no trecho entre os números 923 e 1116, no bairro Ingleses, visando à melhoria da mobilidade, segurança e acessibilidade dos pedestres.",Manutenção da infraestrutura viária
"Sugere à Prefeitura Municipal de Florianópolis a revitalização da calçada na Rua Raul Machado, nº 109, no Centro, em razão de reparo inadequado realizado após obra pública, visando à segurança e acessibilidade dos pedestres.",Manutenção da infraestrutura viária
"CONCEDE MOÇÃO DE APLAUSOS EM COMEMORAÇÃO AOS 190 ANOS DA POLÍCIA MILITAR DE SANTA CATARINA E AO TENENTE-CORONEL RAFAEL REGIS DE SOUSA, COMANDANTE DO 21º BATALHÃO DE POLÍCIA MILITAR, PELO EXCELENTE TRABALHO NA OPERAÇÃO VERÃO 2024/2025 NO NORTE DA ILHA.",Moção de aplausos
Requer informação referente a pessoas em situação de rua.,Pessoas em vulnerabilidade ou risco social
"Requerimento para a realização de reunião ampliada no âmbito da Comissão de Defesa do Consumidor, Direitos Humanos e Segurança Pública para discutir a proposta de mudança de nome do Campus da UFSC nesta Capital.",Legalização e denominação de vias e espaços públicos
Solicita o espaço do Grande Expediente para homenagear os 50 anos da APUFSC-Sindical.,Uso do Grande Expediente para homenagem
Moção de REPÚDIO à violência policial e crimes cometidos pela PM contra pessoas em situação de rua em Florianópolis.,Moção de repúdio
"Indica a instalação de placas de ""Proibido Estacionar"" na Rua Manoel Pizzolati, no Bairro Jardim Atlântico",Organização do trânsito
MOÇÃO DE REPÚDIO À PROPOSTA DE ALTERAÇÃO DE NOME DO CAMPUS DA UFSC.,Moção de repúdio
"Solicitando verificação e providências quanto a um possível vazamento de água na Rua Nossa Senhora das Graças, nº 136, no bairro Estreito.",Rede de abastecimento de água
"Indicação de manutenção e melhorias na infraestrutura da EBM Acácio Garibaldi São Thiago, localizada na Barra da Lagoa.",Manutenção da estrutura escolar
Solicita averiguação de piso podotátil irregular e manutenção de calçadas na Rua das Areias,Manutenção da infraestrutura viária
"Solicitar a recuperação do asfalto e a adequação da boca de lobo na Rua Nossa Senhora das Graças, 237 no bairro Estreito.",Manutenção da infraestrutura viária
"Solicitar reparo de buraco localizado na Rua Waldemar Ouríques, nº 339, no bairro Capoeiras.",Manutenção da infraestrutura viária
"Solicitação de reparo emergencial em afundamento na via pública localizado na Rua Atahualpa de Andrade, nº 837, no bairro Jardim Atlântico.",Manutenção da infraestrutura viária
"Solicitar reparo urgente em buraco localizado na Rua Luís D’Acampora, nº 297, no bairro Jardim Atlântico.",Manutenção da infraestrutura viária
"Sugere providências ao órgão competente para realização da limpeza do trecho restante da vala de drenagem no Rio Tavares, conforme registrado no mapa anexo.",Rede de drenagem
"Retirada de entulhos na Rua Joaquim Nabuco, nº 3290, na comunidade Chico Mendes.",Limpeza Urbana
"Desobstrução de bueiro localizado na Rua Paula Ramos, nº 712, no bairro Capoeiras.",Rede de esgotamento sanitário
"Manutenção urgente de buraco no asfalto localizado na Rua Professora Rosinha Campos, nº 133, no bairro Abraão.",Manutenção da infraestrutura viária
"Limpeza de entulhos e restos de asfalto deixados após obra na Rua João Evangelista da Costa, nº 629, bairro Coloninha.",Limpeza Urbana
"Instalação de barreiras físicas de proteção para pedestres sob a Ponte Hercílio Luz, visando prevenir acidentes e mortes na região da Beira-Mar Norte — Bairro Centro.",Manutenção da infraestrutura viária
realização de reparos asfálticos na Rodovia Francisco Thomaz dos Santos,Manutenção da infraestrutura viária
"Requerer informações à Secretaria Municipal de Educação sobre a situação estrutural, pedagógica e administrativa da Escola Estadual Aníbal Nunes Pires — Bairro Capoeiras.",Gestão da Política Educacional
"Indica a manutenção de estrutura do NEIM Professora Maria Barreiros, no bairro Coloninha.",Manutenção da estrutura escolar
"Indica instalação de novo abrigo do ponto de ônibus localizado na Rodovia Baldicero Filomeno, no bairro Ribeirão da ilha, próximo ao número 10755. ID de parada 122",Manutenção de pontos de ônibus
"Solicitação de elaboração e implementação de estratégias locais no âmbito da “Agenda Nacional Prioritária para o Enfrentamento do HIV/aids, Tuberculose, Hepatites Virais, HTLV, Sífilis e outras Infecções Sexualmente Transmissíveis em Mulheres Vulnerabilizadas"".",Gestão e Regulação da Saúde Pública
"Solicitação de providências quanto às demandas da Escola Básica Municipal Acácio Garibaldi São Tiago, na Rua Altamiro Barcelos Dutra, 1195, no bairro Barra da Lagoa, CEP 88062-560.",Manutenção da estrutura escolar
"Denomina Servidão LÁZARO WALDEMAR DA SILVA, via pública no Bairro Campeche.",Legalização e denominação de vias e espaços públicos
"AUTORIZA O PODER EXECUTIVO MUNICIPAL A FORNECER APARELHO SENSOR DE MONITORAMENTO CONTÍNUO DE GLICOSE, PARA PACIENTES COM TIPO 1 E DÁ OUTRAS PROVIDÊNCIAS.",Prevenção e combate de doenças
DISPÕE SOBRE A DISPONIBILIZAÇÃO DE ESPAÇO DE REPOUSO E ALIMENTAÇÃO ADEQUADA PARA OS PROFISSIONAIS DE SAÚDE NOS LOCAIS DE PRESTAÇÃO DE SERVIÇOS NO MUNICÍPIO DE FLORIANÓPOLIS E DÁ OUTRAS PROVIDÊNCIAS.,Trabalhadores da saúde
CONCEDE MEDALHA E DIPLOMA DE MÉRITO VIRGÍLIO VÁRZEA AO SENHOR ELEAZAR MIGUEL DO NASCIMENTO,Medalha Virgílio Várzea
"DENOMINA VIA PÚBLICA RUA RIO APA, LOGRADOURO PÚBLICO NO BAIRRO LAGOA DA CONCEIÇÃO.",Legalização e denominação de vias e espaços públicos
MOÇÃO DE APLAUSOS ao Cabo Francisco Paulo Neto.,Moção de aplausos
"REQUER INFORMAÇÕES À CASAN SOBRE OBRAS NA RODOVIA JOÃO PAULO, BAIRRO JOÃO PAULO,",Rede de abastecimento de água
"Requer informações sobre funções do Gerente de Gestão do Sistema Único de Assistência Social (SUAS), sr. Gabriel dos Santos Ribeiro, bem como de protocolos de abordagem à população em situação de rua.","Gestão de Políticas Sociais, de Direitos e Equidade"
"À Secretaria Municipal de Saúde, solicitando informações sobre a falta de medicamentos no Centro de Saúde dos Ingleses",Equipamentos públicos de saúde
"Senhor Presidente, O Vereador que este subscreve, na forma regimental, requer o envio de expediente para CELESC, sugerindo providências do órgão competente a fim de que se realize a poda das árvores, localizadas na SC 404, Rodovia Admar Gonzaga:",Limpeza Urbana
Requer o envio de expediente à CELESC para realizar poda de árvores da Tapera.,Limpeza Urbana
Requer juntada de anexo ao Projeto de Lei nº 19430/2025,Juntada de documento
Concede a Medalha Manezinho da Ilha Aldírio Simões ao Senhor José João de Andrade,Medalha Manezinho da Ilha Aldírio Simões
"""CONCEDE MEDALHA DO MÉRITO DESPORTIVO MIGUEL LIVRAMENTO DO MUNICÍPIO DE FLORIANÓPOLIS AO CLUBE ATLÉTICO CATARINENSE.""",Medalha do Mérito Desportivo Miguel Livramento
"Senhor Presidente, O Vereador que esta subscreve, na forma regimental, solicita o envio de expediente à Empresa Racli Limpeza Urbana, CNPJ 26.093.870/0001-46 para apresentação de relatórios detalhados dos serviços de coleta de resíduos sólidos da temporada de verão 2024/2025 no município de Florianópolis e apresentação de plano de ações e estratégias para temporada 2025/2026.",Terceirização de serviço
Solução para os problemas de conexão de internet da EBM Henrique Veras,Manutenção da estrutura escolar
"Solicita o envio de expediente ao Chefe do Poder Executivo, solicitando que seja realizado um estudo técnico com o objetivo de avaliar a viabilidade do fechamento do acesso/retorno localizado na rótula da Eletrosul, na Rua Deputado Antônio Edu Vieira",Organização do trânsito
Reforma da estrutura da EBM profª Dilma Lúcia dos Santos,Manutenção da estrutura escolar
"Sugere ao Executivo Municipal a instalação de iluminação pública na Praça Morro do Quilombo, localizada na Servidão Manoel Félix da Silva, nº 25, bairro Itacorubi, Florianópolis.",Iluminação pública
"Sugere ao Executivo Municipal a solicitação de limpeza e organização da rede de fiação elétrica e telefônica na Rua Felipe Schmidt, nº 705, Centro de Florianópolis.",Manutenção de rede elétrica
"Solicita reparos na calçada e na faixa elevada de petit pavê no acesso à Praia da Saudade, no Bairro Coqueiros",Manutenção da infraestrutura viária
Solicitação de instalação de rede pública de esgoto na Servidão Andre Canoeiro - Vargem Grande.,Rede de esgotamento sanitário
"Indica ao Executivo Municipal a necessidade de ampliação do corpo clínico no Centro de Saúde da Armação, com a contratação de mais médicos, dentistas e outros profissionais da saúde.",Trabalhadores da saúde
"Indica ao Executivo Municipal a necessidade de implantação de sistema binário na entrada da servidão Capitão Schmidt e no entorno da praça da igreja, com adoção de mão única no Bairro Armação.",Organização do trânsito
"Sugere ao Executivo Municipal a realização de reparo no asfalto da Rua Germano Wendhausen, nº 15, Centro de Florianópolis.",Manutenção da infraestrutura viária
"Sugere ao Executivo Municipal a realização de reparo no asfalto da Rua Alves de Brito, nº 141, Centro de Florianópolis.",Manutenção da infraestrutura viária
"Sugere ao Executivo Municipal a realização de reparo na calçada localizada na Rua Almirante Alvim, nº 515, Centro de Florianópolis.",Manutenção da infraestrutura viária
"Sugere ao Executivo Municipal a instalação de iluminação pública em poste localizado na Rua Major Câmara, nº 119, bairro Ingleses, nesta Capital.",Iluminação pública
Indicação de Pavimentação e Recuperação Viária na Servidão Feliciano Martins Vieira após Intervenção da CASAN – Bairro Itacorubi.,Manutenção da infraestrutura viária
Doação de 80 mudas de plantas à Escola Convivência Prime para realização de atividade educativa e ambiental em comemoração ao Dia do Meio Ambiente – Bairro Monte Cristo.,Educação ambiental
"Solicitação de Travessia Elevada na Rua Leonel Pereira, 2499 - Cachoeira do Bom Jesus.",Organização do trânsito
"Solicitação de providências urgentes referente às necessidades do Centro de Saúde da Barra da Lagoa, na Rua Altamiro Barcelos Dutra, 659, bairro Barra da Lagoa, CEP 88061-300.",Equipamentos públicos de saúde
"Indicação de conclusão das obras paralisadas na Avenida Juscelino Kubitscheck de Oliveira, bairro Jardim Atlântico",Manutenção da infraestrutura viária
"Indica repintura e revitalização da ciclofaixa e ciclorrota da Avenida Engenheiro Max de Souza, no bairro de Coqueiros",Infraestrutura cicloviária
Indica ao Executivo Municipal a necessidade de execução de drenagem na Rua Lauro Mendes,Rede de drenagem
Indica ao Executivo Municipal a necessidade de calçamento da Rua Milton Francisco Oscar e execução de galeria pluvial com início na mesma via.,Manutenção da infraestrutura viária
"Indica ao Executivo Municipal a necessidade de revitalização da Rua Joaquim Neves, no bairro Pântano do Sul.",Manutenção da infraestrutura viária
Indica ao Executivo Municipal a necessidade de intensificação do recolhimento de lixo e da manutenção dos espaços públicos no bairro Armação.,Limpeza Urbana
Indica ao Executivo Municipal a necessidade de reforço na segurança e intensificação da fiscalização na Unidade de Conservação da Lagoa do Peri,Segurança e monitoramento de espaços públicos
"bolsão de estacionamento exclusivo para motocicletas na Rua Victor Meirelles, em frente ao Museu Victor Meirelles",Estacionamentos e vagas rotativas
"Sugere ao Executivo Municipal a realização de recolha de lixo na Rua Bento Góia, nº 113, bairro Coqueiros, em Florianópolis.",Limpeza Urbana
Solicita fiscalização de obras e posturas em Jurerê Internacional.,Fiscalização administrativa e sanções
Altera a  Ementa  e o art. 1º da  Lei  5573/1999,Título de utilidade pública
Indica adequação imediata de toda a sinalização de acessibilidade no município de Florianópolis,Acessibilidade
"Sugere a instalação de rampa de acesso para cadeirantes na calçada localizada na Avenida Hercílio Luz, nº 818, em Florianópolis.",Acessibilidade
"Sugere o reparo da grade de proteção do meio-fio na Avenida Hercílio Luz, nº 818, em Florianópolis.",Manutenção da infraestrutura viária
"Sugere a instalação de rampa de acesso para cadeirantes na Rua Araújo Figueiredo, nº 13, no Centro de Florianópolis.",Acessibilidade
Indica tomada de providências para conter esgoto escorrendo no Centro Integrado de Cultura - CIC,Rede de esgotamento sanitário
Requerimento de informação sobre obras de limpeza no Rio Vadik.,Gestão e proteção de corpos hídricos e áreas associadas
"MOÇÃO DE REPÚDIO EM RAZÃO DA RESOLUÇÃO CONJUNTA SAP/MMA Nº 11, DE 8 DE MARÇO DE 2024, QUE IMPÕE SEVERAS RESTRIÇÕES À PESCA ARTESANAL DA TAINHA NO ESTADO DE SANTA CATARINA, COM VIGÊNCIA PROJETADA PARA O ANO DE 2025",Moção de repúdio
Requer a realização de Audiência Pública no âmbito da Comissão Parlamentar Especial a fim de debater sobre as unidades de conservação de Florianópolis,Áreas protegidas e conservação ambiental
CONCEDE MEDALHA DO MÉRITO DESPORTIVO MIGUEL LIVRAMENTO AO AVAÍ KINDERMANN,Medalha do Mérito Desportivo Miguel Livramento
Dispõe sobre a criação e denominação de Praça Pública Municipal.,Legalização e denominação de vias e espaços públicos
Altera a denominação do Largo São Sebastião para “Largo Monsenhor Bianchini”,Legalização e denominação de vias e espaços públicos
Dispõe sobre a confecção de diplomas e certificados em Braille aos alunos com deficiência visual no município de Florianópolis.,Acessibilidade
"REQUERIMENTO USO GRANDE EXPEDIENTE DE 27/05/2025, PELA CDL JOVEM.",Planejamento e orçamento público
"Sugere a revitalização da faixa de pedestres localizada na Rua Anita Garibaldi, nº 156, no Centro de Florianópolis.",Organização do trânsito
"Sugere a revitalização da ciclofaixa localizada na Avenida Hercílio Luz, nº 760, em Florianópolis.",Infraestrutura cicloviária
"Sugere a revitalização da ciclofaixa em toda a extensão da Avenida Hercílio Luz, no Centro de Florianópolis.",Infraestrutura cicloviária
"Sugere a realização de serviço de hidrojateamento em boca de lobo localizada na Rua Visconde de Ouro Preto, nº 18, no Centro de Florianópolis.",Rede de esgotamento sanitário
"Solicito reparos no pavimento da Rua Irmã Bonavita, nas proximidades do número 907, no bairro Jardim Atlântico.",Manutenção da infraestrutura viária
"Solicito que sejam feitos reparos em buraco existente na Rua Araci Vaz Callado, nas proximidades do número 2140, no bairro Canto.",Manutenção da infraestrutura viária
"Solicito reparos necessários na tampa de bueiro localizada na Rua Araci Vaz Callado, nas proximidades do número 2159, no bairro Canto.",Rede de esgotamento sanitário
"Solicito reparos urgentes no trecho da Rua Luiz Gonzaga Valente, nas proximidades do número 847, no bairro Capoeiras.",Manutenção da infraestrutura viária
"Solicito recuperação do pavimento asfáltico na Rua Maria Júlia Ramos e Souza, nas proximidades do número 502, no bairro Capoeiras.",Manutenção da infraestrutura viária
Solicita pavimentação asfáltica da Rua Luiz Gonzaga Valente no bairro Capoeiras.,Manutenção da infraestrutura viária
"Serviços de pavimentação asfáltica na Rua José Abreu, localizada no bairro Canto.",Manutenção da infraestrutura viária
"Solicitar providências para a pavimentação asfáltica da Rua Casemiro de Abreu, situada no bairro Balneário, nas proximidades da praia.",Manutenção da infraestrutura viária
"Solicita o envio de expediente ao Chefe do Poder Executivo, sugerindo ampliar as passagens destinadas a pedestres e ciclistas nas travessias entre as vias da Avenida Beira-Mar Norte",Infraestrutura cicloviária
"Indicação reiterada de reforma e melhorias urgentes na infraestrutura da EBM Mâncio Costa, no Bairro Ratones.",Manutenção da estrutura escolar
Indicação reiterada para manutenção na infraestrutura da EBM Adotiva Liberato Valentim.,Manutenção da estrutura escolar
"Indicação reiterada de reparo da irregularidade no pavimento na R. Cândido Pereira dos Anjos, nº 1361.",Manutenção da infraestrutura viária
"Moção de Aplausos à Isabela Vitória Balastrelli pela conquista do título europeu de JiuJistu, ocorrido no dia 18 de maio de 2025.",Moção de aplausos
"Solicito que a CELESC envie equipe técnica ao local para avaliação e, se necessário, execução da poda preventiva, a fim de evitar acidentes e interrupções no serviço de energia elétrica.",Limpeza Urbana
"Requer-se informações sobre o projeto de Revitalização/Construção de Praça na Rua Abel Álvares Cabral Júnior, localizada no Bairro Ingleses",Criação e manutenção de área de lazer e atividade física
Concede Medalha Manezinho da Ilha Aldírio Simões ao senhor Murilo Valente,Medalha Manezinho da Ilha Aldírio Simões
CONCEDE MEDALHA DO MÉRITO DESPORTIVO MIGUEL LIVRAMENTO AO SENHOR “LUCIANO MERCINDO SILVEIRA”.,Medalha do Mérito Desportivo Miguel Livramento
Indicação reiterada de pavimentação e recuperação da Servidão Luiz Romagnoli - Santo Antônio de Lisboa.,Manutenção da infraestrutura viária
"Solicitação de Travessia Elevada ou lombada na Avenida Prefeito Acácio Garibaldi Santhiago, nº 296 - Joaquina.",Organização do trânsito
"Solicita a manutenção do pontilhão de acesso ao PACUCA, localizado na Avenida Pequeno Príncipe, no bairro Campeche",Manutenção da infraestrutura viária
"Indica reforço da sinalização horizontal amarela e a instalação de placa indicativa na área de giro de ônibus localizada na Rua Lauro Linhares, no bairro Trindade",Organização do trânsito
"Solicitar pavimentação asfáltica na Travessa Antonio Theodoro da Silva, localizada no bairro Monte Cristo.",Manutenção da infraestrutura viária
Indica Reparos na área externa do Centro de Saúde Campeche.,Equipamentos públicos de saúde
"Solicitar o asfaltamento da Travessa Rodolfo Silva, localizada no bairro Coloninha.",Manutenção da infraestrutura viária
"Solicitar que seja feito o asfaltamento da Rua Blides Neves, no trecho compreendido entre os números 638 e 683, localizada no bairro Monte Cristo.",Manutenção da infraestrutura viária
"Solicitar que seja feito o asfaltamento da Travessa Santa Terezinha, localizada no bairro Monte Cristo.",Manutenção da infraestrutura viária
"Solicitar que seja feito o asfaltamento da Travessa das Bananeiras, localizada no bairro Monte Cristo.",Manutenção da infraestrutura viária
"Indica a reconstrução da calçada localizada na Rua Felipe Neves, no bairro Jardim Atlântico",Manutenção da infraestrutura viária
Chamamento público de profissionais de saúde para o CS Armação,Trabalhadores da saúde
"Indica ao Executivo Municipal a necessidade de manutenção dos equipamentos da praça da melhor idade na Rua Abel Álvares Cabral Júnior, no bairro Ingleses.",Criação e manutenção de área de lazer e atividade física
Solicito manutenção e reparo em torno de uma boca de lobo na Rua João Meirelles.,Rede de esgotamento sanitário
"necessidade de instalação de placa de intensificação de sinalização na Rua Milton Francisco Óscar, visando aumentar a segurança no trânsito no bairro Pântano do Sul.",Organização do trânsito
"Indicação reiterada para estudo de viabilidade de implantação de faixa elevada na Av. Mauro Ramos, nº 131 – Centro.",Organização do trânsito
Indicação reiterada de adoção de  modo intermitente nos semáforos localizados na região central de Florianópolis.,Organização do trânsito
Indicação reiterada de estudo de viabilidade para a instalação de faixa elevada para pedestres no trecho de ligação da Rua Antônio Dib Mussi com a Rua Esteves Júnior.,Organização do trânsito
Indicação reiterada de construção de muro na servidão Joaquim Mendes de Euriques.,Manutenção de estrutura
"Solicito reparação de buraco na Rua Saldanha Marinho, em frente ao número 244, no Centro de Florianópolis.",Manutenção da infraestrutura viária
"Solicita recuo da localização da faixa de pedestres no cruzamento entre a Rua do Gramal e a Avenida Pequeno Príncipe, no Bairro Campeche",Organização do trânsito
"Solicita a instalação de novos equipamentos de academia ao ar livre e estação de treino no Portal do Ribeirão, no Bairro Alto Ribeirão Leste",Criação e manutenção de área de lazer e atividade física
"necessidade de realização de calçamento na Rua Milton Francisco Óscar, visando melhores condições de tráfego, segurança e qualidade de vida para os moradores do Pântano do Sul.",Manutenção da infraestrutura viária
"Solicita ao Poder Executivo o conserto do brinquedo ""gira-gira"" danificado na área de lazer da comunidade, localizada na Rua Juvenal Egídio Ramos, nos Açores, visando à segurança e bem-estar das crianças.",Criação e manutenção de área de lazer e atividade física
"Cria a Medalha e o Diploma de Mérito Alessandra Abdalla, em agradecimento às pessoas e entidades que tenham se destacado no município de Florianópolis na luta contra a violência dirigida às mulheres e meninas.",Política para mulheres
"DENOMINA VIA PÚBLICA, SERVIDÃO RECANTO DOS SURFISTAS.",Legalização e denominação de vias e espaços públicos
"DENOMINA VIA PÚBLICA, RUA EMÍLIO SCHNEIDER",Legalização e denominação de vias e espaços públicos
Concede Medalha Manezinho da Ilha Aldírio Simões ao senhor Carlos Trilha Müller,Medalha Manezinho da Ilha Aldírio Simões
Indica a construção de sinalização na esquina entre a Rua Felipe Schimdt e a Rua Hoepcke a respeito da Ponte Hercílio Luz.,Organização do trânsito
"Solicita reparos em ponto de ônibus localizado na Rua Manoel Pizzolati, no Bairro Jardim Atlântico",Manutenção de pontos de ônibus
"Reparo de um afundamento no asfalto localizado próximo à calçada, na Avenida Atlântica.",Manutenção da infraestrutura viária
Indicação Solicitando nivelamento do asfalto na Rua Coronel Pedro Demora 2016,Manutenção da infraestrutura viária
"Sugere a realização, com urgência, de serviços de hidrojato para desentupimento e limpeza da boca de lobo na Rua João Magalhães, bairro Ingleses do Rio Vermelho.",Rede de esgotamento sanitário
Realização de podas das árvores na Rua das Ametistas – Bairro Açores.,Limpeza Urbana
"Senhor Presidente, O Vereador que esta subscreve, na forma regimental, solicita o envio de expediente ao Excelentíssimo Senhor Prefeito Municipal de Florianópolis, Topázio Silveira Neto, requerendo a instalação do sistema de câmeras de reconhecimento facial no bairro Canasvieiras, nesta Capital.",Infraestrutura de segurança
"Requer a realização de Audiência Pública no âmbito da Comissão de Orçamento, Finanças e Tributação (COFT), Comissão de Viação, Obras Públicas e Urbanismo (CVOPU) e Comissão do Meio Ambiente (CMA), a fim de debater sobre o andamento dos investimentos da concessão de água e esgoto.",Gestão e Regulação dos Serviços de Saneamento
"INSTITUI A IDENTIFICAÇÃO UNIVERSAL E OBRIGATÓRIA PARA ACESSO A PROGRAMAS, SERVIÇOS E BENEFÍCIOS SOCIOASSISTENCIAIS E DE SEGURANÇA ALIMENTAR NO MUNICÍPIO DE FLORIANÓPOLIS, ESTABELECE PROCEDIMENTOS PARA ATENDIMENTO A PESSOAS SEM DOCUMENTAÇÃO OFICIAL E DETERMINA MECANISMOS DE TRANSPARÊNCIA E MONITORAMENTO DA POLÍTICA DE INCLUSÃO SOCIAL.",Segurança alimentar e nutricional
Concede Medalha Manezinho da Ilha Aldírio Simões ao senhor Gilmar Justino Marcelino,Medalha Manezinho da Ilha Aldírio Simões
"Altera dispositivos da Lei Ordinária nº 7.474/07, que “Institui a Política Municipal de Saneamento Ambiental e dá outras providências”, para adequá-la ao disposto na Lei Federal nº 14.026, de 15 de julho de 2020 e dá outras providências.",Gestão e Regulação dos Serviços de Saneamento
"Solicita a reforma e reestruturação do playground localizado na Alameda Caminho dos Areais, bairro São João do Rio Vermelho, em Florianópolis.",Criação e manutenção de área de lazer e atividade física
"instalação de lombo-faixas e redutores de velocidade ao longo da Avenida Engenheiro Max de Souza especialmente no cruzamento com rua Abel capela, no bairro de Coqueiros",Organização do trânsito
"Indicação de lajotamento da continuação da Rua Joaquim Carneiro, 814 no bairro Capoeiras.",Manutenção da infraestrutura viária
instalação de carrossel infantil (gira-gira) no parquinho da orla – Bairro Armação.,Criação e manutenção de área de lazer e atividade física
Solicitação de caçamba e manutenção no NEIM Ilha Continente - Capoeiras.,Manutenção da estrutura escolar
Indicação para Recuperação da Pavimentação e Drenagem na Rua Donícia Maria da Costa – Bairro Saco Grande.,Manutenção da infraestrutura viária
"“Dispõe sobre a denominação da Rua Papa Francisco, via pública que parte da Servidão São Paulo, no Bairro da Vargem Grande, nesta Capital.”",Legalização e denominação de vias e espaços públicos
"DENOMINA VIA PÚBLICA, Rua João Canutário de Brito",Legalização e denominação de vias e espaços públicos
Concede Medalha do Mérito Desportivo Miguel Livramento ao coletivo Minas Skate Crew,Medalha do Mérito Desportivo Miguel Livramento
"Indica reparos urgentes na Estrada Francisco Thomas dos Santos, na Costa de Cima do bairro Pântano do Sul",Manutenção da infraestrutura viária
poda de árvore na área externa e manutenção de fossa sanitária do CRAS Capoeiras,Limpeza Urbana
"Desobstrução de bueiro localizado na Rua Francisco Evangelista, em frente ao número 550, na comunidade do Sapé, bairro Jardim Atlântico.",Rede de esgotamento sanitário
"Indica ao Chefe do Poder Executivo Municipal a apresentação de Projeto de Lei Complementar que incluir o art. 46-A, §§1º e 2º, na Lei Complementar nº 63/2003, reduzindo a jornada de trabalho para servidora lactante no âmbito da Administração Pública Municipal.",Direitos e condições de trabalho
"Indica ao Chefe do Poder Executivo Municipal a apresentação de Projeto de Lei Complementar que altera os artigos 101 e 103 da Lei Complementar nº 63/2003, ampliando o prazo da licença-paternidade no âmbito da Administração Pública Municipal.",Direitos e condições de trabalho
Manutenção da estrutura predial do CRAS Capoeiras,Rede de Assistência Social
Adequações de acessibilidade nas dependências e arredores da Câmara de Florianópolis,Acessibilidade
Requer informações sobre o CCDia e a Passarela da Cidadania.,Rede de Assistência Social
"Requer informações sobre o Contrato da Licitação referente ao CCDIA - Centro de Convivência para Adultos em Situação de Rua, a Passarela da Cidadania e a Associação Alberto de Souza.",Rede de Assistência Social
Requer arquivamento do PROJETO DE LEI ORDINÁRIA Nº 19562/2025,Arquivamento de proposição
"Ao Governo de Santa Catarina e SIE-SC, solicitando a implementação de mais faixas de pedestres nos acessos ao elevado do Bairro João Paulo, em Florianópolis",Organização do trânsito
"Ao Governo de Santa Catarina e SIE-SC, solicitando melhorias na iluminação pública na Rodovia João Paulo, especialmente nas áreas dos pontos de ônibus",Iluminação pública
CONCEDE A MEDALHA DIVINO ESPÍRITO SANTO AO SR. PAULO TEIXEIRA DO VALLE PEREIRA,Medalha Divino Espírito Santo
CONCEDE MEDALHA DO MÉRITO DESPORTIVO MIGUEL LIVRAMENTO A “ISABELA VITÓRIA BALASTRELLI DE LIMA”.,Medalha do Mérito Desportivo Miguel Livramento
"CONCEDE A MEDALHA MANEZINHO DA ILHA, ALDÍRIO SIMÕES, AO SR. RENATO CESAR LEBARBENCHON POLLI",Medalha Manezinho da Ilha Aldírio Simões
"Indicação de revitalização e reparos na Ponte José Manoel Agostinho, que atravessa o Canal da Barra da Lagoa.",Manutenção da infraestrutura viária
Indicação de revitalização e reparos na quadra esportiva localizada no Parque Municipal do Morro da Cruz.,Criação e manutenção de área de lazer e atividade física
"Solicita implantação de iluminação pública em travessa/servidão perpendicular à Rua General Rosinha, no Centro.",Iluminação pública
"reparos necessários no asfalto de lajotas da via situada na Travessa Maria Goreti, nº 53,",Manutenção da infraestrutura viária
INDICAÇÃO DE REPARO DE BURACOS NA VIA E REFAZER FAIXA DE PEDESTRE,Organização do trânsito
"Solicitação de manutenção e melhorias viárias – Rua Profa. Rosinha Campos, nº 250",Manutenção da infraestrutura viária
"Manutenção de um buraco localizado na Rua Professora Rosinha Campos, nº 350, no bairro Abraão.",Manutenção da infraestrutura viária
"Manutenção de um buraco localizado na Avenida Patrício Caldeira de Andrada, nº 1120, no bairro Capoeiras, em frente ao Floripa Mall Food Park.",Manutenção da infraestrutura viária
Contratação de pessoal  para o CRAS Continente II,Rede de Assistência Social
"O Vereador que este subscreve, na forma regimental, requer o envio de expediente para CELESC, sugerindo providências do órgão competente a fim de que se realize a poda de árvore, localizadas na Servidão João Francisco Garcez, próximo ao número 30.",Limpeza Urbana
Requer informações à Secretaria Municipal de Saúde sobre as políticas de atendimento e suporte a pessoas com fibromialgia,Gestão e Regulação da Saúde Pública
SOLICITA À CELESC A PODA DE GALHOS NA ESTRADA HAROLDO SOARES GLAVAN.,Limpeza Urbana
"O Vereador que este subscreve, na forma regimental, requer a realização de uma Reunião Ampliada no âmbito da Comissão de Saúde, para discutir sobre o cumprimento ao termo do ajustamento de  conduta- TAC  firmado pela 31ª promotoria de justiça da capital.","Compras, contratos e patrimônio público"
Concede Medalha Cruz e Sousa ao Senhor Marcelo Batista Serafim dos Santos,Medalha Cruz e Sousa
"Dispõe sobre a criação, no âmbito da Câmara Municipal de Florianópolis, do Subprograma Estágio Visita, e dá outras providências.",Gestão da Política Educacional
Concede Medalha do Mérito Desportivo à Matheus Fayad Mangueira Lopes.,Medalha do Mérito Desportivo Miguel Livramento
"Requerimento de Informações a Presidência da CMF – Servidores Comissionados das Comissões Permanentes, Temporárias e Frente Parlamentares.",Gestão de pessoas e carreira no serviço público
"Solicita instalação de rampa de acessibilidade na Avenida Santa Catarina – próximo à Escola E.E.B. Irineu Bornhausen, Bairro Estreito",Acessibilidade
Solicita construção de calçada com acessibilidade na Rua Vereador Gercino Silva – Bairro Estreito,Acessibilidade
Solicita reparo em calçada com rampa de acessibilidade para cadeirantes na Rua General Liberato Bittencourt – Bairro Estreito,Acessibilidade
"Solicita reparo urgente em buraco no asfalto na Rua Manoel de Oliveira Ramos – Bairro Estreito, nas proximidades do nº 243",Manutenção da infraestrutura viária
"Solicita reparos urgentes nas calçadas, além de limpeza e manutenção, na Rua Walmar Oriques – próximo ao Centro de Saúde Coloninha, Bairro Estreito",Manutenção da infraestrutura viária
"Solicita instalação de rampa de acesso para pessoas com deficiência, além de limpeza e manutenção, na Rua Araci Vaz Callado – Bairro Estreito",Acessibilidade
Solicita instalação de rampa de acesso para pessoas com deficiência na Rua General Liberato Bittencourt – Bairro Estreito,Acessibilidade
"Solicitar a manutenção de bueiro aberto, com necessidade de limpeza e instalação de grade de proteção na Rua Elesbão Pinto da Luz, nº 1410, no bairro Jardim Atlântico.",Rede de esgotamento sanitário
"Troca de refletor em campo de futebol localizado no Clube dos 30, ao final da Rua Túlio de Oliveira, após o Projeto Lontra, visando melhoria da iluminação pública e segurança no bairro Armação.",Iluminação pública
"Manutenção e reparo de um buraco localizado na Rua Luiz Gonzaga Valente, nº 17, no bairro Jardim Atlântico.",Manutenção da infraestrutura viária
"Manutenção e reparo de buraco localizado na Rua Irmã Bonavita, nº 1004, no bairro Capoeiras.",Manutenção da infraestrutura viária
"Indica a ativação da linha de ônibus D-360, que conecta o bairro Barra da Lagoa com o Centro.",Transporte público
Solicita desobstrução de bueiro na Rua General Eurico Gaspar Dutra – Bairro Estreito,Rede de esgotamento sanitário
"Solicita à Secretaria de Estado da Infraestrutura e Mobilidade a realização de estudo técnico para a implementação de um sistema binário no Trevo do Erasmo, na Rodovia SC-405.",Organização do trânsito
"Requer a redistribuição do Projeto de Lei nº 19.461/2025 às Comissões de Defesa do Consumidor, Direitos Humanos e Segurança Pública e de Orçamento, Finanças e Tributação, em razão da natureza temática que envolve direitos humanos, segurança pública e relações contratuais econômicas da administração.",Pedido de tramitação em comissão
"Requer informações sobre o programa de implantação do sistema de ônibus elétrico previsto no PPA, com previsão orçamentária de R$ 99 milhões em quatro anos.",Gestão e Regulação da Mobilidade Urbana
"À CASAN solicitando averiguação de possível vazamento de esgoto na praia do Campeche, em Florianópolis",Rede de esgotamento sanitário
REQUER A REALIZAÇÃO DE REUNIÃO AMPLIADA NO ÂMBITO DA COMISSÃO DE MEIO AMBIENTE (CMA) A FIM DE DISCUTIR A SITUAÇÃO DO PARQUE DA LUZ.,Criação e manutenção de área de lazer e atividade física
"Requer informações sobre as contratações realizadas pela Secretaria Municipal de Educação por dispensa e inexigibilidade de licitação, relativas aos Contratos nº 268/SME/2025 (SESI - Bairro Educador) e nº 280/SME/2025 (Amplify Consultoria - Transformação Educacional).","Compras, contratos e patrimônio público"
"Indicação de limpeza do curso d’água localizado na Servidão Macuco, nº 60 – Lagoa da Conceição.",Gestão e proteção de corpos hídricos e áreas associadas
"Manutenção e reparo de um buraco localizado na Rua Prefeito Rogério Vieira, nº 256, no bairro Jardim Atlântico.",Manutenção da infraestrutura viária
"Solicita reparos na calçada da Rua Aracy Vaz Callado, nº 1457, bairro Estreito, Florianópolis.",Manutenção da infraestrutura viária
"Solicita poda de árvore na Rua Rosalina Amélia dos Santos, bairro Rio Vermelho",Limpeza Urbana
"Solicita reparo na pavimentação asfáltica da Rua Manoel Pedro Vieira, nº 134, bairro Morro das Pedras",Manutenção da infraestrutura viária
"Solicita reparo na calçada localizada na Avenida Afonso Delambert Neto, nº 1198, bairro Lagoa da Conceição",Manutenção da infraestrutura viária
"Solicita roçagem e limpeza de praça localizada ao lado do Conselho de Moradores do Saco Grande, na Rodovia Virgílio Várzea, nº 1313, bairro Saco Grande.",Criação e manutenção de área de lazer e atividade física
"Solicita reparo na calçada localizada na Rua Felipe Schmidt, nº 1181, Centro de Florianópolis",Manutenção da infraestrutura viária
"Solicita reparo na calçada localizada na Vila Cleóbolo Serratine, nº 42, Centro de Florianópolis.",Manutenção da infraestrutura viária
"Solicita reparo na calçada localizada na Rua Felipe Schmidt, nº 1048, Centro de Florianópolis.",Manutenção da infraestrutura viária
"Solicita reparo na calçada localizada na Rua Felipe Schmidt, nº 982, Centro de Florianópolis",Manutenção da infraestrutura viária
"Solicita reparo na calçada localizada na Rua Hoepcke, nº 168, Centro de Florianópolis.",Manutenção da infraestrutura viária
"Solicita reparo na calçada localizada na Avenida Rio Branco, nº 448, Centro de Florianópolis.",Manutenção da infraestrutura viária
"Solicita reparo na boca de lobo localizada na Rua Esteves Júnior, nº 308, Centro de Florianópolis.",Rede de esgotamento sanitário
"Solicita reparo na calçada situada na Rua Esteves Júnior, nº 308, Centro de Florianópolis.",Manutenção da infraestrutura viária
"Solicita reparo na calçada localizada na Rua Dom Jaime Câmara, nº 50, Centro de Florianópolis.",Manutenção da infraestrutura viária
"Solicita reparo na calçada localizada na Rua Antônio Dib Mussi, nº 315, Centro de Florianópolis.",Manutenção da infraestrutura viária
"Solicita reparo em buraco na Rua Dom Jaime Câmara, nº 50, Centro de Florianópolis.",Manutenção da infraestrutura viária
"Solicita reparo em buraco na Rua Esteves Júnior, nº 206, Centro de Florianópolis.",Manutenção da infraestrutura viária
"Solicita reparo urgente na boca de lobo localizada na Rua Antônio Dib Mussi, nº 315, Centro de Florianópolis.",Rede de esgotamento sanitário
"Solicita a limpeza da boca de lobo localizada na Rua Vidal Ramos, nº 234, Centro de Florianópolis.",Rede de esgotamento sanitário
"Solicita reparo e revitalização da faixa de pedestres na Rua Esteves Júnior, nº 6, Centro de Florianópolis.",Organização do trânsito
"Solicita reparo em buraco na Rua Vidal Ramos, nº 14, Centro de Florianópolis.",Manutenção da infraestrutura viária
"Solicita reparo urgente na boca de lobo localizada na Rua Auroreal, nº 18, bairro Campeche.",Rede de esgotamento sanitário
"Solicita a reforma e reativação do posto da Guarda Municipal localizado na Praça do Canto, Rua Santa Rita de Cássia, nº 1488, bairro Coloninha.",Infraestrutura de segurança
"Solicita reparo na pavimentação de concreto da Servidão da Prainha, nº 20 – Barra da Lagoa",Manutenção da infraestrutura viária
"Solicita a realização de reparos na calçada da Avenida Afonso Delambert Neto, nº 1198, no bairro Lagoa da Conceição.",Manutenção da infraestrutura viária
"Solicita reparo na iluminação pública na Rua das Gaivotas, nº 1709, em frente ao Rancho de Pesca do Tiro, bairro Ingleses, Florianópolis.",Iluminação pública
"Solicita a poda de árvores e a restauração da calçada com acessibilidade na Rua João Evangelista da Costa, nº 1194, bairro Estreito, nas imediações da escola, Biblioteca Municipal e Hospital Florianópolis.",Limpeza Urbana
"Solicita a realização de reparos na calçada localizada na Rua Afonso Pena, nº 945, bairro Estreito, ao lado da Biblioteca Municipal e próximo à escola.",Manutenção da infraestrutura viária
"Solicita a poda de árvores e a restauração da calçada com adequações de acessibilidade na Rua Afonso Pena, nº 1013, bairro Canto, nas imediações do ponto de ônibus ao lado da Biblioteca Municipal e próximo à escola.",Manutenção da infraestrutura viária
"Solicita reparo na calçada localizada na Rua Auroreal, nº 53, bairro Campeche.",Manutenção da infraestrutura viária
"Solicita a realização de reparos e reforma da calçada na Rua Vidal Ramos, nº 71, bairro Centro.",Manutenção da infraestrutura viária
"Solicita reparo na calçada localizada na Avenida Pequeno Príncipe, nº 1671, bairro Campeche.",Manutenção da infraestrutura viária
"Solicita informações à Secretaria de Estado da Infraestrutura e Mobilidade sobre o projeto de duplicação da Rodovia Admar Gonzaga (SC-404), no bairro Itacorubi.",Gestão e Regulação da Mobilidade Urbana
Solicita a instalação de redes nas traves e restauração das telas de proteção no campo localizado na Biblioteca Municipal do Estreito.,Criação e manutenção de área de lazer e atividade física
"Desentupimento do bueiro localizado na Servidão Butiá, nº 38, no bairro Monte Cristo.",Rede de esgotamento sanitário
"Desentupimento do bueiro localizado na Rua Frei Fabiano de Cristo, nº 1, no bairro Monte Cristo.",Rede de esgotamento sanitário
"Solicita instalação de faixa de segurança ou lombofaixa na Rua João Meirelles, nº 1451, bairro Abraão, Florianópolis.",Organização do trânsito
"Solicita a revitalização da faixa de pedestres localizada na Ponte Hercílio Luz, nº 28, Centro de Florianópolis",Organização do trânsito
"Solicita corte urgente de árvore localizada na Avenida Rio Branco, nº 467, Centro de Florianópolis, devido a risco iminente à segurança pública",Limpeza Urbana
Solicitam a tramitação do Projeto de Lei N.º 19461/2025 na Comissão de Defesa dos Direitos da Mulher e da Promoção da Igualdade de Gênero,Pedido de tramitação em comissão
"REQUERIMENTO DE INFORMAÇÕES À SECRETARIA MUNICIPAL DE ESPORTE, CULTURA E LAZER SOBRE APLICAÇÃO DE RECURSOS E POLÍTICAS DE INCENTIVO AO ESPORTE",Gestão e Regulação da Cultura e Lazer
CRIAÇÃO DE UMA FRENTE PARLAMENTAR PARA O ESPORTE.,Frente Parlamentar
"Institui o Observatório Municipal do Câncer no âmbito do Município de Florianópolis, e dá outras providências.",Gestão e Regulação da Saúde Pública
"Substituição da iluminação pública por luminárias de LED no viaduto de Capoeiras, nas proximidades do Supermercado Angeloni, na Avenida Ivo Silveira.",Iluminação pública
"Substituição da iluminação pública por luminárias de LED na Servidão Butiá, bairro Monte Cristo.",Iluminação pública
Indicação necessidade de manutenção da iluminação pública na Avenida Hercílio Luz – Bairro Centro.,Iluminação pública
Indicação de necessidade de pavimentação da Travessa da Liberdade – Bairro Campeche.,Manutenção da infraestrutura viária
"Solicitação de implantação de uma faixa elevada de pedestre em frente à EBM Antônio Paschoal Apóstolo, na Rodovia João Gualberto Soares, nº 6809, bairro São João do Rio Vermelho.",Organização do trânsito
"Indicação necessidade de reparo na calçada localizada em frente à Rua General Liberato Bittencourt, n. 1350 – Bairro Canto.",Manutenção da infraestrutura viária
"Solicita o envio de expediente ao Chefe do Poder Executivo Municipal, sugerindo cercamento com grades e portões nas principais praças e parques no município.",Criação e manutenção de área de lazer e atividade física
"Manutenção e reparo de um buraco localizado na Rua Mauro Carvalho, 69 no bairro Monte Cristo.",Manutenção da infraestrutura viária
Solicitação de instalação de um centro de triagem de material reciclável em Florianópolis.,Gestão de resíduos
"Solicitar vistoria e desobstrução de bueiro na Rua Felipe Neves, nº 973, bairro Coloninha, próximo à Padaria Ponto do Sabor.",Rede de esgotamento sanitário
"Solicita a realização de serviços de hidrojato na Servidão Aníbal Pedro de Oliveira, nº 286 – Ingleses",Rede de esgotamento sanitário
"MOÇÃO DE APLAUSOS à Federação das Indústrias do Estado de Santa Catarina (FIESC), pelos seus 75 anos de contribuição inestimável ao desenvolvimento econômico, social e cultural de nosso estado e país.",Moção de aplausos
SOLICITA A REALIZAÇÃO DE SESSÃO COMEMORATIVA EM HOMENAGEM AOS 25 ANOS DE FUNDAÇÃO DO INSTITUTO OTOVIDA,Sessão Comemorativa
SOLICITA O ARQUIVAMENTO DO PROJETO DE LEI Nº19444/2025,Arquivamento de proposição
"Solicita a tramitação do Projeto de Lei N.º 19461/2025 na Comissão de Viação, Obras Públicas e Urbanismo.",Pedido de tramitação em comissão
"Requer a realização de uma Audiência Pública, no âmbito da Comissão de Educação, Cultura e Desporto, desta Casa Legislativa, com o objetivo de debater a situação crítica vivida pelo esporte Florianopolitano.",Apoio e fomento ao esporte
CONCEDE TROFÉU VEREADOR PEDRO MEDEIROS AO SENHOR ADAIR FERNANDES,Troféu Vereador Pedro Medeiros
CONCEDE A MEDALHA DO MÉRITO DESPORTIVO MIGUEL LIVRAMENTO À KÁTIA MARIA DE PAULA,Medalha do Mérito Desportivo Miguel Livramento
CONCEDE MEDALHA MANEZINHO DA ILHA AO SENHOR ÍTALO AUGUSTO MOSIMANN,Medalha Manezinho da Ilha Aldírio Simões
ALTERA O ARTIGO 1º DA LEI Nº. 4.887/1996.,Título de utilidade pública
Indicação de melhorias nas lajotas da Servidão João Batista dos Santos – Bairro Sambaqui.,Manutenção da infraestrutura viária
"Solicitação de limpeza na Rua Irmã Bonavita, nº 1099, bairro Capoeiras.",Limpeza Urbana
"Solicitação de manutenção e reparo em buraco na Rua Irmã Bonavita, nº 1345, bairro Capoeiras.",Manutenção da infraestrutura viária
"Solicitação de limpeza na rua Jornalista Orion Augusto Plat, nº 198, bairro Jardim Atlântico.",Limpeza Urbana
Indicação de reparos (tapar buraco) na ciclovia localizada ao lado da Avenida Poeta Zininho – Bairro Estreito.,Infraestrutura cicloviária
"limpeza urbana na Rua Joaquim Nabuco, na localidade situada em cima da passarela da Comunidade da Grota.",Limpeza Urbana
"Solicitar a instalação de três contentores de lixo de 1000 litros na Rua Joaquim Nabuco, nº 2174, bairro Capoeiras.",Limpeza Urbana
"Solicitar a troca de lâmpada em poste localizado na Servidão Adália do Sul, bairro Monte Cristo.",Iluminação pública
"Solicitar tampa de bueiro na Avenida Vereador Nagib Jabor, nº 68, no bairro Capoeiras.",Rede de esgotamento sanitário
"Solicitar que seja arrumado um buraco no asfalto e uma tampa de bueiro quebrada Rua Doutor Sizenando Teixeira, nº 5, no bairro Capoeiras",Manutenção da infraestrutura viária
"Indicação de instalação de faixa de pedestres em frente ao Restaurante Botequim das Flores, localizado na Rodovia Gilson da Costa Xavier, nº 1520 – Bairro Sambaqui.",Organização do trânsito
"Indica à SMIMC, melhorias na Servidão Manoel Martinho Peixoto, Sambaqui.",Manutenção da infraestrutura viária
"Indica à SMIMC e à SEOM a devolução da estrutura coberta ""abrigo"" de um ponto de ônibus, bem como a realização de estudo para a instalação de novas estruturas semelhantes nos demais pontos existentes, no bairro Sambaqui.",Manutenção de pontos de ônibus
"Indica à SMIMC e à SEOM a realização de estudo técnico para implantação de faixa elevada no bairro Sambaqui, com o objetivo de reforçar a segurança de pedestres em área escolar.",Organização do trânsito
"Indica à SMIMC, melhorias no parquinho infantil do bairro Sambaqui: acesso, brinquedos e áreas de descanso.",Criação e manutenção de área de lazer e atividade física
Dispõe sobre as diretrizes para a criação da Política Municipal de Mobilidade Elétrica e dá outras providências.,Gestão e Regulação da Mobilidade Urbana
"Indica a necessidade da construção do ginásio de esportes da Escola Básica Municipal Darcy Ribeiro, localizada no bairro São João do Rio Vermelho",Manutenção da estrutura escolar
"Solicita reparo na calçada em frente ao Centro de Saúde de Coqueiros, na Avenida Engenheiro Max de Souza – Florianópolis/SC.",Manutenção da infraestrutura viária
Solicita a realização de limpeza na área do Parque de Coqueiros – Florianópolis/SC.,Criação e manutenção de área de lazer e atividade física
"Solicita reparo na calçada localizada na Avenida Engenheiro Max de Souza, nº 843, bairro Coqueiros – Florianópolis/SC.",Manutenção da infraestrutura viária
"Solicita reparo no asfalto na esquina entre a Rua Bento Góia e a Avenida Engenheiro Max de Souza, no bairro Coqueiros – Florianópolis/SC.",Manutenção da infraestrutura viária
"Solicita reparo no asfalto da Rua Bento Góia, nº 113, em frente à EBM Almirante Carvalhal, no bairro Coqueiros – Florianópolis/SC.",Manutenção da infraestrutura viária
Indica ao Executivo Municipal a necessidade de substituição ou reparo dos ônibus que operam na linha 844 no Bairro de Fátima.,Transporte público
"Solicita pintura de faixa de pedestres na entrada do estacionamento do Parque de Coqueiros, na Avenida Engenheiro Max de Souza – Florianópolis/SC.",Organização do trânsito
Solicita a troca das redes da quadra de vôlei localizada no Parque de Coqueiros – Florianópolis/SC.,Criação e manutenção de área de lazer e atividade física
"Indica ao Executivo Municipal a necessidade de alteração no itinerário da linha 662 – Canto via Otília Cruz, no bairro Jardim Atlântico",Transporte público
"Indica ao Executivo Municipal a necessidade de reposição dos vidros do ponto de ônibus localizado na Rua Baldicero Filomeno, em frente ao número 1057, no bairro Ribeirão da Ilha",Manutenção de pontos de ônibus
"Solicita a  manutenção do telhado da Escola Básica Municipal Batista Pereira, localizada no bairro Ribeirão da Ilha.",Manutenção da estrutura escolar
"Fornecimento de banheiros químicos para a Festa “A Rua Não Mente” na Praça da Servidão dos Cedros, garantindo infraestrutura adequada para o evento no bairro Monte Cristo.",Evento Cultural
CONCEDE TROFÉU VEREADOR PEDRO MEDEIROS AO SENHOR BRUNO BECKER,Troféu Vereador Pedro Medeiros
Concede Troféu Vereador Pedro Medeiros ao Senhor Pedro Paulo de Oliveira,Troféu Vereador Pedro Medeiros
CONCEDE MEDALHA DO MÉRITO DESPORTIVO MIGUEL LIVRAMENTO AO SENHOR LEANDRO BEILER,Medalha do Mérito Desportivo Miguel Livramento
CONCEDE MEDALHA DO MÉRITO DESPORTIVO MIGUEL LIVRAMENTO AO SENHOR CARLOS ALBERTO DE OLIVEIRA,Medalha do Mérito Desportivo Miguel Livramento
melhoria da sinalização e organização das vagas de embarque e desembarque no entorno do Centro de Educação Infantil Interarte – bairro Centro.,Organização do trânsito
"Solicita reparo na calçada em frente aos números 275 e 251 da Rua Gualberto Sena, bairro Jardim Atlântico – Florianópolis/SC.",Manutenção da infraestrutura viária
"Solicita roçagem e limpeza das calçadas na Travessa Waldemar Osmar Hermann, bairro Jardim Atlântico – Florianópolis/SC.",Limpeza Urbana
"Solicita o reparo da calçada na Rua Doutor Abel Capela, nº 15, bairro Coqueiros – Florianópolis/SC.",Manutenção da infraestrutura viária
"Solicita a roçagem e limpeza na Rua São Cristóvão, nº 62, bairro Coqueiros – Florianópolis/SC.",Limpeza Urbana
"Solicita o reparo no asfalto na Avenida Engenheiro Max de Souza, nº 478, bairro Coqueiros – Florianópolis/SC.",Manutenção da infraestrutura viária
Solicitação de calçamento na Servidão do Rio - Vargem Grande.,Manutenção da infraestrutura viária
Requer o envio de expediente ao Executivo Municipal solicitando a relação das vagas destinadas para Carga e Descarga.,Organização do trânsito
Indicação de recuperação e pavimentação na Servidão Joaquim Rosa da Silva – Bairro João Paulo.,Manutenção da infraestrutura viária
"Sugere providências ao órgão competente para o estudo da viabilidade de implementação de uma pista de BMX Cross, na região onde hoje é denominada de Via Expressa Sul, no bairro Costeira do Pirajubaé.",Criação e manutenção de área de lazer e atividade física
"Solicita o reparo da calçada na Rua Desembargador Pedro Silva, nº 1562, bairro Coqueiros – Florianópolis/SC.",Manutenção da infraestrutura viária
"Solicita a remoção de material asfáltico depositado sobre o acostamento na Rua Fritz Müller, esquina com a Rua Desembargador Pedro Silva, bairro Coqueiros – Florianópolis/SC.",Limpeza Urbana
"Solicita a reorganização dos fios ao longo de toda a extensão da Rua Desembargador Pedro Silva, bairro Coqueiros – Florianópolis/SC.",Manutenção de rede elétrica
"Solicita o reparo da calçada na Rua Desembargador Pedro Silva, nº 1518, bairro Coqueiros – Florianópolis/SC.",Manutenção da infraestrutura viária
"Solicita o reparo da calçada na Rua Desembargador Pedro Silva, nº 1972, bairro Coqueiros – Florianópolis/SC.",Manutenção da infraestrutura viária
"Solicita a reorganização dos fios na Rua Desembargador Pedro Silva, nº 2100, bairro Coqueiros – Florianópolis/SC.",Manutenção de rede elétrica
"Solicita a revitalização da pintura da sinalização horizontal na Avenida Engenheiro Max de Souza, nº 1648, bairro Coqueiros – Florianópolis/SC.",Organização do trânsito
"Solicita o reparo da calçada na Avenida Engenheiro Max de Souza, nº 48, bairro Coqueiros – Florianópolis/SC.",Manutenção da infraestrutura viária
"Solicita o reparo da calçada na Rua Pascoal Simone, nº 161, bairro Coqueiros – Florianópolis/SC.",Manutenção da infraestrutura viária
"Solicita o reparo de buraco na via, na Rua Desembargador Pedro Silva, nº 1754, bairro Coqueiros – Florianópolis/SC.",Manutenção da infraestrutura viária
"Solicita a remoção de entulho na Rua Desembargador Pedro Silva, nº 1798, bairro Coqueiros – Florianópolis/SC.",Limpeza Urbana
"Solicita a construção de rampa de acesso da via para a calçada na Avenida Almirante Tamandaré, esquina com a Avenida Engenheiro Max de Souza, bairro Coqueiros – Florianópolis/SC.",Acessibilidade
"Solicita o reparo da calçada na Avenida Engenheiro Max de Souza, nº 404, bairro Coqueiros – Florianópolis/SC.",Manutenção da infraestrutura viária
"Solicita o reparo no asfalto da Rua Jaú Guedes da Fonseca, nº 155, bairro Coqueiros – Florianópolis/SC.",Manutenção da infraestrutura viária
"Solicita a reposição de placa de sinalização vertical de “Proibido Estacionar” na Avenida Engenheiro Max de Souza, nº 769, bairro Coqueiros – Florianópolis/SC.",Organização do trânsito
"Solicita a roçagem e limpeza ao longo de toda a Avenida Engenheiro Max de Souza, bairro Coqueiros – Florianópolis/SC.",Limpeza Urbana
"Solicita a instalação de um repetidor de sinal de internet no ginásio da EBM Batista Pereira, localizada no bairro Ribeirão da Ilha",Manutenção da estrutura escolar
"Solicita a  compra e substituição das mesas e bancos do refeitório da EBM Batista Pereira, localizada no bairro Ribeirão da Ilha",Manutenção da estrutura escolar
"Solicita  a compra ou manutenção de bebedouros da EBM Batista Pereira, localizada no bairro Ribeirão da Ilha",Manutenção da estrutura escolar
"Solicita  instalação de redes ou grades de proteção nas janelas das salas do segundo andar da EBM Batista Pereira, localizada no bairro Ribeirão da Ilha",Manutenção da estrutura escolar
"Solicita substituição de pisos e azulejos soltos ou descolando das paredes na EBM Batista Pereira, localizada no bairro Ribeirão da Ilha",Manutenção da estrutura escolar
"Solicita  troca dos quadros de disjuntores da EBM Batista Pereira, localizada no bairro Ribeirão da Ilha",Manutenção da estrutura escolar
"Solicita  a manutenção da rede elétrica da EBM Batista Pereira, localizada no bairro Ribeirão da Ilha",Manutenção da estrutura escolar
"Solicita a ampliação/reforma da cozinha da EBM Batista Pereira, localizada no bairro Ribeirão da Ilha",Manutenção da estrutura escolar
"Solicita a  ampliação do quadro de funcionários de cozinha e limpeza da EBM Batista Pereira, no bairro Ribeirão da Ilha",Trabalhadores da educação
"Solicita a manutenção do muro da EBM Batista Pereira, no bairro Ribeirão da Ilha, que se encontra com rachaduras, bem como a reforma das calçadas, que apresentam falhas em diversos trechos",Manutenção da estrutura escolar
"Solicita a manutenção das torneiras do laboratório de ciências da EBM Batista Pereira, no bairro Ribeirão da Ilha",Manutenção da estrutura escolar
"Solicita limpeza e organização dos fios na Rua Jaú Guedes da Fonseca, nº 393, no bairro Coqueiros",Manutenção de rede elétrica
"Indica necessidade de reparo no asfalto da Rua Wilson Luz, altura do nº 15, em Coqueiros.",Manutenção da infraestrutura viária
"Solicita roçagem e limpeza na Rua Jaú Guedes da Fonseca, nº 393, no bairro Coqueiros.",Limpeza Urbana
"Solicita reparo na calçada localizada na Rua Jaú Guedes da Fonseca, nº 175, no bairro Coqueiros.",Manutenção da infraestrutura viária
Solicitação para limpeza e roçagem na Rua Miguel Daux - Coqueiros,Limpeza Urbana
Solicita informações detalhadas sobre eventuais projetos de contratação de empréstimos internacionais mencionados por vereadores e representantes do Executivo Municipal,Planejamento e orçamento público
Requer informações do Ministério da Saúde sobre os Agentes Comunitários de Saúde do município de Florianópolis.,Trabalhadores da saúde
"INSTITUI A CAMPANHA PERMANENTE EM PROL DA VIDA, DA EDUCAÇÃO E CONSCIENTIZAÇÃO ANTIABORTO NO ÂMBITO DO MUNICÍPIO DE FLORIANÓPOLIS E DÁ OUTRAS PROVIDÊNCIAS.",Gestão e Regulação da Saúde Pública
DISPÕE SOBRE O DIREITO DOS PAIS OU RESPONSÁVEIS LEGAIS DE ACESSAR AS BIBLIOTECAS DAS ESCOLAS PÚBLICAS MUNICIPAIS PARA VERIFICAÇÃO DOS MATERIAIS DIDÁTICOS E PARADIDÁTICOS UTILIZADOS PELOS ALUNOS NO MUNICÍPIO DE FLORIANÓPOLIS.,Material didático
"DISPÕE SOBRE A CRIAÇÃO DA PLATAFORMA DIGITAL DE TRANSPARÊNCIA PEDAGÓGICA NAS ESCOLAS DA REDE MUNICIPAL DE ENSINO DE FLORIANÓPOLIS, VISANDO GARANTIR O ACESSO DE PAIS OU RESPONSÁVEIS AOS CONTEÚDOS PROGRAMÁTICOS, MATERIAIS DIDÁTICOS E PLANOS DE ENSINO UTILIZADOS NAS ATIVIDADES ESCOLARES.",Material didático
Solicitação para reparo de asfalto na Rua Miguel Daux - Coqueiros,Manutenção da infraestrutura viária
Solicitação para reparo de calçada na Rua Miguel Daux - Coqueiros,Manutenção da infraestrutura viária
Solicitação para limpeza de bueiro na Rua Miguel Daux - Coqueiros,Rede de esgotamento sanitário
Solicitação para limpeza de bueiro na Rua Desembargador Ferreira Bastos - Coqueiros,Rede de esgotamento sanitário
Solicitação para reparo de buraco na calçada da Rua Desembargador Ferreira Bastos - Coqueiros,Manutenção da infraestrutura viária
Solicitação para reparo de buraco em calçada na Rua Desembargador Ferreira Bastos - Coqueiros,Manutenção da infraestrutura viária
Solicitação para limpeza e roçagem na Rua Desembargador Ferreira Bastos - Coqueiros,Limpeza Urbana
Solicitação para reparo de calçada e asfalto na Rua Desembargador Ferreira Bastos - Coqueiros,Manutenção da infraestrutura viária
"Reparo de buraco na via, Rua Vereador José do Vale Pereira - Coqueiros",Manutenção da infraestrutura viária
Limpeza e roçagem de calçada na Rua Vereador José do Vale Pereira - Coqueiros,Limpeza Urbana
Solicitação para reparo de calçada na rua Bento Góia - Coqueiros,Manutenção da infraestrutura viária
Solicitação para reparo de asfalto na Rua Vereador José do Vale Pereira - Coqueiros,Manutenção da infraestrutura viária
Solicitação para limpeza e roçagem na Rua Bento Góia - Coqueiros,Limpeza Urbana
Solicitação de reparo de ponto ônibus na Rua Desembargador Pedro Silva - Coqueiros,Manutenção de pontos de ônibus
Reparo de calçada na Rua Desembargador Pedro Silva,Manutenção da infraestrutura viária
Solicitação  para Limpeza e Roçagem na Rua Bento Góia  – Bairro Coqueiros,Limpeza Urbana
Solicitação para Limpeza e Roçagem na Rua Vereador José do Vale Pereira – Bairro Coqueiros,Limpeza Urbana
"Solicitar o reparo de buraco na Rua Waldemar Ouríques, nº 331, no bairro Capoeiras.",Manutenção da infraestrutura viária
"Solicitar reparo de buraco na Rua Felipe Neves, nº 548, no bairro Canto.",Manutenção da infraestrutura viária
"Solicitar o reparo do buraco localizado na Rua Pedro Mariano da Silva, nº 177, no bairro Jardim Atlântico.",Manutenção da infraestrutura viária
"Solicitar o reparo dos buracos localizado na Rua Jaír Dias, nos números 32 e 102, no bairro Jardim Atlântico.",Manutenção da infraestrutura viária
"Solicitar o refazimento do lajotamento na Travessa Mandarim, situada no bairro Jardim Atlântico.",Manutenção da infraestrutura viária
"Reparo urgente no buraco localizado na Rua Francisco Evangelista, nº 281, no bairro Jardim Atlântico.",Manutenção da infraestrutura viária
"Solicitar o reparo do buraco localizado na Avenida Atlântica, nº 1450.",Manutenção da infraestrutura viária
"Solicita reparos no ponto de ônibus localizado na Avenida Almirante Tamandaré, nº 334, no bairro Coqueiros.",Manutenção de pontos de ônibus
Solicitação para reparo de calçada na Avenida Engenheiro Max de Souza - Coqueiros,Manutenção da infraestrutura viária
"Solicita reparo na calçada da Rua Bento Góis, nº 160, no bairro Coqueiros.",Manutenção da infraestrutura viária
"Solicita reparo na calçada da Servidão Apolinário D’Ávila, nº 26, no bairro Coqueiros.",Manutenção da infraestrutura viária
"Solicita roçagem e limpeza na Rua Jaú Guedes da Fonseca, nº 739, no bairro Coqueiros.",Limpeza Urbana
"Solicita reparo na pavimentação da Servidão Apolinário D’Ávila, nº 26, no bairro Coqueiros.",Manutenção da infraestrutura viária
"Solicita roçagem e limpeza na Rua Bento Góis, nº 205, no bairro Coqueiros.",Limpeza Urbana
"Solicita reparo no asfalto e nivelamento da boca de lobo na Praça Governador Celso Ramos, no bairro Agronômica.",Manutenção da infraestrutura viária
"Solicita reparo no asfalto na Rua Allan Kardec, nº 98, no bairro Agronômica.",Manutenção da infraestrutura viária
"Solicita rampa de acesso do asfalto à calçada na faixa de pedestres localizada na Rua Desembargador Pedro Silva, nº 2034, no bairro Coqueiros.",Acessibilidade
"Solicita rampa de acesso do asfalto à calçada na faixa de pedestres localizada na Avenida Engenheiro Max de Souza, nº 1558, no bairro Coqueiros.",Acessibilidade
"Solicita reparos no ponto de ônibus localizado na Avenida Engenheiro Max de Souza, nº 224, no bairro Coqueiros.",Manutenção de pontos de ônibus
Solicitação de Reparo e Manutenção da Rua Joaquim Neves - Pântano do Sul.,Manutenção da infraestrutura viária
"Solicita conserto do forro de PVC no corredor da EBM Batista Pereira, localizada no bairro Ribeirão da Ilha",Manutenção da estrutura escolar
"Solicita instalação de semáforo no cruzamento da Rua Acelon Pacheco da Costa com a Rodovia Admar Gonzaga, no bairro Itacorubi.",Organização do trânsito
Solicitação para reparo de calçada na Rua Desembargador Pedro Silva - Coqueiros,Manutenção da infraestrutura viária
Solicitação para reparo de asfalto e buracos na via da Rua Ademar Grijo - Coqueiros,Manutenção da infraestrutura viária
"Solicita reparo na pavimentação da Rua Sérgio Rogério Beins, nº 62, no bairro Santa Mônica.",Manutenção da infraestrutura viária
Solicitação para reparo de calçada na Rua André Wendhausen - Coqueiros,Manutenção da infraestrutura viária
"INCLUI ITEM NO ANEXO I DA LEI Nº 10.482, DE 2019, PARA INSTITUIR, O “DIA MUNICIPAL EM MEMÓRIA DAS VÍTIMAS DOS REGIMES COMUNISTAS, NAZISTAS E FASCISTAS”.",Dia Municipal
"Indica a instalação de faixa elevada na esquina da Rua Doutor Abel Capela com a Avenida Engenheiro Max de Souza, no bairro Coqueiros",Organização do trânsito
"Indica a instalação de placas de “Proibido Estacionar” em ambos os lados da Rua Paula Ramos, no bairro Capoeiras",Organização do trânsito
Solicitar análise técnica da Floram para corte de árvore em risco eminente na Rua Desembargador Ferreira Bastos - Coqueiros,Limpeza Urbana
Solicitação para colocação de quebra molas nos dois sentidos  na Rua Desembargador Pedro Silva - Coqueiros,Organização do trânsito
"Solicitar a colocação de tampa em bueiro localizado na Rua Felipe Neves, nº 548, no bairro Canto.",Rede de esgotamento sanitário
"Refazer o lajotamento da Servidão Vitória-Régia Vermelha, na região da Chico Mendes.",Manutenção da infraestrutura viária
"Solicitar a limpeza do bueiro e serviço de drenagem na Servidão das Seringueiras, nº 127, no bairro Monte Cristo.",Rede de drenagem
"Solicita compra de uma nova rede de vôlei para a EBM Batista Pereira, no bairro Ribeirão da Ilha",Manutenção da estrutura escolar
"Recomenda realização de reforma geral da EBM Batista Pereira, no bairro Ribeirão da Ilha",Manutenção da estrutura escolar
"Solicita limpeza e manutenção das caixas de gordura, manutenção do sistema de escoamento das águas da chuva e manutenção do sistema de esgoto da EBM Batista Pereira, localizada no bairro Ribeirão da Ilha",Manutenção da estrutura escolar
"Solicita instalação de cobertura ou grade de proteção na quadra de esportes da EBM Batista Pereira, no bairro Ribeirão da Ilha",Manutenção da estrutura escolar
"Solicita a instalação de novos para-raios no ginásio da EBM Batista Pereira, no bairro Ribeirão da Ilha",Manutenção da estrutura escolar
"Solicita o envio de expediente ao Chefe do Poder Executivo Municipal, sugerindo à instalação de ar-condicionado e à implementação de piso baixo em toda a frota de ônibus do transporte coletivo convencional de Florianópolis.",Transporte público
"Solicita pavimentação asfáltica na Travessa Argentino Marcelino Viêira, nº 730 – Bairro Coqueiros.",Manutenção da infraestrutura viária
"Solicitar a manutenção das lajotas na Rua Professor Bayer Filho, nº 637 – Bairro Coqueiros.",Manutenção da infraestrutura viária
"Solicita manutenção das lajotas na Rua Professor Bayer Filho, nº 422 – Bairro Coqueiros.",Manutenção da infraestrutura viária
"Solicita recuperação urgente do asfalto na Rua João Vieira, próximo ao nº 169 – Bairro Capoeiras.",Manutenção da infraestrutura viária
Solicita manutenção em sinaleira na esquina da Avenida Max de Souza com a Rua Almirante Tamandaré – Bairro Coqueiros,Organização do trânsito
Solicitação de reparo e pavimentação na Rua Elesbão Pinto da Luz - Jardim Atlântico,Manutenção da infraestrutura viária
Solicitação para restauração de equipamentos de ginástica na Avenida Atlântica - Jardim Atlântico,Criação e manutenção de área de lazer e atividade física
Solicitação de reparo e pavimentação na Avenida Atlântica - Jardim Atlântico,Manutenção da infraestrutura viária
"Indica à SMIMC e à SEOM, melhorias na oferta de transporte coletivo em Santo Antônio de Lisboa e Sambaqui.",Transporte público
"Indica à SMIMC, melhorias de infraestrutura e iluminação no túnel de acesso à Barreira, Santo Antônio de Lisboa.",Iluminação pública
"Requer a realização de Audiência Pública na Comissão de Viação, Obras Públicas e Urbanismo para debater as grandes construções da cidade que estão gerando impactos comunitários",Impactos urbanísticos de empreendimentos
Requer informações sobre os Agentes Comunitários de Saúde do município de Florianópolis.,Trabalhadores da saúde
HOMENAGEM AO POVO DO NORTE E NORDESTE,Uso do Grande Expediente para homenagem
"REQUER INFORMAÇÕES À CASAN SOBRE OBRAS NA SERVIDÃO FLOR DE LIS, BAIRRO SANTINHO",Rede de abastecimento de água
Requer o arquivamento do Requerimento N.º 00535/2025,Arquivamento de proposição
Solicitação de Reparos na Rodovia Amar Gonzaga- Morro da Lagoa.,Manutenção da infraestrutura viária
Concede o Título de Cidadã Honorária do Município de Florianópolis à Senhora Katherine Schreiner.,Título de cidadã e cidadão honorário
"“REVOGA A RESOLUÇÃO 02607/2023 QUE  CONCEDEU A MEDALHA JOÃO DAVID FERREIRA LIMA AO REITOR DA UNIVERSIDADE FEDERAL DE SANTA CATARINA (UFSC), SR. IRINEU MANOEL DE SOUZA”.",Medalha Professor João David Ferreira Lima
"Requerem a realização de Audiência Pública conjunta nas Comissões de Viação, Obras Públicas e Urbanismo e de Meio Ambiente para debater as grandes construções da cidade que estão gerando impactos comunitários",Impactos urbanísticos de empreendimentos
INSTITUI O CÓDIGO DE OBRAS E EDIFICAÇÕES DE FLORIANÓPOLIS E DÁ OUTRAS PROVIDÊNCIAS.,Alvarás e liberações administrativas
CONCEDE O TROFÉU EROTIDES HELENA DA SILVA (NEGA TIDE) EM HOMENAGEM À BATERIA SHOW FLORIPA SC,Troféu Erotides Helena da Silva (Nega Tide)
INSTITUI A ROTA DO ANTIGOMOBILISMO NA CIDADE DE FLORIANÓPOLIS E ADOTA OUTRAS PROVIDÊNCIAS,Gestão e Regulação da Cultura e Lazer
"DECLARA DE UTILIDADE PÚBLICA A ASSOCIAÇÃO GERAR - GERAÇÃO DE EMPREGO, RENDA E APOIO AO DESENVOLVIMENTO REGIONAL",Título de utilidade pública
instalação de placa informativa no estacionamento do Multi Hospital,Organização do trânsito
"Solicita reparo nas calçadas ao longo da Rua Vidal Gregório Pereira, no bairro Jardim Atlântico, em Florianópolis.",Manutenção da infraestrutura viária
"Solicita roçagem e limpeza ao longo da Rua Prefeito Rogério Vieira, no bairro Jardim Atlântico, em Florianópolis.",Limpeza Urbana
"Solicita instalação de grade em boca de lobo na Rua Prefeito Rogério Vieira, nº 620, no bairro Jardim Atlântico, em Florianópolis.",Rede de esgotamento sanitário
"Solicita a pavimentação asfáltica da Rua Jade Magalhães, no Centro de Florianópolis.",Manutenção da infraestrutura viária
Solicitação de reparo de calçada na Rua Desembargador Gil Costa - Capoeiras,Manutenção da infraestrutura viária
Solicita reparo na pavimentação da Rua Gustavo Barroso - Estreito,Manutenção da infraestrutura viária
"Solicita reparo no asfalto ao longo da via, na Rua Jairo Callado, nº 1655, no Centro de Florianópolis.",Manutenção da infraestrutura viária
Solicitação de reparo de pavimentação na Rua Doutor Odilon Gallotti - Capoeiras,Manutenção da infraestrutura viária
"Solicita a colocação de placas de “Proibido Estacionar” na Rua Jairo Callado, nº 202, Centro, Florianópolis.",Organização do trânsito
"Solicita remoção de placa de estacionamento na Rua Presidente Nereu Ramos, nº 210, Centro, Florianópolis.",Organização do trânsito
Solicitação para limpeza e roçagem na Rua José do Patrocínio - Capoeiras,Limpeza Urbana
"Solicita reparo na pintura das faixas de sinalização horizontal da Avenida do Antão, ao longo de toda a via, no bairro Agronômica, em Florianópolis.",Organização do trânsito
Solicitação de reparo de pavimentação na Rua Luiz Gualberto - Capoeiras,Manutenção da infraestrutura viária
"Solicita reparo na pavimentação da Avenida Paulo Fontes, ao lado do Mercado Público, no Centro de Florianópolis",Manutenção da infraestrutura viária
Solicitação para limpeza e roçagem na Rua Biase Faraco - Estreito,Limpeza Urbana
"Solicita reparo na pavimentação da Rua Vidal Gregório Pereira, nº 515, no bairro Jardim Atlântico, em Florianópolis.",Manutenção da infraestrutura viária
Solicitação de reparo de calçada na Rua Luiz Gualberto - Capoeiras,Manutenção da infraestrutura viária
Solicita o reparo na pavimentação da Rua Luiz Gualberto - Capoeiras,Manutenção da infraestrutura viária
Solicita a revitalização de faixa de pedestres com acessibilidade na Rua Luiz Gualberto - Capoeiras,Organização do trânsito
"Solicita reparo no asfalto na Rua Vidal Gregório Pereira, nº 529, no bairro Jardim Atlântico, em Florianópolis",Manutenção da infraestrutura viária
"Solicita a recolha de material na Rua Vidal Gregório Pereira, nº 649, no bairro Jardim Atlântico, em Florianópolis.",Limpeza Urbana
"Solicita o reparo na pavimentação asfáltica da Rua Senador Alberto Pasqualini, nº 308, em Florianópolis",Manutenção da infraestrutura viária
Solicitação de reparo de calçada na Rua Santos Saraiva - Capoeiras,Manutenção da infraestrutura viária
"Solicita o reparo na pavimentação asfáltica da Rua Orlando Linhares, nº 74",Manutenção da infraestrutura viária
Solicitação de reparo de pavimentação na Rua Tenente Joaquim Machado - Capoeiras,Manutenção da infraestrutura viária
"Solicita a limpeza de boca de lobo na Rua Orlando Linhares, nº 74, em Florianópolis",Rede de esgotamento sanitário
Solicitação para reparo pavimentação na Rua Desembargador Gil Costa - Capoeiras,Manutenção da infraestrutura viária
"Solicita o reparo na pavimentação da Rua Aprígio José da Silva, nº 144, no bairro Jardim Atlântico, em Florianópolis.",Manutenção da infraestrutura viária
"Solicita a limpeza de boca de lobo na Rua Tupinambá, N°790 bairro Jardim Atlântico, em Florianópolis.",Rede de esgotamento sanitário
Solicitação para análise técnica da Floram sobre corte de árvore em risco eminente na Rua Comandante José Ricardo Nunes - Capoeiras,Limpeza Urbana
"Solicita o reparo na calçada da Rua Tupinambá, nº 790, no bairro Jardim Atlântico, em Florianópolis",Manutenção da infraestrutura viária
Solicitação para limpeza e roçagem na Rua Santos Saraiva - Estreito,Limpeza Urbana
Solicitação de reparo de calçada na Rua Santos Saraiva - Estreito,Manutenção da infraestrutura viária
Solicitação para reparo de calçada e limpeza na Rua Desembargador Gil Costa - Capoeiras,Manutenção da infraestrutura viária
"Solicita a limpeza de boca de lobo na Rua Henrique Valgas, nº 242, no Centro de Florianópolis.",Rede de esgotamento sanitário
"Solicita o reparo na calçada da Rua Ernesto Stodieck, nº 75, no bairro Agronômica, em Florianópolis.",Manutenção da infraestrutura viária
"Solicita a revitalização de faixa de pedestres próxima à rótula na Rua Acelon Pacheco da Costa, no bairro Itacorubi.",Organização do trânsito
"Solicita o reparo na pavimentação asfáltica da Rua Jairo Callado, nº 202, no Centro de Florianópolis.",Manutenção da infraestrutura viária
Solicitação para reparo de calçada e limpeza na Rua Elesbão Pinto da Luz - Jardim Atlântico,Manutenção da infraestrutura viária
Solicitação de reparo de calçada na Rua Evaldo Schaeffer - Jardim Atlântico,Manutenção da infraestrutura viária
Solicitação de reparo e pavimentação na Rua Evaldo Schaeffer - Jardim Atlântico,Manutenção da infraestrutura viária
Solicitação para reparo de calçada e limpeza na Rua Nossa Sra. do Rosário - Jardim Atlântico,Manutenção da infraestrutura viária
Solicitação para reparo de buracos na Rua Evaldo Schaeffer - Jardim Atlântico,Manutenção da infraestrutura viária
Solicitação para reparo de buracos na Rua Nossa Sra. do Rosário - Jardim Atlântico,Manutenção da infraestrutura viária
Indicação para Implantação de Praça Pública com Equipamentos de Lazer e Academia ao Ar Livre no Bairro Ingleses do Rio Vermelho,Criação e manutenção de área de lazer e atividade física
"Solicita roçagem e limpeza na Rua Professora Otília Cruz, nº 429, no bairro Jardim Atlântico, em Florianópolis",Limpeza Urbana
reparos nas calçadas ao longo de toda a extensão da Rua Jornalista Juvenal  Melchiades n°99 - Estreito - Florianopolis.,Manutenção da infraestrutura viária
"O Vereador que esta subscreve, no uso das atribuições que lhe são conferidas pela legislação vigente, solicita o envio de expediente ao Senhor Prefeito Municipal de Florianópolis, por meio da Secretaria Municipal de Infraestrutura, sugerindo a realização de reparos na via ao longo de toda a extensão da Avenida Paulo Fontes, Centro - Florianopolis.",Manutenção da infraestrutura viária
Indicação de reforço na sinalização de proibição de estacionamento na Praça Olívio Amorim – Centro.,Organização do trânsito
"Sugere providências ao órgão competente para a realização de obras de pavimentação e drenagem em toda a extensão na qual não é contemplada com os serviços acima citados, da Rua Ambrósio João da Silveira, localizada no Bairro Morro das Pedras, uma vez que se trata de uma via inteiramente oficial, porém que ainda há uma parte que não foi contemplada com os referidos serviços de infraestrutura.",Manutenção da infraestrutura viária
Moção de Aplausos para  Casa Lar Luz do Caminho pelos 15 anos de atividades,Moção de aplausos
Requer informações sobre a agenda oficial e documentos referentes à diária do Secretário Municipal de Assistência Social no dia 6 de junho de 2025,Acesso a documentos
"REQUERIMENTO DE INFORMAÇÕES SOBRE A APLICAÇÃO DO PROGRAMA ""FLORAM VAI À ESCOLA"" E OUTRAS AÇÕES DE EDUCAÇÃO AMBIENTAL NA REDE MUNICIPAL DE ENSINO",Gestão da Política Educacional
"REQUERIMENTO DE INFORMAÇÕES SOBRE O CONTRATO DE CONCESSÃO DO MULTI HOSPITAL, COBRANÇA DE ESTACIONAMENTO E POLÍTICAS DE ISENÇÃO",Equipamentos públicos de saúde
"Requer informações sobre o estacionamento do Multihospital Florianópolis, localizado no bairro Carianos.",Gestão e Regulação da Mobilidade Urbana
"Requer o encaminhamento de expediente à Secretaria Municipal de Planejamento, Habitação e Desenvolvimento Urbano solicitando informações sobre os valores arrecadados com a outorga onerosa.",Informações e esclarecimentos
"À Secretaria Municipal de Educação, solicitando informações referentes aos critérios utilizados para a definição do número de funcionários terceirizados nas unidades escolares",Terceirização de serviço
"ALTERA A LEI COMPLEMENTAR Nº 1.224/1974, QUE DISPÕE SOBRE O CÓDIGO DE POSTURAS.",Decoro e conduta em espaços públicos
"ALTERA A LEI COMPLEMENTAR Nº 374/2010 QUE DISPÕE SOBRE A REGULARIZAÇÃO DE CONSTRUÇÕES IRREGULARES E CLANDESTINAS NA FORMA QUE ESPECIFICA, DE ATIVIDADE NÃO RESIDENCIAL SEM LICENÇA PARA FUNCIONAMENTO E DÁ OUTRAS PROVIDÊNCIAS.",Regularização fundiária
"INCLUI ITEM NO ANEXO II DA LEI N. 10.482, DE 2019 – Semana do “Namoro sem Violência”.",Semana Municipal
INSTITUI A POLÍTICA MUNICIPAL DE COMBATE À PICHAÇÃO E DÁ OUTRAS PROVIDÊNCIAS.,Limpeza Urbana
"Indica ao Executivo Municipal a necessidade de reparo em calçada na rua Felipe Neves, esquina com a rua Cel. Caetano Costa localizado no Bairro Jardim Atlântico.",Manutenção da infraestrutura viária
"Solicita o conserto da casinha da árvore do NEIM Morro do Mocotó, localizado no Morro da Queimada",Manutenção da estrutura escolar
"Solicita avaliação técnica do terreno do NEIM Morro do Mocotó, localizado no Morro da Queimada",Manutenção da estrutura escolar
"Solicitar a desratização na Rua Felipe Neves, no bairro Capoeiras.",Controle sanitário e vigilância em saúde
"Solicitar a instalação de duas lixeiras de 1000 litros na Rua Felipe Neves, nas proximidades do número 1330, no bairro Capoeiras.",Limpeza Urbana
"Solicita a pintura dos brinquedos do parquinho do NEIM Morro do Mocotó, localizado no Morro da Queimada",Manutenção da estrutura escolar
"Solicita o conserto da caixa de gás do NEIM Morro do Mocotó, localizado no Morro da Queimada",Manutenção da estrutura escolar
"Solicita reparo na rede elétrica do NEIM Morro do Mocotó, localizado no Morro da Queimada",Manutenção da estrutura escolar
"Solicita a aquisição de novas máquinas de lavar roupa para o NEIM Morro do Mocotó, localizado no Morro da Queimada",Manutenção da estrutura escolar
"A vereadora que esta subscreve, na forma regimental, solicita o envio de expediente ao Chefe do Poder Executivo, sugerindo ao órgão competente que providencie a confecção dos cartazes Informativos sobre Aborto Legal, devidamente autorizados na Lei Municipal 10.338/2028, que instituiu o Programa de Atenção Humanizada ao Aborto Legal.",Gestão e Regulação da Saúde Pública
Sugere abertura de licitação para a compra de lençóis destinados aos NEIMs da rede municipal de educação,"Compras, contratos e patrimônio público"
"Indicação de conclusão das obras paralisadas na Avenida Campeche, nº 2349, bairro Campeche.",Manutenção da infraestrutura viária
Solicitação de Sessão Solene em Comemoração aos 25 anos da AMUCC,Sessão Solene
Requer informações ao Executivo Municipal sobre a ausência de atendimento médico na área 600 do Centro de Saúde de Coqueiros,Equipamentos públicos de saúde
Solicitação de instalação de corrimão na escadaria da Servidão Manoel Barcelos - Saco Grande.,Acessibilidade
Solicitação de revitalização no calçamento da Rua Joaquim Neves - Pântano do Sul.,Manutenção da infraestrutura viária
Manutenção e calçamento na Rua Milton Francisco Oscar - Pântano do Sul.,Manutenção da infraestrutura viária
"Indica reparo do buraco existente na Rua Paschoal Apóstolo Pitscia, nas proximidades da subestação da CELESC agronomica",Manutenção da infraestrutura viária
Indica a instalação de novo abrigo do ponto de ônibus localizado na Rodovia Baldicero Filomeno,Manutenção de pontos de ônibus
Indicar a ampliação dos horários das linhas de ônibus 164 - Córrego grande via poção,Transporte público
INDICAÇÃO Relajotamento Rua Paloma Terezinha Rosa de Lima,Manutenção da infraestrutura viária
Solicitação de Instalação de Cobertura em Ponto de Ônibus Bairro Balneário do Estreito.,Manutenção de pontos de ônibus
"Solicita melhorias no parquinho do NEIM São João Batista, localizado no Bairro São João do Rio Vermelho",Manutenção da estrutura escolar
"Recuperação e recomposição do calçamento com lajotas na Servidão das Seringueiras, nº 1, na comunidade Chico Mendes.",Manutenção da infraestrutura viária
"Reparo de um buraco existente na Avenida Almirante Tamandaré, nas proximidades do número 106.",Manutenção da infraestrutura viária
"ALTERA O ART. 54 DA LEI COMPLEMENTAR Nº 063, DE 2003, QUE INSTITUI O ESTATUTO DOS SERVIDORES PÚBLICOS DO MUNICÍPIO DE FLORIANÓPOLIS.",Gestão de pessoas e carreira no serviço público
"Moção de aplausos aos jovens atletas de Surf, integrantes da Associação Cultural, Recreativa, Esportiva e Social Chico Science.",Moção de aplausos
Requer informações sobre o expediente do Secretário Municipal de Assistência Social no dia 13 de junho de 2025.,Acesso a documentos
"Senhor Presidente, O Vereador que esta subscreve, na forma regimental, solicita a inclusão do documento “atestado de óbito” ao Projeto de Lei 19532/2025 que visa denominar a Rua Evaristo Guilherme dos Santos, via que parte da Rua Francisco Fausto Martins, nesta Capital.",Juntada de documento
"ALTERA O INCISO V DO ART. 1º DA LEI Nº 10.920, DE 2022, QUE AUTORIZA A CESSÃO DE USO DE IMÓVEL PÚBLICO MUNICIPAL À POLÍCIA MILITAR DO ESTADO DE SANTA CATARINA.","Compras, contratos e patrimônio público"
"CONCEDE A MEDALHA MANEZINHO DA ILHA, ALDÍRIO SIMÕES, AO SR. CÉLIO HERCÍLIO MARCIANO",Medalha Manezinho da Ilha Aldírio Simões
"MOÇÃO DE APLAUSOS A SENHORA CABO FLÁVIA DE SOUZA, POR SEU NOTÁVEL ATO DE CORAGEM, EMPATIA E HUMANIDADE",Moção de aplausos
Moção de aplausos para  a Direção e funcionários da Maternidade Carmela Dutra,Moção de aplausos
MOÇÃO DE APLAUSOS À CABO PM FLÁVIA E AO SOLDADO PM GIANCARLO PELA EXEMPLAR ATUAÇÃO NO SALVAMENTO REALIZADO NO BAIRRO PANTANAL,Moção de aplausos
Solicitação de via Mão única na Servidão Argentina Barcelos Silveira - Bairro Rior Vermelho.,Organização do trânsito
"Solicita a retirada de fios excedentes na Servidão Bráulio Sagaz, nº 2877, no bairro Lagoa da Conceição – Florianópolis/SC.",Manutenção de rede elétrica
"Solicita a colocação de iluminação na praça localizada na Rua dos Lordes, nº 762, no bairro Ingleses, em Florianópolis.",Iluminação pública
"Solicita a colocação de faixa de pedestres na Rua João Meirelles, nº 1298, no bairro Abraão, em Florianópolis.",Organização do trânsito
"Solicita o reparo da calçada na Rodovia Admar Gonzaga, nº 181, no bairro Itacorubi, em Florianópolis",Manutenção da infraestrutura viária
Solicitação de Poda de Árvores - Servidão Ana Cardoso.,Limpeza Urbana
Solicitação de Poda de Árvores na Servidão Caminho do Lago – Bairro Rio Vermelho.,Limpeza Urbana
"Solicitação de Poda de Árvores - Servidão Júlio Petroski, Bairro Inglesses.",Limpeza Urbana
Solicitação de Hidrojato na Rodovia Francisco Magno Vieira – Rio Tavares.,Limpeza Urbana
"Solicitar obras de drenagem e recuperação viária na Rua Afonso Pena, nº 637, no bairro Canto.",Rede de drenagem
Manutenção dos equipamentos de ginástica na Praça Getulio Vargas - Rua Quinze de Novembro nº 240 - Santo Antonio de Lisboa.,Criação e manutenção de área de lazer e atividade física
"Solicita reparos na Praça de Recreação Infantil na Servidão Aguiar, no bairro Rio Tavares",Criação e manutenção de área de lazer e atividade física
"Solicita roçagem e limpeza na praça pública localizada na Rua dos Lordes, nº 762, no bairro Ingleses – Florianópolis/SC.",Limpeza Urbana
Pintar meio-fio com faixa amarela nos trechos com placas de proibição de estacionamento na Servidão Vicentina Custódia Santos.,Organização do trânsito
"Solicitação de implantação de medidas de segurança na Servidão Ana Cardoso, próxima à EBM Antônio Paschoal Apóstolo, no bairro Rio Vermelho.",Organização do trânsito
"Moção de aplausos a Gráfica Centro Cópias pelos seus 50 anos de história, dedicação, credibilidade e relevante contribuição para a nossa cidade.",Moção de aplausos
"Solicita à CASAN a verificação e reparo de vazamento de água na Servidão Júlio de Oliveira, nº 49, no bairro Coloninha.",Rede de abastecimento de água
Requer uso da Tribuna Livre para  Direção da Maternidade Carmela  Dutra,Sessão Comemorativa
REQUERIMENTO DE INFORMAÇÕES SOBRE CAPACITAÇÃO DE MÉDICOS PARA PRESCRIÇÃO DE CANABIDIOL E MEDICAMENTOS À BASE DE CANNABIS,Gestão e Regulação da Saúde Pública
"Requer informações sobre aplicativo de monitoramento de pessoas em situação de rua, citado em publicação do portal Floripa Mil Graus",Pessoas em vulnerabilidade ou risco social
Arquivamento do PLC 1.991/2025.,Arquivamento de proposição
"Requer a realização de audiência pública para discussão das condições e intervenções no trânsito do bairro Ingleses, em Florianópolis.",Organização do trânsito
"DISPÕE SOBRE A CIRCULAÇÃO DE CICLOMOTORES, BICICLETAS ELÉTRICAS E EQUIPAMENTOS DE MOBILIDADE INDIVIDUAL AUTOPROPELIDOS, NAS VIAS PÚBLICAS E DÁ OUTRAS PROVIDÊNCIAS.",Organização do trânsito
"INSTITUI NO ÂMBITO MUNICIPAL, A CAMPANHA “SEGUNDA SEM CARNE NAS ESCOLAS DA REDE MUNICIPAL DE FLORIANÓPOLIS” E DÁ OUTRAS PROVIDÊNCIAS",Gestão da Política Educacional
CONCEDE MEDALHA DO MÉRITO DESPORTIVO MIGUEL LIVRAMENTO À SENHORA LILIAN RAMOS DUTRA,Medalha do Mérito Desportivo Miguel Livramento
"ALTERA O ART. 1º DA LEI N. 10.414, DE 2018, QUE DENOMINA PRAÇA PÚBLICA",Criação e manutenção de área de lazer e atividade física
Institui o selo “Empresa Amiga das Pessoas com TEA” no Município de Florianópolis e dá outras providências.,Pessoas com deficiência e neurodivergentes
DISPÕE SOBRE A OBRIGATORIEDADE DE INSTALAÇÃO DE EQUIPAMENTOS DE CARDIOPROTEÇÃO EM LOCAIS ESPECÍFICOS E ESTRATÉGICOS DO MUNICÍPIO.,Prevenção e combate de doenças
"DECLARA DE UTILIDADE PÚBLICA MUNICIPAL A ASSOCIAÇÃO CATARINENSE DE ALTINHA - ACA, NOS TERMOS DA LEI MUNICIPAL N. 7.798/2008.",Título de utilidade pública
"DECLARA DE UTILIDADE PÚBLICA MUNICIPAL A CASA ESPÍRITA CONFORTO E PAZ, NOS TERMOS DA LEI MUNICIPAL N. 7.798/2008",Título de utilidade pública
CONCEDE A MEDALHA MANÉZINHO DA ILHA ALDÍRIO SIMÕES AO SENHOR VALDIR MIGUEL DE ANDRADE .,Medalha Manezinho da Ilha Aldírio Simões
"Solicitar que seja feito um remendo profundo na Estrada Caminho dos Açores, na altura do número 901, em frente ao Condomínio Caminho dos Açores, no bairro Santo Antônio de Lisboa.",Manutenção da infraestrutura viária
"Sugere melhorias na sinalização viária do cruzamento da Rua Intendente João Nunes Vieira com a Rodovia João Gualberto Soares, localizado no Bairro Ingleses do Rio Vermelho",Organização do trânsito
Indica melhorias no sistema de marcação de consultas nas unidades de saúde do município,Gestão e Regulação da Saúde Pública
Solicita disponibilização de micro-ônibus para transporte de integrantes da Associação Cultural OGAS DA LUA ao evento cultural-religioso de Umbanda no Rio Grande do Sul,Evento cultural
"Indica o aumento da frequência de horários da linha de ônibus 263 – Gaivotas, que atende moradores do Norte da Ilha",Transporte público
"Solicitar a manutenção de um buraco existente na Rua Nossa Senhora das Graças, nº 147, no bairro Estreito.",Manutenção da infraestrutura viária
"Recolhimento do restante de asfalto que está depositado sobre a calçada na Travessa Rodolfo Silva, nº 160, no bairro Jardim Atlântico.",Limpeza Urbana
"Solicitação de medidas urgentes de controle e prevenção de dengue na Servidão Jaborandi e entorno, no bairro Campeche.",Controle sanitário e vigilância em saúde
Solicitação de  conserto urgente da máquina de biometria ocular utilizada nos exames pré-operatórios de catarata no Multihospital de Florianópolis.,Equipamentos públicos de saúde
"Solicitação de reparos em um buraco localizado na Rua Campolino Alves, nº 398, no bairro Capoeiras.",Manutenção da infraestrutura viária
"Solicitar reparo do asfalto na Rua Almirante Lucas Boiteux, nº 57, no bairro Estreito.",Manutenção da infraestrutura viária
"Solicitar reparo no asfalto da Rua Sérgio Gil, nº 425, no bairro Balneário.",Manutenção da infraestrutura viária
"Construção de abrigo no ponto de ônibus da EEM Jacó Anderle, bairro Vargem Grande.",Manutenção de pontos de ônibus
"Indicação de melhorias da drenagem e fiscalização de sobrecarga por obras irregulares na Rua Domingos José da Silveira, bairro Rio Vermelho.",Rede de drenagem
Solicita à Prefeitura a aquisição de uma cabine de audiometria,Prevenção e combate de doenças
"Solicitar reparo asfáltico na Rua Prefeito Rogério Vieira, nas proximidades do número 51, no bairro Jardim Atlântico.",Manutenção da infraestrutura viária
"Solicitar reparo definitivo no asfalto da Servidão Júlio de Oliveira, nº 33, no bairro Coloninha.",Manutenção da infraestrutura viária
"Reparo de um buraco no asfalto localizado na Rua Vereador Batista Pereira, nas proximidades do número 167, no bairro Canto.",Manutenção da infraestrutura viária
"Ao Governo de Santa Catarina e SIE-SC, solicitando pintura e sinalização da ciclofaixa da Rodovia João Gualberto Soares (SC-406), localizada no Bairro São João do Rio Vermelho",Infraestrutura cicloviária
"Ao Governo de Santa Catarina e SIE-SC, sugerindo melhorias nas estruturas das rótulas da Rodovia Armando Calil Bulos (SC-403), no Bairro Vargem Grande",Manutenção da infraestrutura viária
"À CASAN, solicitando averiguação do sistema de esgoto e da água distribuída na região da Rodovia João Gualberto Soares, no bairro Ingleses do Rio Vermelho",Rede de esgotamento sanitário
Requer Reunião Ampliada no âmbito da Comissão de Trabalho Legislação Social e Serviço Público para discussão da retomada do serviço da Comcap especialmente no Norte da Ilha.,Limpeza Urbana
Solicitação Tribuna Livre,Gestão da Política Educacional
"Requer a realização de Audiência Pública no âmbito da Comissão de Saúde da Câmara Municipal de Florianópolis para debater a otimização do atendimento pelas equipes de Saúde da Família, visando aprimorar o serviço prestado à população.",Gestão e Regulação da Saúde Pública
FRENTE PARLAMENTAR DE MOBILIDADE URBANA.,Frente Parlamentar
"Requer a realização de Reunião Ampliada no âmbito da Comissão de Orçamento, Finanças e Tributação (COFT) para debater sobre o plano anual de contratações e licitações da Prefeitura Municipal de Florianópolis.",Planejamento e orçamento público
"Requer informação a SME sobre o Ofício 200/2025 referente as apostilas ""Aprende Mais: Caderno de Aprendizagem Contínua""",Material didático
Pedido de informação acerca do edital da Praça Pio XII,Criação e manutenção de área de lazer e atividade física
Requer envio de ofício à Secretaria de Estado de Infraestrutura e Mobilidade  para implementar  faixa elevada   na  SC-406 - Rodovia João Gualberto Soares,Organização do trânsito
"Requer informações à Secretaria Municipal de Saúde sobre as reformas no prédio da antiga UPA Sul, bem como esclarecimentos sobre o destino futuro do imóvel.",Equipamentos públicos de saúde
SOLICITA À CELESC A INSTALAÇÃO DE REDE DE ENERGIA ELÉTRICA NA SERVIDÃO MARIA DE JESUS AUGUSTO.,Manutenção de rede elétrica
Revitalização na Rua Graciliano Manoel Gomes - Ingleses.,Manutenção da infraestrutura viária
CONCEDE MEDALHA DIVINO ESPÍRITO SANTO À SENHORA ROSA DOS SANTOS CRUZ,Medalha Divino Espírito Santo
"Institui, no âmbito da Câmara Municipal de Florianópolis, a Galeria “Arco-Íris” das Vereanças LGBTIA+, com o objetivo de reconhecer, valorizar e visibilizar a atuação de parlamentares autodeclarados lésbicas, gays, bissexuais, travestis, transexuais, queer e outras identidades da diversidade sexual e de gênero no legislativo municipal.",Diversidade sexual e de gênero
CONCEDE A MEDALHA JENNIFER CELIA HENRIQUE AO PORTAL FLORIPA.LGBT,Medalha Jennifer Celia Henrique
DECLARA COMO BEM DO PATRIMÔNIO CULTURAL IMATERIAL DO MUNICÍPIO DE FLORIANÓPOLIS O EVENTO “PARADA DO ORGULHO LGBTI+ DE FLORIANÓPOLIS” E DÁ OUTRAS PROVIDÊNCIAS.,Diversidade sexual e de gênero
Dispõe sobre a divulgação do direito à gratuidade no transporte coletivo municipal para pessoas vivendo com HIV (PVHIV) e dá outras providências.,Transporte público
"Institui o Mês de Combate à LGBTfobia no Futebol, a ser celebrado anualmente em novembro.",Diversidade sexual e de gênero
Dispõe sobre a responsabilização administrativa em caso de práticas de “terapias de conversão” da orientação sexual ou da identidade de gênero de pessoas que não se enquadram nos padrões heterossexuais e cisgêneros.,Diversidade sexual e de gênero
DECLARA DE UTILIDADE PÚBLICA A ASSOCIAÇÃO AMIGOS DO MIRA,Título de utilidade pública
"Requer realização de Reunião Ampliada no âmbito da Comissão de Viação, Obras Públicas e Urbanismo.",Impactos urbanísticos de empreendimentos
"Solicitar poda de árvores localizadas na Servidão Izidoro Braz da Silva, n.º 145, no bairro Itacorubi.",Limpeza Urbana
"Requer informações a respeito de condições no serviço prestado pelo Consórcio Fênix, referente aos elevadores para acesso de cadeirantes.",Acessibilidade
Solicitação de providências urgentes para a melhoria das condições dos ônibus e da infraestrutura dos terminais utilizados pela população do Sul da Ilha.,Transporte público
"Indicação de necessidade de conserto de buraco no pavimento da Rua Frei Caneca, nº 473, bairro Agronômica.",Manutenção da infraestrutura viária
"Reitera indicação de manutenção e reparos no parque infantil da NEIM Professora Maria Barreiros, no Bairro Coloninha.",Manutenção da estrutura escolar
"Solicitação de Travessia Elevada na Rua Capitão Romualdo de Barros, nº 694 - Saco dos Limões.",Organização do trânsito
"Solicitação de providências referente à manutenção e poda de árvores na Rua Frei Fabiano de Cristo, no bairro Monte Cristo.",Limpeza Urbana
"Solicita a instalação de cobertura na quadra da Praça do Morro do Quilombo, no bairro Itacorubi",Criação e manutenção de área de lazer e atividade física
"Solicita a colocação de grama sintética na quadra da Praça do Morro do Quilombo, no bairro Itacorubi",Criação e manutenção de área de lazer e atividade física
CRIA O FUNDO MUNICIPAL DE PROTEÇÃO E BEM-ESTAR ANIMAL EM FLORIANÓPOLIS E DÁ OUTRAS PROVIDÊNCIAS.,Gestão da política de proteção animal
"ALTERA O ART. 1º DA LEI N. 073, DE 1995 - DENOMINA VIA PÚBLICA SERVIDÃO MARCELINO ANTÔNIO NUNES",Legalização e denominação de vias e espaços públicos
Requerimento de informações - Duplicação das Ruas Búzios e Manjubas em Jurerê.,Gestão e Regulação da Mobilidade Urbana
Intervenções de Manutenção na Rodovia Virgílio Várzea nº 844 - Bairro Vargem Pequena.,Manutenção da infraestrutura viária
"Solicita calçamento da Servidão Cid Silva, localizada no bairro São João do Rio Vermelho",Manutenção da infraestrutura viária
solicitação de providências quanto aos problemas recorrentes no sistema de encanamento da EBM Batista Pereira,Manutenção da estrutura escolar
Implementação da Central de Intérpretes de Libras.,Acessibilidade
"Indica ao Executivo Municipal a necessidade de reparos na Rua Coronel Luiz Caldeira, no Bairro João Paulo",Manutenção da infraestrutura viária
"Indica ao Executivo Municipal a necessidade de ampliação do quadro de servidores do Posto de Saúde da Prainha, com a contratação de 1 Auxiliar de Saúde Bucal (ASB) e 2 Auxiliares Administrativos para a recepção.",Trabalhadores da saúde
"Indica ao Executivo Municipal a necessidade de ampliação dos serviços públicos na Região do Capivari, incluindo melhorias na infraestrutura urbana e no transporte coletivo.",Transporte público
"Indica melhorias no sistema de drenagem da Estrada Dário Manoel Cardoso, no bairro Ingleses do Rio Vermelho",Rede de drenagem
"Solicita melhorias estruturais nas quadras da Escola Básica Municipal Darcy Ribeiro, localizada no bairro São João do Rio Vermelho",Manutenção da estrutura escolar
"Indica construção de um bicicletário na Escola Básica Municipal Darcy Ribeiro, localizada no bairro São João do Rio Vermelho",Manutenção da estrutura escolar
"Indica a contratação de um profissional bibliotecário para atuar na Escola Básica Municipal Darcy Ribeiro, localizada no bairro São João do Rio Vermelho",Trabalhadores da educação
"Indica a construção do auditório na Escola Básica Municipal Darcy Ribeiro, localizada no bairro São João do Rio Vermelho",Manutenção da estrutura escolar
"Solicitar relajotamento do trecho da Rua Dalci Teodósio Silveira, nas proximidades do número 74, no bairro Capoeiras.",Manutenção da infraestrutura viária
"Solicitando reparos asfálticos na Rua Jornalista Rodolfo Eduardo Sulivan, nas proximidades do número 292, no bairro Jardim Atlântico.",Manutenção da infraestrutura viária
"ALTERA DISPOSITIVOS DA RESOLUÇÃO N. 750, DE 2001, QUE CRIA A MEDALHA JOÃO DAVID FERREIRA LIMA.",Medalha Professor João David Ferreira Lima
ALTERA A MEDALHA “PROFESSOR JOÃO DAVID FERREIRA LIMA” PARA “PROFESSOR HENRIQUE DA SILVA FONTES”.,Medalha Professor João David Ferreira Lima
CONCEDE O TROFÉU VEREADOR PEDRO MEDEIROS A SENHORA SOELOIR SALETE BERNARDES,Troféu Vereador Pedro Medeiros
INSTITUI A POLÍTICA DE SAÚDE MENTAL MASCULINA NO MUNICÍPIO DE FLORIANÓPOLIS,Gestão e Regulação da Saúde Pública
REQUERIMENTO DE INFORMAÇÕES AO CENTRO DE ZOONOSES SOBRE MEDICAMENTOS VETERINÁRIOS DISPONÍVEIS,Bem-estar e proteção animal
 Requerimento de Informações precisas sobre a quantidade de alunos e alunas imigrantes nas escolas da rede municipal de Florianópolis.,Acesso a documentos
Solicitação de estudo de viabilidade para a instalação de placas de embarque e desembarque em frente ao Terminal Rodoviário Rita Maria.,Organização do trânsito
"Requer envio de expediente ao Governador do Estado de Santa Catarina, sugerindo providências do órgão competente, para a realização das manutenções necessárias no muro da Reitoria da Universidade do Estado de Santa Catarina.",Manutenção da estrutura escolar
"Asfaltamento da Rua José Batista Rosa, Trindade.",Manutenção da infraestrutura viária
Solicita a transferência da estátua do fundador Francisco Dias Velho,Patrimônio cultural
"Solicitar o conserto do ponto de ônibus localizado na Avenida Ivo Silveira, nº 1073, no bairro Capoeiras.",Manutenção de pontos de ônibus
"Solicitar o reparo de buraco na Rua Elesbão Pinto da Luz, nas proximidades do número 1829, no bairro Monte Cristo.",Manutenção da infraestrutura viária
"Solicitar a substituição da pavimentação da Servidão José Nunes de Souza, no bairro Coloninha.",Manutenção da infraestrutura viária
"Solicita a criação de praça pública, denominada de Jerônymo Borges Filho.",Criação e manutenção de área de lazer e atividade física
Construção de Praça Pública – Rua Lázaro Oliveira Souza,Criação e manutenção de área de lazer e atividade física
"Solicitação de roçagem e limpeza ao longo da Rua José Félix Vieira, com especial atenção às proximidades do número 320, no bairro Pantanal, nesta capital.",Limpeza Urbana
"solicitação de retirada de fios excedentes nos postes ao longo da Servidão Bráulio Sagaz N°2877, situada no bairro Lagoa da Conceição, nesta capital.",Manutenção de rede elétrica
"Solicita o reparo da calçada na Servidão Moyses dos Santos, nº73, no bairro Pantanal, em Florianópolis",Manutenção da infraestrutura viária
"Solicita o reparo da calçada na Rua Antenor Vieira, nº 277, no bairro Lagoa da Conceição, em Florianópolis",Manutenção da infraestrutura viária
Solicitação de Poda de Árvores  Rua José Nunes Vieira - Ingleses,Limpeza Urbana
Solicitação de Recolhimento de Lixo Pesado – Servidão Recanto da Harmonia,Limpeza Urbana
"Solicitação de poda das árvores localizadas ao longo de toda a extensão da Servidão Maringá, no bairro Rio Vermelho, nesta capital.",Limpeza Urbana
Solicitação de Roçagem e Limpeza de Praça Pública – Bairro Ingleses,Limpeza Urbana
Solicitação de poda das árvores localizadas na praça pública situada na Rua dos Lordes.,Limpeza Urbana
Requer informações a respeito do PDDF e PDDE.,Gestão da Política Educacional
Requer informações ao Executivo Municipal e à Secretaria Municipal de Saúde sobre a falta de médicos no Centro de Saúde do bairro Pantanal e a previsão para reposição do quadro.,Equipamentos públicos de saúde
"Solicita melhorias nas condições de segurança da Rua Capitão Romualdo de Barros, no bairro Carvoeira",Organização do trânsito
"Solicita reforço da sinalização da ciclo-faixa na Rua Capitão Romualdo de Barros, no bairro Carvoeira",Organização do trânsito
"Implantação de rótula de acesso na Rua João Motta Espezim, no bairro Saco dos Limões",Organização do trânsito
CONCEDE MEDALHA MANEZINHO DA ILHA ALDÍRIO SIMÕES AO SR WILMAR PEREIRA FILHO.,Medalha Manezinho da Ilha Aldírio Simões
"Solicitação de providências urgentes referentes à situação precária da EBM Batista Pereira, no Ribeirão da Ilha.",Manutenção da estrutura escolar
"Solicitação de providências referente às demandas da Escola Básica Municipal Albertina Madalena Dias, Estrada Cristóvão Machado de Campos, 1537, bairro Vargem Grande, CEP 88052-600.",Manutenção da estrutura escolar
"Solicitação de providências referente à obra incompleta na Avenida Campeche, no bairro Campeche.",Manutenção da infraestrutura viária
Indicação de manutenção e melhorias urgentes na infraestrutura da unidade escolar EBM Batista Pereira.,Manutenção da estrutura escolar
"Requer envio de expediente à Secretaria de Estado da Infraestrutura e Mobilidade (SIE/SC), solicitando a realização da manutenção do Elevado do Trevo da Seta e da Ponte do Carianos.",Manutenção da infraestrutura viária
CONCEDE MEDALHA DO MÉRITO DESPORTIVO MIGUEL LIVRAMENTO AO SENHOR JOÃO BATISTA CASCAES.,Medalha do Mérito Desportivo Miguel Livramento
"Solicitação de pintura nos quebra-molas localizados na Servidão Vicentina Custódia Santos, no bairro Ingleses, em Florianópolis.",Manutenção da infraestrutura viária
"Solicitação de pintura dos meios-fios na cor amarela ao longo da Servidão Vicentina Custódia Santos - no bairro Rio Vermelho, em Florianópolis.",Manutenção da infraestrutura viária
"Solicitação de limpeza das bocas de lobo na Servidão Estêvão Antônio Nunes, situada no bairro Vargem do Bom Jesus, em Florianópolis/SC.",Rede de esgotamento sanitário
Solicitação de Implantação de Sistema de Drenagem Pluvia na servidão João Manoel da Silval - Bairro Rio Vermelho.,Rede de drenagem
"solicitação para reparo de calçada - Servidão Moisés dos Santos 73, Pantanal",Manutenção da infraestrutura viária
"Solicitação de Instalação de Placa de ""Proibido Parar e Estacionar"" – Servidão Gregório Manoel dos Santos",Organização do trânsito
INDICAÇÃO PARA PAVIMENTAÇÃO DA SERVIDÃO PÚBLICA IRINEU NOÉ DA SILVA – RIBEIRÃO DA ILHA,Manutenção da infraestrutura viária
"Indica a aquisição de colchonetes e manutenção da climatização para o NEIM Almirante Lucas Alexandre Boiteux, no Centro.",Manutenção da estrutura escolar
"Solicitar desobstrução e a drenagem do bueiro localizado na Servidão das Seringueiras, nº 127, no bairro Monte Cristo.",Rede de drenagem
"Requer Envio de Expediente ao Consórcio que administra o Terminal Rodoviário Rita Maria, sugerindo a ampliação das vagas de Embarque e Desembarque.",Organização do trânsito
"Solicitação de Hidrojato para desentupimento e limpeza da boca de lobo localizada na Servidão Acelino Epifânio dos Santos no bairro Rio Vermelho, em Florianópolis.",Rede de esgotamento sanitário
"Solicita limpeza de restos de asfalto na calçada da Rua Elesbão Pinto da Luz, 1737 – Jardim Atlântico",Limpeza Urbana
"Indicação de limpeza dos bueiros localizados na Rua Lomba do Sabão, bairro Campeche.",Rede de esgotamento sanitário
"Solicito a instalação de dois contentores de lixo, com capacidade de 1.000 litros ou 250 litros, na Rua Camilo Silveira de Souza, no bairro Monte Cristo.",Limpeza Urbana
"Solicita a instalação de dois contentores de lixo de 1.000 litros na Rua Nova Esperança, n.º 45 no bairro Monte Cristo.",Limpeza Urbana
"Solicita a verificação técnica e, se necessário, a execução de remendo profundo em asfalto na Servidão José Dutra, n.º 153, no bairro Coqueiros.",Manutenção da infraestrutura viária
"ALTERA O ANEXO I DA LEI Nº 10.482, DE 18 DE DEZEMBRO DE 2019, E INSTITUI O DIA MUNICIPAL DA IMIGRAÇÃO ÁRABE NO MUNICÍPIO DE FLORIANÓPOLIS.",Dia Municipal
"Requer à Celesc a manutenção da rede elétrica na Ocupação Marielle Franco, no alto da Caieira.",Manutenção de rede elétrica
Indica à SMS o envio de relatório da inspeção da Vigilância Sanitária realizada no Mercado Público Municipal.,Controle sanitário e vigilância em saúde
"Sugere providências ao órgão competente para a realização de obras de pavimentação e drenagem em toda a extensão na qual não é contemplada com os serviços acima citados, da Servidão Coral, localizada no Bairro Campeche",Manutenção da infraestrutura viária
"Indica ao Executivo Municipal a necessidade de manutenção e reparo dos buracos na Servidão Wenceslau Martinho Vieira, no bairro Córrego Grande.",Manutenção da infraestrutura viária
"Solicita a mudança de ponto de ônibus na Rodovia Virgílio Várzea, nº 2448, bairro Saco Grande, para local mais iluminado e seguro.",Segurança e monitoramento de espaços públicos
"Solicita a recuperação do pavimento asfáltico da Rua Marechal Artur da Costa e Silva, nas proximidades do número 249, no bairro Coqueiros.",Manutenção da infraestrutura viária
"Solicita a recuperação do pavimento asfáltico na Servidão José Luiz, nas proximidades dos números 101 e 170, no bairro Coqueiros.",Manutenção da infraestrutura viária
"Solicita a manutenção das lajotas na Rua Desembargador Flávio Tavares da Cunha Mello, n.º 145, no bairro Coqueiros.",Manutenção da infraestrutura viária
"Solicitar a implantação de uma lombada ou lombofaixa na Avenida Governador Ivo Silveira, nas proximidades do número 578, no bairro Capoeiras.",Organização do trânsito
"Solicitar a recuperação do pavimento asfáltico na Rua Emílio Meyer, nas proximidades do número 57, no bairro Coqueiros.",Manutenção da infraestrutura viária
"Solicitar a  recuperação do pavimento na Rua Desembargador Flávio Tavares da Cunha Mello, nas proximidades do número 61, no bairro Coqueiros.",Manutenção da infraestrutura viária
"Moção de aplausos para  Diretores e  empregados da empresa Art's Colchões ltda, localizada no bairro  Ingleses - Florianópolis  por 20 anos de atividades.",Moção de aplausos
"MOÇÃO DE APLAUSO AO PADRE MÁRIO JOSÉ RAIMONDI, DA IGREJA NOSSA SENHORA DE FÁTIMA, EM RECONHECIMENTO PELOS RELEVANTES SERVIÇOS PRESTADOS À COMUNIDADE DE FLORIANÓPOLIS.",Moção de aplausos
MOÇÃO DE APLAUSOS AO SENHOR MAX CLÉBER ORTH,Moção de aplausos
"Moção de Repúdio à decisão do presidente dos Estados Unidos, Donald Trump, de impor uma tarifa de 50% sobre todos os produtos brasileiros",Moção de repúdio
"MOÇÃO DE APLAUSO AO SR. CARLOS EDUARDO DE OLIVEIRA, INTENDENTE DO BAIRRO MONTE CRISTO, EM RECONHECIMENTO À SUA DESTACADA ATUAÇÃO EM PROL DA COMUNIDADE DESDE O INÍCIO DE FEVEREIRO DO CORRENTE ANO.",Moção de aplausos
"MOÇÃO DE APLAUSO À SRA. JANAINA BEZERRA SALUM, INTENDENTE DISTRITAL DE COQUEIROS, EM RECONHECIMENTO À SUA DESTACADA ATUAÇÃO À FRENTE DAS DEMANDAS ADMINISTRATIVAS E SOCIAIS DAS COMUNIDADES SOB SUA GESTÃO NO MUNICÍPIO DE FLORIANÓPOLIS.",Moção de aplausos
"MOÇÃO DE APLAUSOS À CASAN – COMPANHIA CATARINENSE DE ÁGUAS E SANEAMENTO, NA PESSOA DE SEU PRESIDENTE EDSON MORITZ MARTINS DA SILVA, PELO EFICIENTE ABASTECIMENTO DE ÁGUA NO NORTE DA ILHA DE FLORIANÓPOLIS DURANTE A TEMPORADA DE VERÃO 2024/2025",Moção de aplausos
"Requer a realização de Audiência Pública no âmbito da Comissão de Viação, Obras Públicas e Urbanismo desta Casa Legislativa, com o objetivo de discutir a mobilidade cicloviária no Bairro São João do Rio Vermelho",Infraestrutura cicloviária
"Requer a realização de Audiência Pública no âmbito da Comissão de Educação, Cultura e Desporto desta Casa Legislativa para discutir a condição das escolas municipais diante da implementação da Portaria nº 222/2025",Gestão da Política Educacional
Requerimento de Informações - Expansão da Estrutura Física do Centro de Saúde de Jurerê.,Equipamentos públicos de saúde
"REQUER A REALIZAÇÃO DE REUNIÃO AMPLIADA NO ÂMBITO DA COMISSÃO DE SAÚDE PARA DISCUTIR SOBRE A ATUAÇÃO DOS AGENTES COMUNITÁRIOS DE SAÚDE (ACS), NO ÂMBITO DO SISTEMA ÚNICO DE SAÚDE (SUS) EM FLORIANÓPOLIS.",Trabalhadores da saúde
"SOLICITA À CELESC A PODA DE ARVORES NA SERVIDÃO OLÍMPIO NELSON SILVEIRA, LOCALIZADA NO BAIRRO ARMAÇÃO DO PÂNTANO DO SUL, NESTA CAPITAL.",Limpeza Urbana
"O Vereador que este subscreve, na forma regimental, requer o envio de expediente para CELESC, sugerindo providências ao órgão para que organize melhor o atendimento/tempo de espera ao Público na Unidade/Centro, localizada na Rua Anita Garibaldi, 123.",Atendimento ao cidadão e serviços públicos essenciais
"REQUER A REALIZAÇÃO DE AUDIENCIA PUBLICA NO AMBITO DAS COMISSÕES DE VIAÇÃO, OBRAS PUBLICAS E URBANISMO E DA COMISSÃO DE DEFESA DOS DIREITOS DA PESSOA COM DEFICIÊNCIA, PARA DEBATER NOVO MODELO DE ONIBUS DA CAPITAL E SEUS IMPACTOS NA ACESSIBILIDADE",Acessibilidade
Requer informações ao Executivo Municipal acerca de relatos de falta de médicos psiquiatras no CAPS MultiHospital,Rede de Atenção Psicossocial (RAPS)
Indica à CELESC a necessidade de providências em poste que está eletrocutando pássaros no bairro Santinho,Manutenção de rede elétrica
Requerimento de informações sobre os Processos Administrativos Disciplinares PADs,Acesso a documentos
"Requer envio de expediente à Secretaria de Estado da Infraestrutura e Mobilidade (SIE/SC), para realização de manutenção na iluminação pública na Rodovia de acesso ao aeroporto.",Iluminação pública
"Requer envio de expediente à Secretaria de Estado da Infraestrutura e Mobilidade (SIE/SC), solicitando a realização de manutenção na Rodovia Jornalista Mauricio Sirotski Sobrinho, Jurerê Internacional.",Manutenção da infraestrutura viária
"À CASAN, para que sejam averiguados problemas de esgoto a céu aberto e vazamentos identificados no Bairro Santinho",Rede de esgotamento sanitário
Requer informações sobre cumprimento dos 12 pontos do Programa Escola Segura.,Gestão da Política Educacional
Solicitação de medidas de segurança para o NEIM Profª Sueli Gadotti Rodrigues - Ingleses.,Segurança nas escolas e entorno escolar
"Conversão em via de mão única da rua Arno Lippel, na Trindade",Organização do trânsito
"Solicitação de providências referente a um buraco aberto na Rua Aracy Vaz Callado, no bairro Canto.",Manutenção da infraestrutura viária
Indica ao Executivo Municipal a necessidade de realização de mutirão de castração de pets no bairro Santinho,Bem-estar e proteção animal
"Indica ao Executivo Municipal a necessidade de instalação de redutores de velocidade e sinalização viária na Estrada Vereador Onildo Lemos, no bairro Santinho.",Organização do trânsito
"Solicitar a substituição das redes das traves de futsal do espaço esportivo localizado no CONSEC Monte Cristo, situado na Rua Oswaldo de Oliveira, nº 25 no bairro Capoeiras.",Criação e manutenção de área de lazer e atividade física
"Solicitar a reconstrução do bueiro e o reparo de buraco na Rua Antenor Morais, nas proximidades do número 193, no bairro Bom Abrigo.",Manutenção da infraestrutura viária
"Solicitação de manutenção e reparo no pavimento asfáltico em trecho que apresenta afundamento, desnível e presença de cascalho solto na Rua Jaú Guedes, 97 no bairro Coqueiros.",Manutenção da infraestrutura viária
"Solicitar a manutenção no pavimento asfáltico na Rua Wilson Luz, nas proximidades do número 255, com o entroncamento da Rua Jaú Guedes, no bairro Coqueiros.",Manutenção da infraestrutura viária
"Solicita reparos de dois buracos localizados na Rua Irmã Bonavita, no bairro Capoeiras",Manutenção da infraestrutura viária
"Solicitar demandas na Rua Bento Góia, nas proximidades do número 56, no bairro Coqueiros.",Manutenção da infraestrutura viária
"Solicita um contentor de lixo na Rua Professor Aníbal Nunes Pires, no Morro do Mocotó",Limpeza Urbana
"Solicita um contentor de lixo de grande porte para a Rua José Maria da Luz, no bairro José Mendes",Limpeza Urbana
"Indica a necessidade de determinar que seja efetuada, pela Secretaria do Meio Ambiente, uma fiscalização rigorosa das ligações de esgoto no bairro Santo Antônio de Lisboa, em especial nos bares e restaurantes localizados na orla da praia.",Rede de esgotamento sanitário
"Indica a necessidade de determinar, em caráter de urgência, a tomada de providências para a manutenção ou substituição dos pontos de parada de ônibus urbano no bairro Santo Antônio de Lisboa.",Manutenção de pontos de ônibus
"Criação de praça pública no espaço público localizado entre a Rodovia Jornalista Maurício Sirotsky Sobrinho e a Rua Dário João de Souza, no bairro Jurerê Internacional, nesta Capital",Criação e manutenção de área de lazer e atividade física
Indicação de poda da vegetação localizada no canteiro central da Avenida Mauro Ramos.,Limpeza Urbana
Indicação de Reparo nas Grades de Drenagem - Beira-Mar Norte.,Rede de drenagem
providências urgentes para garantir a valorização dos profissionais da saúde bucal,Trabalhadores da saúde
INDICA REPOSIÇÃO URGENTE DE VAGA DE AUXILIAR DE SAÚDE BUCAL NO CENTRO DE SAÚDE SANTO ANTÔNIO DE LISBOA,Trabalhadores da saúde
Indica a reposição da vaga de Auxiliar de Saúde Bucal (ASB) no Centro de Saúde Santo Antônio de Lisboa,Trabalhadores da saúde
"Solicitando a instalação de lixeiras de 250 litros na Rua Joaquim Nabuco, nas proximidades do número 3169, no bairro Jardim Atlântico.",Limpeza Urbana
"Solicitar a pavimentação da calçada na Rua Elesbão Pinto da Luz, nas proximidades do número 1455, no bairro Jardim Atlântico.",Manutenção da infraestrutura viária
"Solicitar o reparo nas lajotas da Rua Clotilde Gonzaga Dias, nas proximidades do número 66, no bairro Jardim Atlântico.",Manutenção da infraestrutura viária
"Solicitação de Lombofaixa Avenida Patrício Caldeira de Andrade, no bairro Abraão",Organização do trânsito
"Solicita reparo na pavimentação ao longo de toda a Servidão José Amaro Ouriques, no bairro Abraão, em Florianópolis.",Manutenção da infraestrutura viária
"Indicação de Reparo nas Grades de Drenagem da Av Jacarandá, bairro Daniela",Rede de drenagem
"Indicação de instalação de sinalização de trânsito na Rua Sidney Nocetti, nº 111 – Bairro Agronômica.",Organização do trânsito
"Solicitar calçamento da Servidão J, situada no bairro Capoeiras",Manutenção da infraestrutura viária
"Solicitação de remoção de entulho Rua Joaquim Nabuco, nº 314 – Jardim Atlântico",Limpeza Urbana
"Solicitação de calçamento na Rua Fabriciano Inácio Monteiro, 2260 - Ingleses Norte.",Manutenção da infraestrutura viária
"Solicitação de implementação de Sistema de Drenagem Pluvial na Rua Fabriciano Inácio Monteiro, nº 2260 - Ingleses Norte.",Rede de drenagem
"Solicitação de implantação de uma faixa elevada de pedestre na Rua Artista Bittencourt, próximo ao nº 211, bairro Centro.",Organização do trânsito
"Reparos nas lajotas da Rua São Pedro, nº 69, no bairro Monte Cristo, ao lado da lanchonete Tomazzini.",Manutenção da infraestrutura viária
Solicita Reparos no Asfalto – Rua Alcina Jannis - Cachoeira do Bom Jesus.,Manutenção da infraestrutura viária
"Solicitar instalação de dois contentores de 1.000 litros na Rua Bento Goiá, n.º 12, no bairro Coqueiros.",Limpeza Urbana
"Que Prefeitura Municipal de Florianópolis adote as providências necessárias para a destinação, com fins de utilidade pública, do terreno localizado na Rua do Gramal",Zoneamento
"Reparos e construção de calçadas na rua do Gramal, bairro campeche",Manutenção da infraestrutura viária
Providencias sobre a quantidade considerável de buracos que se abriram na praça localizada na Avenida Jardim Campeche,Criação e manutenção de área de lazer e atividade física
"Solicitação de reparo de buraco aberto na Rua Profª Antonieta de Barros, no bairro Estreito.",Manutenção da infraestrutura viária
"Realização de cobertura asfáltica na Rua Ana Antônia Martins, localizada no bairro Alto Ribeirão",Manutenção da infraestrutura viária
"Solicita realização de estudos visando a conversão em mão única na Rua Arno Lippel, na Trindade.",Organização do trânsito
Construção de uma faixa elevada para travessia de pedestres,Organização do trânsito
Solicitação de implementação da Lei dos Três Dias (Lei federal N. 13.767/18) no município de Florianópolis.,Prevenção e combate de doenças
"Solicitação de providências urgentes para a melhoria das condições dos ônibus e da infraestrutura dos terminais utilizados pela população do Sul da Ilha, especialmente nas linhas que atendem o bairro Ribeirão da Ilha.",Transporte público
INDICA A REALIZAÇÃO DE CONSULTA PÚBLICA SOBRE A REVITALIZAÇÃO DA PRAÇA PIO XII,Criação e manutenção de área de lazer e atividade física
"Indicação solicitando a inclusão da duplicação da Rodovia SC-405, trecho compreendido entre o Elevado do Rio Tavares e o Trevo do Erasmo, no planejamento de obras e a adoção de providências para sua execução.",Expansão da infraestrutura de mobilidade
"Solicita extensão de rede de iluminação pública em travessa/servidão perpendicular à Rua General Rosinha, no Centro.",Iluminação pública
"Solicitar a pavimentação da Servidão Orquídeas, n.º 72, localizada no bairro Monte Cristo.",Manutenção da infraestrutura viária
"Reparo no pavimento da Rua Joaquim Nabuco, nas proximidades do número 3030, no bairro Capoeiras,",Manutenção da infraestrutura viária
"Manutenção no asfalto da Rua Waldomiro Monguilhot, nº 283, Morro da Mariquinha.",Manutenção da infraestrutura viária
"Solicitação de Poda, Roçagem e Limpeza – Parque Ecológico Comunitário Ilha das Conchas - Abraão.",Limpeza Urbana
Substituição do aparelho de ar-condicionado localizado no pátio externo da Escola Batista Pereira,Aquisição de equipamentos e mobiliário escolar
Solicitação de melhorias no fluxo de ônibus para a região do Extremo Sul de Florianópolis.,Transporte público
INDICA A MANUTENÇÃO URGENTE DA PISTA DE SKATE DA COSTEIRA DO PIRAJUBAÉ,Criação e manutenção de área de lazer e atividade física
"Recuperação de pavimento na Rua Irmã Bonavita, na altura do número 1580, no bairro Capoeiras, Florianópolis/SC.",Manutenção da infraestrutura viária
"Solicitar o relajotamento da Rua Dalci Teodósio Silveira, localizada no bairro Capoeiras.",Manutenção da infraestrutura viária
Solicitação de melhorias no trânsito na Av. Gov. Gustavo Richard.,Organização do trânsito
"Solicitar a pavimentação asfáltica no início da Rua Maria Júlia Ramos e Souza, nas proximidades do número 693, no bairro Capoeiras.",Manutenção da infraestrutura viária
"Relajotamento na Servidão Atair Hammes nº114, no bairro Capoeiras, Florianópolis/SC",Manutenção da infraestrutura viária
"Relajotamento da Rua Servidão Alzira Ventura Vieira nº 105, localizada no bairro Capoeiras, Florianópolis/SC.",Manutenção da infraestrutura viária
Indica a reposição de profissional farmacêutica no Centro de Saúde Jardim Atlântico,Equipamentos públicos de saúde
Solicitação de providências urgentes diante das condições estruturais precárias da  EBM Brigadeiro Eduardo Gomes.,Manutenção da estrutura escolar
Solicitação de contratação de funcionários para o Centro de Saúde da Armação do Pântano Sul.,Trabalhadores da saúde
Solicitação de reparos e manutenções no NEIM Celso Ramos.,Manutenção da estrutura escolar
Reparo do ponto de ônibus localizado no bairro Rio Vermelho,Manutenção de pontos de ônibus
"Requer o envio de expediente ao Governo do Estado de Santa Catarina, para realização de melhorias no estacionamento em frente ao Hospital Infantil Joana de Gusmão.",Estacionamentos e vagas rotativas
"Solicita o envio de expediente ao Chefe do Poder Executivo, sugerindo continuidade da ciclovia entre as vias da Avenida Beira-Mar Norte e Rodovia Gustavo Richard.",Infraestrutura cicloviária
Requer a Prefeitura Municipal da Florianópolis avaliar viabilidade de promover feiras e eventos no Terminal Cidade de Florianópolis.,Evento cultural
Solicita informações quanto a execução de continuidade da Avenida Beira-Mar Continental,Expansão da infraestrutura de mobilidade
Solicita a viabilidade de municipalização da Rodovia no bairro Ingleses/Rio Vermelho.,Gestão e Regulação da Mobilidade Urbana
Requer a Prefeitura Municipal da Florianópolis avaliar viabilidade de binário no bairro Ingleses.,Organização do trânsito
"INCLUI ITEM NO ANEXO IV DA LEI N. 10.482, DE 2019 – MÊS DE COMBATE À DESIGUALDADE E PROMOÇÃO DA JUSTIÇA SOCIAL.",Mês Municipal
CONCEDE MEDALHA MANEZINHO DA ILHA ALDÍRIO SIMÕES AO SENHOR AMARILDO ALBERTO ELIAS,Medalha Manezinho da Ilha Aldírio Simões
CONCEDE MEDALHA MANEZINHO DA ILHA ALDÍRIO SIMÕES AO SENHOR JOÃO DORVAL TEIXEIRA,Medalha Manezinho da Ilha Aldírio Simões
Declara de Utilidade Pública a Associação Assistência Social Educacional Projeto Acreditar Ingleses - AASEPAI,Título de utilidade pública
CONCEDE MEDALHA E DIPLOMA DE MÉRITO VIRGÍLIO VÁRZEA AO PROJETO VARAL DA TRAJANO,Medalha Virgílio Várzea
CONCEDE MEDALHA DO MÉRITO DESPORTIVO MIGUEL LIVRAMENTO DO MUNICÍPIO DE FLORIANÓPOLIS À ATLETA DE JIU-JITSU GABRIELLA MENDONÇA SOARES,Medalha do Mérito Desportivo Miguel Livramento
CONCEDE MEDALHA DO MÉRITO DESPORTIVO MIGUEL LIVRAMENTO DO MUNICÍPIO DE FLORIANÓPOLIS À ATLETA DE JIU-JITSU ISABELLA MENDONÇA SOARES,Medalha do Mérito Desportivo Miguel Livramento
"DISPÕE SOBRE A OBRIGATORIEDADE DA TRANSCRIÇÃO EM BRAILE NAS MEDALHAS, DIPLOMAS, PLACAS E TROFÉUS ENTREGUES EM EVENTOS ESPORTIVOS E DE HOMENAGEM REALIZADOS NO MUNICÍPIO DE FLORIANÓPOLIS.",Acessibilidade
"Altera a Lei Municipal nº 9.449, de 20 de janeiro de 2014, que institui o Programa Municipal Antidrogas (PROMAD), e dá outras providências.",Gestão e Regulação da Saúde Pública
CRIA A POLÍTICA MUNICIPAL DE PROMOÇÃO DOS DIREITOS E ATENÇÃO INTEGRAL ÀS PESSOAS IDOSAS LGBTI+ NO MUNICÍPIO DE FLORIANÓPOLIS.,Diversidade sexual e de gênero
"INCLUI ITEM NO ANEXO IV MESES ALUSIVOS DA LEI N. 10.482, DE 2019. INSTITUI O ""JULHO TURQUESA"" COMO O MÊS DE CONSCIENTIZAÇÃO E EDUCAÇÃO DA SÍNDROME DO OLHO SECO NO MUNICÍPIO DE FLORIANÓPOLIS E DÁ OUTRAS PROVIDÊNCIAS.",Mês Municipal
INSTITUI A POLÍTICA MUNICIPAL DE CONSCIENTIZAÇÃO E EDUCAÇÃO DA POPULAÇÃO SOBRE A SÍNDROME DO OLHO SECO E DÁ OUTRAS PROVIDÊNCIAS.,Prevenção e combate de doenças
Concede Medalha Divino Espírito Santo à Senhora Rosa dos Santos Cruz,Medalha Divino Espírito Santo
CONCEDE MEDALHA ANTONIETA DE BARROS À SENHORA ADÉLIA DOMINGUES,Medalha Antonieta de Barros
CONCEDE O MEDALHA MANEZINHO DA ILHA ALDÍRIO SIMÕES A SENHORA ELIETE INÊS ESPINDOLA,Medalha Manezinho da Ilha Aldírio Simões
CONCEDE TROFÉU VEREADOR PEDRO MEDEIROS AO SENHOR NORIVAL DA ROSA BOTELHO.,Troféu Vereador Pedro Medeiros
CONCEDE TROFÉU GOVERNADOR CELSO RAMOS AO SENHOR GUILHERME PONTES.,Troféu Governador Celso Ramos
"Requer cópias dos estudos, relatórios e demais documentos oficiais que autorizam as obras de dragagem do Canal da Barra da Lagoa.",Gestão e proteção de corpos hídricos e áreas associadas
Requer ao órgão responsável a inclusão de contratos no sistema CIGA Obras.,Acesso a documentos
SOLICITA O ARQUIVAMENTO DO PROJETO DE LEI Nº 19642/2025,Arquivamento de proposição
Requer informações sobre o embasamento teórico utilizado pela Prefeitura para classificar o Dólmen da Oração como um sítio arqueológico.,Patrimônio cultural
"Solicitação de informações sobre os consultórios de rua, demanda atendida, planejamento de expansão e avaliação da suficiência do serviço.",Expansão da infraestrutura de mobilidade
"Requer à Secretaria de Estado da Saúde informações e providências quanto à paralisação do serviço de radioterapia no CEPON, em razão de equipamento quebrado.",Gestão e Regulação da Saúde Pública
Requer informações sobre a propaganda de carteirinhas de estudante nas escolas da rede municipal.,Gestão da Política Educacional
"SOLICITA À CELESC  MELHORIAS NA REDE ELÉTRICA NA SERVIDÃO VENTURA LOCALIZADA NO BAIRRO SACO GRANDE, NESTA CAPITAL.",Manutenção de rede elétrica
"Verificar vazamento de esgoto na Servidão Palmeiras Verdes, n.º 202, no bairro Monte Cristo.",Rede de esgotamento sanitário
Requer mais informações a SME sobre o Ofício DAOP n°269/2025/SME/PMF.,Acesso a documentos
Requerimento de Informações sobre o Projeto da Pista de Skate da Baleia,Criação e manutenção de área de lazer e atividade física
Solicita realização de Sessão Comemorativa em homenagem à Semana de Celebração da Cultura e dos Movimentos Evangélicos no Município de Florianópolis,Sessão Comemorativa
"Requer informações sobre a ampliação da idade mínima para vacinação de crianças e adolescentes para vacinação do HPV, para 15 a 19 anos.",Prevenção e combate de doenças
Requer informações sobre a disponibilização do implante subdérmico contraceptivo na rede municipal de saúde.,Gestão e Regulação da Saúde Pública
"Requer envio de expediente à Secretaria de Estado da Infraestrutura e Mobilidade (SIE/SC), para realização de melhorias nas rotatórias localizadas na Rodovia de acesso ao aeroporto.",Manutenção da infraestrutura viária
Requerimento de Arquivamento do PLC 01996/2025,Arquivamento de proposição
Requer cópia do contrato firmado entre a Prefeitura Municipal de Florianópolis e a Organização Social que administra o CAPS III.,Rede de Atenção Psicossocial (RAPS)
Requer informação a respeito do CAPS 3 Sul da Ilha,Rede de Atenção Psicossocial (RAPS)
Requer a Constituição da Comissão para elaboração do novo Plano Municipal de Cultura,Gestão e Regulação da Cultura e Lazer
"Requer informações à Secretaria Municipal de Infraestrutura sobre as obras na Avenida Juscelino Kubitschek, no  Continente",Manutenção da infraestrutura viária
Envio de expediente ao Congresso Nacional em apoio à PEC 19/2024 (PEC da Enfermagem),Trabalhadores da saúde
"Solicitação de Remoção Permanente de Plantas Invasoras na Servidão Manoel Isidoro Augusto, Rio Tavares",Manutenção da infraestrutura viária
Indicação de realização de convênio com o Projeto Educar PRF.,Gestão da Política Educacional
"Solicitação de reparo de buraco aberto na Rua Antônio Francisco da Silveira, próximo ao nº 140, no bairro Pantanal.",Manutenção da infraestrutura viária
"Solicita o envio de expediente ao Consórcio do Aeroporto Internacional Hercílio Luz para reparos e melhorias na via de acesso interno ao aeroporto, nas proximidades da empresa Localiza Aluguel de Carros",Manutenção da infraestrutura viária
"Indica ao Executivo Municipal a necessidade de recolocação de coberturas e sinalizações nos pontos de ônibus ao longo da Rua Cândido Pereira dos Anjos, no bairro São João dp Rio Vermelho.",Manutenção de pontos de ônibus
Solicitação de implementação de Sistema de Macrodrenagem na Avenida dos Búzios - Jurerê.,Rede de drenagem
INDICAÇÃO PARA AQUISIÇÃO DE EQUIPAMENTOS E MELHORIAS NO CENTRO DE SAÚDE MONTE SERRAT,Equipamentos públicos de saúde
"Indica ao Executivo Municipal a necessidade de reparo em buraco na Avenida Atlântica, altura do número 918, no bairro Jardim Atlântico.",Manutenção da infraestrutura viária
"Indica ao Executivo Municipal a necessidade de recapeamento asfáltico em toda a extensão da Rua Nossa Senhora do Rosário, no bairro Jardim Atlântico",Manutenção da infraestrutura viária
Concede o Troféu Vereador Pedro Medeiros à José Valério de Souza.,Troféu Vereador Pedro Medeiros
"MOÇÃO DE APLAUSOS à Imobiliária IBAGY, pelos seus 55 anos de contribuição inestimável ao desenvolvimento econômico, social e cultural de nossa cidade.",Moção de aplausos
"MOÇÃO DE APLAUSOS a Felipe Sommer, Leandro Souza Flach, Hadriel de Oliveira Ferreira e Viviane Macari, em reconhecimento à brilhante atuação no resgate da capivara em situação de risco extremo, ocorrido no Pântano do Sul.",Moção de aplausos
"Solicita o envio de expediente ao Governo do Estado de Santa Catarina requerendo a revisão do Decreto nº 988/2025, que regulamenta a Lei Estadual nº 19.136/2024, a fim de garantir o acesso amplo aos medicamentos à base de cannabis medicinal, incluindo o fornecimento por associações legalmente autorizadas.",Prevenção e combate de doenças
"Solicitação de informações referente à possibilidade de transferência do núcleo da Educação de Jovens e Adultos, que atualmente é anexo ao campus Universitário da UFSC, no bairro Trindade.",Educação de jovens e adultos (eja)
Requer o arquivamento do Projeto de Lei nº 19337/2024,Arquivamento de proposição
Requer informações sobre as avaliações padronizadas aplicadas aos estudantes da rede municipal de educação.,Gestão da Política Educacional
"ALTERA DISPOSITIVOS DA LEI Nº 11.248, DE 29 DE MAIO DE 2024, QUE ALTERA A LEI Nº 8.738, DE 2011, PARA AMPLIAR OS CRITÉRIOS DE CONCESSÃO DA MEDALHA DO MÉRITO DESPORTIVO MIGUEL LIVRAMENTO E INCORPORAR ELEMENTOS DE ACESSIBILIDADE.",Medalha do Mérito Desportivo Miguel Livramento
"Moção de Aplausos à Loja Maçônica 14 de Julho, pelos seus 75 anos.",Moção de aplausos
Altera a  Ementa  da Lei  3570/91,Título de utilidade pública
Altera a  Ementa  da  Lei 4434/94,Título de utilidade pública
"Solicitação de campanha de comunicação nas traseiras dos ônibus do transporte coletivo urbano (busdoor), com o objetivo de divulgar os métodos de pagamento disponíveis.",Transporte público
"Requer envio de expediente ao Governo de Estado e à Secretaria de Estado da Infraestrutura e Mobilidade (SIE/SC), para avaliar a viabilidade e possibilitar a instalação de lombo faixas na Rodovia de Acesso ao Aeroporto.",Organização do trânsito
"Requer envio de expediente ao Governo do Estado de Santa Catarina, para avaliar a viabilidade e possibilitar a instalação de Guard Rail na Rodovia Armando Calil Bulos (SC-403), próximo ao número 4774.",Organização do trânsito
"Requer envio de expediente ao Prefeito Municipal, sugerindo a ampliação das vagas de Embarque e Desembarque.",Organização do trânsito
"Solicita envio de expediente ao Governador do Estado de Santa Catarina, para realização de melhorias no levantamento de rodovias atingidas pela maré alta.",Manutenção da infraestrutura viária
"Sugere providências ao órgão competente para a construção de uma rotatória nas proximidades da Creche NEIM Anirson Antônio das Chagas, situada na região da Pedrita, no bairro Rio Tavares.",Expansão da infraestrutura de mobilidade
"Solicita que seja realizado termo de fomento, em forma de contribuição mensal, entre a Prefeitura Municipal de Florianópolis e a Associação Renal Vida",Gestão e Regulação da Saúde Pública
Saúde Bucal na região Norte de Florianópolis - CS Ingleses,Equipamentos públicos de saúde
Equipamento de Raio-X – CS Ingleses,Equipamentos públicos de saúde
INDICA A RECUPERAÇÃO ASFALTICA RUA ELESBÃO PINTO LUZ NO BAIRRO MONTE CRISTO COM URGÊNCIA,Manutenção da infraestrutura viária
INDICA RECOMPOSIÇÃO DE QUADRO MEDICO NO CENTRO DE SAUDE JURERE EM CARÁTER DE URGÊNCIA,Trabalhadores da saúde
"Sugere providências ao órgão competente para um novo sistema de drenagem em toda extensão da Rua Manoel Rafael Inácio, localizada no Bairro Campeche.",Rede de drenagem
"Requer envio de expediente ao Prefeito Municipal, solicitando informações sobre a nova rotatória de acesso a Ponte Hercílio Luz.",Expansão da infraestrutura de mobilidade
"Solicitar a recuperação do asfalto na Rua Jornalista Orion Augusto Platt, nas proximidades do número 57, no bairro Jardim Atlântico.",Manutenção da infraestrutura viária
"Solicita o reparo de buraco no asfalto na Rua Prefeito Gasparino Dutra, nº 57, no bairro Jardim Atlântico.",Manutenção da infraestrutura viária
"Solicitar o conserto de buraco na Rua Francisco Evangelista, nas proximidades do número 169, no bairro Jardim Atlântico.",Manutenção da infraestrutura viária
"Solicitação de Reparos no Calçamento e Pavimentação– R Cel. Tenório de Albuquerque, Coloninha.",Manutenção da infraestrutura viária
"Solicitação de análise técnica de implementação  Lombo Faixa com Sinalização – Rod João Gualberto Soares, Rio Vermelho.",Organização do trânsito
Solicitação de Manutenção de Praça Pública Danificada - Rua das Gaivotas.,Criação e manutenção de área de lazer e atividade física
Solicitação de reparo em pavimentação da Servidão José Amaro Ouriques – Bairro Abraão.,Manutenção da infraestrutura viária
Indica a reconstrução da ponte pênsil da Barra da Lagoa.,Expansão da infraestrutura de mobilidade
"REQUERIMENTO PARA INSTALAÇÃO DE GUIA-RAIL, SINALIZAÇÃO E REDUTORES DE VELOCIDADE NA SC-406",Organização do trânsito
Solicita realização de Sessão Solene em comemoração aos 20 anos do Partido Socialismo e Liberdade (PSOL),Sessão Solene
REQUERIMENTO DE INFORMAÇÕES SOBRE A DISTRIBUIÇÃO E APLICAÇÃO DE VACINAS CONTRA COVID-19 NO MUNICÍPIO,Prevenção e combate de doenças
REQUERIMENTO DE INFORMAÇÕES SOBRE A FALTA DE PROFISSIONAIS ADMINISTRATIVOS NOS CENTROS DE SAÚDE DO MUNICÍPIO,Trabalhadores da saúde
SOLICITAÇÃO DE INFORMAÇÕES SOBRE ESTUDO TÉCNICO PARA IMPLANTAÇÃO DE ASFALTO EM VIAS DE LAJOTAS,Gestão e Regulação da Mobilidade Urbana
Requer informações sobre profissionais de odontologia na rede municipal de atendimento.,Trabalhadores da saúde
"Solicita à CASAN verificação de possível vazamento de esgoto na Servidão Vitória-régia Vermelha, nº 76 – bairro Monte Cristo",Rede de esgotamento sanitário
"Solicitação de implementação de lombada na Avenida Jorge Lacerda, Bairro Carianos, Florianópolis/SC",Organização do trânsito
"Requer a realização de Audiência Pública no âmbito da Comissão de Orçamento, Finanças e Tributação (COFT), na Comissão de Meio Ambiente (CMA) e na Comissão de Viação, Obras Públicas e Urbanismo (CVOPU) a fim de debater os serviços de coleta e destinação final de lixo.",Limpeza Urbana
"Requer a duplicação da Rodovia SC-405, no trecho compreendido entre o Trevo do Erasmo e o Elevado do Rio Tavares",Expansão da infraestrutura de mobilidade
"Requer a duplicação da Rodovia Admar Gonzaga, no trecho compreendido entre o Elevado do Itacorubi e a Universidade do Estado de Santa Catarina – UDESC",Expansão da infraestrutura de mobilidade
"Requerimento sobre o Contrato de Concessão, bem como seus aditivos, do transporte coletivo de Florianópolis.",Transporte público
"Relajotamento da Rua Namen José Curi, no bairro Capoeiras com situação mais critica nas proximidades do nº50.",Manutenção da infraestrutura viária
"Solicitar reparo de buraco localizado na Rua Luiz Gonzaga Valente, nº 223, no bairro Coloninha.",Manutenção da infraestrutura viária
"Reparo asfáltico na Servidão Alzira Ventura Vieira, nº 37, no bairro Capoeiras, em Florianópolis/SC.",Manutenção da infraestrutura viária
"Solicitar reparo de dois buracos na Rua Padre Luiz Zuber, nas proximidades do número 68, no bairro Capoeiras.",Manutenção da infraestrutura viária
"Solicitar reparo de um buraco na Rua João Vieira, na altura do número 187, no bairro Capoeiras.",Manutenção da infraestrutura viária
Indicação de manutenção na infraestrutura da unidade escolar EBM José Amaro Cordeiro.,Manutenção da estrutura escolar
Indicação de de melhorias viárias e elaboração de projeto de ciclovia entre a Praia da Daniela e Jurerê.,Criação e manutenção de área de lazer e atividade física
"Indica reparo na sinalização da ciclovia na Rua Desembargador Pedro Silva, no bairro Coqueiros",Infraestrutura cicloviária
Indica construção de lombofaixa e reparo de iluminação na Avenida Engenheiro Max de Souza em Coqueiros,Manutenção da infraestrutura viária
INDICA A RESTAURAÇÃO E REABERTURA DA CASA NO BOSQUE PEDRO MEDEIROS (HORTO FLORESTAL) COMO CASA DE CULTURA DO CONTINENTE,Criação e manutenção de área de lazer e atividade física
"Solicitar o reparo da lombada localizada na Rua Luiz Carlos Prestes, nas proximidades do número 1041, no bairro Jardim Atlântico.",Manutenção da infraestrutura viária
"Solicitar o reparo de buraco na Travessa Central Continente, nas proximidades do número 28, no bairro Capoeiras.",Manutenção da infraestrutura viária
"Solicitar o que seja refeito o lajotamento da Servidão Maria Luísa França, localizada no bairro Capoeiras.",Manutenção da infraestrutura viária
"Solicitar o reparo no asfalto da Rua Kurt Rantour, nas proximidades do número 203, no bairro Capoeiras.",Manutenção da infraestrutura viária
"Solicitar a instalação da faixa de pedestres na Rua Joaquim Nabuco, nas proximidades do número 1100, no bairro Capoeiras.",Organização do trânsito
"Solicitar o recapeamento asfáltico de trecho da Rua Professora Antonieta de Barros, nas proximidades do número 206, no bairro Canto.",Manutenção da infraestrutura viária
"Solicitar o conserto de buraco na Rua Professora Antonieta de Barros, nas proximidades do número 214, no bairro Canto.",Manutenção da infraestrutura viária
"Solicitar o conserto de buraco localizado sobre a faixa de pedestres na Rua Manoel Oliveira Ramos, nas proximidades do número 212, no bairro Estreito.",Manutenção da infraestrutura viária
"Solicitar a reposição e o conserto das lajotas na Travessa Nilo Sérgio Ferreira, nas proximidades do número 81, no bairro Jardim Atlântico.",Manutenção da infraestrutura viária
Requer realização de Audiência Pública no âmbito da Comissão dos Direitos de Defesa da Pessoa com Deficiência.,Pessoas com deficiência e neurodivergentes
REQUERIMENTO DE INFORMAÇÕES SOBRE OS ESTUDOS PARA IMPLEMENTAÇÃO DO NOVO CENTRO DE SAÚDE DE JURERÊ,Equipamentos públicos de saúde
REQUERIMENTO DE INFORMAÇÕES SOBRE POLÍTICAS PÚBLICAS MUNICIPAIS PARA ATENDIMENTO DE PESSOAS COM ANEMIA FALCIFORME,Prevenção e combate de doenças
"Solicita informações sobre asfaltamento das ruas Bias Peixoto e Luiz Gonzaga Lamêgo, no Abraão.",Manutenção da infraestrutura viária
Solicita a realização de Audiência Pública no âmbito da Comissão de Saúde.,Gestão e Regulação da Saúde Pública
Solicita informações a respeito da suspensão do Pregão Eletrônico nº 058/SMLCP/SULIC/2024.,Gestão e Regulação da Saúde Pública
"Requer Tribuna Livre em favor do Instituto Autonomia, para expor a importância do trabalho desenvolvido pelo instituto e abordar a causa do autismo, especialmente no que se refere à inclusão por meio da arte.",Pessoas com deficiência e neurodivergentes
Homenagem aos 33 anos da associação da feira da Beiramar,Uso do Grande Expediente para homenagem
REQUER ANÁLISE TECNICA  E MANUTENÇÃO URGENTE DA PONTE SOBRE O RIO TAVARES (SC-405),Manutenção da infraestrutura viária
INSTITUI O DIA MUNICIPAL DO VEGANISMO NO CALENDÁRIO OFICIAL DO MUNICÍPIO DE FLORIANÓPOLIS.,Dia Municipal
Moção de Apoio ao Plant Based Treaty (Tratado de Base Vegetal),Moção de aplausos
"MOÇÃO DE APLAUSOS ao Teatro Álvaro de Carvalho (TAC), em Florianópolis, que está completando 150 anos de idade.",Moção de aplausos
Requer o arquivamento do Projeto de Lei nº 19665/2025,Arquivamento de proposição
"Requer envio de expediente à Secretaria de Estado da Infraestrutura e Mobilidade (SIE/SC), para realização de manutenção na Rodovia João Paulo no trecho entre o nº 1312 ao nº 1353.",Manutenção da infraestrutura viária
"À Secretaria de Estado da Saúde de Santa Catarina, sugerindo a ampliação do escopo de triagem pelo Teste do Pezinho",Gestão e Regulação da Saúde Pública
Requer informações sobre o projeto de reforma da estrutura da DIBEA e o plano de ação previsto para o período de execução das obras.,Gestão da política de proteção animal
"Requer a realização de Audiência Pública no âmbito da Comissão de Viação, Obras Públicas e Urbanismo, (CVOPU), a fim de debater a duplicação da Rodovia Admar Gonzaga.",Expansão da infraestrutura de mobilidade
"Requer envio de expediente ao Governo do Estado de Santa Catarina, para avaliar a viabilidade e possibilitar a instalação de Guard Rail na curva de acesso da Rodovia Admar Gonzaga (SC 404), via que conecta à região do bairro Itacorubi.",Organização do trânsito
Solicitação de reparo de vazamento,Rede de abastecimento de água
"Solicitação de informações sobre o Dezembro Vermelho, instituído pela Lei nº 9.867/2015.",Mês Municipal
Solicitação de Van de Vacinação Gabinete Itinerante Vereador Bezerra.,Prevenção e combate de doenças
Indicação de instalação de guarda-corpo na travessa Alto da Boa vista no bairro José Mendes,Manutenção da infraestrutura viária
"Solicitação de Hidrojato para Desentupimento de Boca de Lobo – Servidão Vicência Maria de Jesus, nº 43 – Bairro Itacorubi",Rede de drenagem
"Solicitação de Limpeza e Reparo de Boca de Lobo – Servidão Laje de Pedra, Bairro Itacorubi",Rede de drenagem
Indicação de vistoria e providências quanto ao possível descarte irregular de esgoto na Praia do Canto Sul dos Ingleses.,Rede de esgotamento sanitário
"Indicação de revitalização da escadaria localizada na travessa Alto da Boa Vista, no bairro José Mendes, ao lado da residência de nº 71.",Manutenção da infraestrutura viária
Solicitar a implantação de um Ônibus Multissensorial,Acessibilidade
"Solicitar o serviço de hidrojateamento na Rua Blides Neves Segui, nº 663, no bairro Coloninha, em Florianópolis.",Limpeza Urbana
Solicitação de profissionais de Saúde Bucal para o CS Monte Serrat,Trabalhadores da saúde
"Sugere providências ao órgão competente para a instalação de uma escada de acesso à Praia do Campeche, na Rua Pinguim, localizado no bairro Campeche.",Criação e manutenção de área de lazer e atividade física
"Solicitar o reparo da tubulação na Servidão Frei Damião, nº 125, situada no bairro Capoeiras.",Rede de drenagem
"Recomposição asfáltica da Rua Padre Luiz Zuber, nº 131, no bairro Capoeiras.",Manutenção da infraestrutura viária
"Solicitar a pintura dos decks da Praça Governador José Boabaid, situada no bairro Coqueiros.",Criação e manutenção de área de lazer e atividade física
"Colocação dos vidros no abrigo de ônibus localizado na Rua Desembargador Pedro Silva, em frente à Intendência de Coqueiros.",Manutenção de pontos de ônibus
"Solicitar a a manutenção e zeladoria da praça localizada na Rua Abel Capela, no bairro Coqueiros.",Criação e manutenção de área de lazer e atividade física
"Solicitar a roçada e limpeza na Praça dos Cachorros, situada no bairro Coqueiros.",Criação e manutenção de área de lazer e atividade física
"Inclui dispositivos na Lei Complementar nº 07, de 1997 - Institui o Programa ""Floripa sem abandono"", no município de Florianópolis",Gestão da política de proteção animal
DISPÕE SOBRE A IDENTIFICAÇÃO E USO DAS VAGAS DE ESTACIONAMENTO DESTINADAS A PESSOAS COM TRANSTORNO DO ESPECTRO AUTISTA (TEA) NO MUNICÍPIO DE FLORIANÓPOLIS E DÁ OUTRAS PROVIDÊNCIAS.,Pessoas com deficiência e neurodivergentes
Declara de Utilidade Pública o Instituto Taffarel Lopes.,Título de utilidade pública
"Cria a Rede Municipal de Cursinhos Populares no Município de Florianópolis, institui o Comitê Intersetorial da Rede Municipal de Cursinhos Populares e dá outras providências.",Gestão da Política Educacional
"Requer à Prefeitura Municipal de Florianópolis informações sobre a obra iniciada em 19/12/2022, na travessa Alto da Boa Vista, no bairro José Mendes.",Obras e Reparos Urbanos
"Assunto: Solicitação de reparo de vazamento de água – Rua Dona Maria I, nº 140 – Bairro Monte Cristo, Florianópolis/SC",Rede de abastecimento de água
"Solicitação de reparo de vazamento de água – Servidão das Seringueiras, nº 13 – Bairro Jardim Atlântico, Florianópolis/SC",Manutenção da infraestrutura viária
"Solicitação de manutenção no asfalto devido a vazamento Rua Irmã Bonavita, nº 1131",Manutenção da infraestrutura viária
"Solicitação de manutenção no asfalto devido a vazamento Rua João Evangelista da Costa, nº 630.",Manutenção da infraestrutura viária
"Indicação de pavimentação e implantação de drenagem na Servidão Revoar das Corujas, bairro Campeche.",Rede de drenagem
"Solicitação de Manutenção na Ponte na Servidão João Teixeira de Carvalho, nº 228 -  Armação do Pântano do Sul - 88066-380.",Manutenção da infraestrutura viária
"Indicação de Reparo na calçada da Rua José Chafi Chein Chaia, bairro João Paulo.",Manutenção da infraestrutura viária
Reparar vazamento de esgoto na Vila Aparecida,Rede de esgotamento sanitário
"Reparar quadras esportivas, academia aberta e parquinho na Vila Aparecida",Criação e manutenção de área de lazer e atividade física
"Recapamento asfáltico e a manutenção da calçada da Rua Elesbão Pinto da Luz, na altura do número 240, localizada no bairro Jardim Atlântico.",Manutenção da infraestrutura viária
"Solicitar o reparo da quadra localizada na Rua José Machado Simas, nº 131, bairro Monte Cristo.",Criação e manutenção de área de lazer e atividade física
"Solicitação de Implementação de Lombadas – Rua Cândido Pereira dos Anjos, na saída da Servidão Ana Cardoso – Bairro Rio Vermelho",Manutenção da infraestrutura viária
CONCEDE TROFÉU GOVERNADOR CELSO RAMOS AO SENHOR GILBERTO SELEME,Troféu Governador Celso Ramos
DECLARA DE UTILIDADE PÚBLICA MUNICIPAL A ASSOCIAÇÃO RECREATIVA E CULTURAL DO BAIRRO ABRAÃO.,Título de utilidade pública
DECLARA DE UTILIDADE PÚBLICA A ASSOCIAÇÃO DOS PESCADORES ARTESANAIS DE ARRASTO DE PRAIA DA PRAIA DO MOÇAMBIQUE.,Título de utilidade pública
"DECLARA DE UTILIDADE PÚBLICA MUNICIPAL A ASSOCIAÇÃO FAIR PLAY DE ESPORTES E CULTURA, NOS TERMOS DA LEI MUNICIPAL N. 7.798/2008.",Título de utilidade pública
"À Secretaria Municipal de Cultura, Esporte e Lazer, solicitando informações sobre uso de sala na Escola Silveira de Souza",Patrimônio cultural
"Requer a conexão entre a Rua do Aviador e a Expressa Sul, no Bairro Carianos.",Expansão da infraestrutura de mobilidade
"Solicitação de averiguação de vazamento de esgoto – Rua Prefeito Gasparino Dutra, 375, Jardim Atlântico",Rede de esgotamento sanitário
"Recolocação da placa de identificação da Rua José Machado Simas, localizada no bairro Monte Cristo, Conjunto Habitacional Panorama, próximo ao bloco 19.",Organização do trânsito
Solicitar a construção de um campo de futebol society (campo sintético) público na comunidade do Sapé.,Criação e manutenção de área de lazer e atividade física
Indica manutenção nos equipamentos de lazer do Parque Ecológico do Córrego Grande,Criação e manutenção de área de lazer e atividade física
"Asfaltamento da rua Menino Deus - Hospital de Caridade, no Centro",Manutenção da infraestrutura viária
Concede o Troféu Governador Celso Ramos ao Dr. José Correia de Mello Filho.,Troféu Governador Celso Ramos
Indica que as eleições de direções escolares da rede municipal de ensino sejam realizadas até o mês de outubro,Gestão da Política Educacional
"Melhorias na Praça da Árvore, no bairro Santa Mônica",Criação e manutenção de área de lazer e atividade física
"Revitalização e reforma na Praça de Esportes Aldo Silva, no bairro Saco dos Limões",Criação e manutenção de área de lazer e atividade física
"A realização de limpeza e retirada de entulhos e restos de obras acumulados na Rua Panamá, nº 70, localizada na comunidade Chico Mendes, no bairro Monte Cristo.",Limpeza Urbana
Indica adição de sinalização em obra no Estreito,Organização do trânsito
Encaminha solicitação pra reparo de calçada na Rua Altenor Vieira - Lagoa da Conceição,Manutenção da infraestrutura viária
Solicitação de Construção de Muro de Contenção – Praça do Morro do Quilombo – Bairro Itacorubi,Criação e manutenção de área de lazer e atividade física
Solicitação de Iluminação Pública na Praça do Morro do Quilombo – Bairro Itacorubi,Criação e manutenção de área de lazer e atividade física
Solicitação de Reparos no Asfalto – Rua Fabriciano Inácio Monteiro – Próximo ao Viaduto da Vargem do Bom Jesus,Manutenção da infraestrutura viária
Solicitação de Melhoria no Sistema de Drenagem – Servidão Costa do Moçambique,Manutenção da infraestrutura viária
Solicitação de Manutenção no Telhado do Centro Cultural Bento Silvério,Criação e manutenção de área de lazer e atividade física
"Asfaltamento da rua Arno Lippel, na Trindade",Manutenção da infraestrutura viária
"Asfaltamento da rua Ogê Fortkamp, na Trindade",Manutenção da infraestrutura viária
"Asfaltamento da rua Juvêncio Costa, na Trindade",Manutenção da infraestrutura viária
"Solicitação de Instalação de Faixa de Pedestre – Rua Altamiro Barcelos Dutra, nº 727 – Barra da Lagoa",Organização do trânsito
Solicitação para Análise Técnica e Implementação de Lombada na Servidão Argentina Barcelos Silveira - Bairro Rio Vermelho,Organização do trânsito
"Reparo de calçada com acessibilidade na entrada da Rua Gérberas, São João do Rio Vermelho",Manutenção da infraestrutura viária
Colocação de boca de lobo e sistema de drenagem – Rua Ana Luiza da Conceição – São João do Rio Vermelho,Rede de drenagem
Solicitação para Conversão da Servidão Argentina Barcelos Silveira em Via de Mão Única – Bairro Rio Vermelho.,Organização do trânsito
"Pavimentação asfáltica na entrada da Rua José Machado Simas, nº 375, no bairro Capoeiras.",Manutenção da infraestrutura viária
"Recapeamento asfáltico na Rua José Antônio Tonolli, n°356, no bairro Monte Cristo.",Manutenção da infraestrutura viária
"Recapeamento asfáltico na Rua Luiz Gonzaga Valente, nos números 1273 e 1277, localizada no bairro Capoeiras.",Manutenção da infraestrutura viária
"Manutenção do asfalto na Rua Professor Egídio Ferreira, nº 721, Capoeiras.",Manutenção da infraestrutura viária
"Levantamento da tampa de esgoto na Rua Professor Egídio Ferreira, nº 721, Capoeiras.",Rede de esgotamento sanitário
"Solicita a retirada de restos de lajotas e materiais deixados após obra de relajotamento situada na Servidão Eugênia Júlia dos Santos, nº 82, bairro Saco dos Limões (Caeira),",Limpeza Urbana
"Solicita o envio de expediente ao Chefe do Poder Executivo, requisitando reavaliação de acesso na Rua Visconde de Cairú e a viabilidade para instalação de semáforo de botoeira, no bairro Estreito.",Organização do trânsito
"Solicitação de estrutura de proteção/cobertura no ponto de ônibus na Rua Fabriciano Inácio Monteiro, nº 937 - Vargem do Bom Jesus.",Manutenção de pontos de ônibus
Indicação de disponibilização de atendimento psicológico no Centro de Saúde do Saco dos Limões.,Equipamentos públicos de saúde
"Solicitação de estrutura de proteção/cobertura no ponto de ônibus na Rua Fabriciano Inácio Monteiro, nº 1137 - Vargem do Bom Jesus.",Manutenção de pontos de ônibus
CONCEDE MEDALHA DO MÉRITO DESPORTIVO MIGUEL LIVRAMENTO AO SENHOR  EDISON JOSÉ DA SILVA,Medalha do Mérito Desportivo Miguel Livramento
"Dispõe sobre medidas de prevenção e combate à violência contra profissionais da educação no âmbito das escolas públicas e privadas do município de  Florianópolis, e dá outras providências.",Trabalhadores da educação
"Solicita aumento do número de limpezas realizadas na Praça Etelvina Luz, conhecida como “Banco Redondo”, no Centro",Criação e manutenção de área de lazer e atividade física
Sugere a designação de um profissional Auxiliar de Saúde Bucal (ASB) para o Centro de Saúde Monte Serrat,Trabalhadores da saúde
"Sugere providências ao órgão competente para uma nova drenagem e tubulação de vala em toda extensão da Servidão Paulo Joas Nogueira da Silva, localizada no Bairro Campeche.",Rede de drenagem
"Sugere providências ao órgão competente para o alargamento de via na Rua Procurador Abelardo Gomes, localizado no Centro.",Expansão da infraestrutura de mobilidade
"Solicitação de realização de estudo técnico com o objetivo de avaliar a viabilidade de implantação de um semáforo no cruzamento na Rua Pastor William Richard Schisler Filho, nº 1299, Bairro Itacorubi.",Organização do trânsito
Viabilidade para o aumento do número de faixas de veículos no trevo da Rua Prefeito Waldemar Vieira,Organização do trânsito
Manutenção do parquinho do NEIM São João Batista,Criação e manutenção de área de lazer e atividade física
"Revitalização da Trilha do Farol, localizada na Barra da Lagoa",Criação e manutenção de área de lazer e atividade física
"Nova pavimentação asfáltica na Rua Acácio Pereira, especialmente nas imediações dos números 36 e 236,Capoeiras",Manutenção da infraestrutura viária
"Solicitar a remoção de resto de obra localizado na Rua Maria Julia Ramos e Souza, nº 646, no bairro Capoeiras.",Limpeza Urbana
"Solicitar a remoção de entulho/restos de obra localizado na Rua Luiz Carlos Prestes, nº 28 no bairro Jardim Atlântico.",Limpeza Urbana
"Manutenção asfáltica e revitalização da faixa de pedestres na Rua Campolino Alves, altura do número 668, no bairro Capoeiras.",Manutenção da infraestrutura viária
"Reparos asfálticos na Rua Godofredo de Oliveira, no bairro Capoeiras, especialmente nas proximidades dos números 274 e 325.",Manutenção da infraestrutura viária
"Reposição do vidro no abrigo de ônibus localizado na Rua Fúlvio Aducci,n.º29,Estreito.",Manutenção de pontos de ônibus
ASB para o CS Santo Antônio,Trabalhadores da saúde
Requerimento de Informações: Ampliação do Centro de Saúde do Saco dos Limões.,Equipamentos públicos de saúde
REVOGA O DECRETO LEGISLATIVO Nº 02164/2024 QUE CONCEDE A MEDALHA E O DIPLOMA FRANCISCO DIAS VELHO AO SR. COMANDANTE FREIRE.,Medalha Francisco Dias Velho
MOÇÃO DE APLAUSOS à Polícia Penal do Estado de Santa Catarina.,Moção de aplausos
Requer o arquivamento do Projeto de Lei nº 19619/2025,Arquivamento de proposição
"Requer envio de expediente à Secretaria de Estado da Infraestrutura e Mobilidade (SIE/SC), para solicitar a realização de estudo técnico com o objetivo de avaliar a viabilidade de implantação de um semáforo no cruzamento na Rodovia Admar Gonzaga, 1029 - Itacorubi.",Organização do trânsito
"Requer envio de expediente ao Governo do Estado de Santa Catarina, solicitando sinalização de área escolar na Rodovia Dr. Antônio Luiz Moura Gonzaga, Rio Tavares.",Organização do trânsito
Requer levantamento de legislação que cite a Educação de Jovens e Adultos no âmbito do município de Florianópolis.,Educação de jovens e adultos (eja)
"Solicita à Secretaria Estadual de Educação informações referente à possibilidade de transferência da Educação de Jovens e Adultos ofertada pelo CEJA, que atualmente é anexo ao campus Universitário da UFSC, no bairro Trindade.",Educação de jovens e adultos (eja)
Requer levantamento de legislação que cite a Educação de Jovens e Adultos no âmbito do estado de Santa Catarina.,Educação de jovens e adultos (eja)
Solicitação de manutenção de possível vazamento de água.,Rede de abastecimento de água
"O Vereador que este subscreve, na forma regimental, requer o envio de expediente para a Capitania dos Portos de Santa Catarina, solicitando análise e possível regulamentação da velocidade máxima permitida entre 3 (três) e 5 (cinco) nós para embarcações que navegam na Lagoa da Conceição, entre a saída da Marina da Conceição até a saída Ponta da Areia.",Transporte e regulação náutica
"O Vereador que este subscreve, na forma regimental, requer o envio de expediente para a Capitania dos Portos de Santa Catarina, solicitando a instalação de boias de sinalização náutica na entrada e saída do Canal da Barra da Lagoa, com o objetivo de melhorar as condições de segurança para navegação na região.",Transporte e regulação náutica
"Ao Executivo Municipal, solicitando acesso ao projeto referente à obra da Beira-Mar dos Ingleses",Acesso a documentos
"Solicitação de manutenção em via pública devido a reparo de de vazamento de água - Rua Desembargador Mileto Tavares, nº 77 – Casa 1, Florianópolis.",Rede de abastecimento de água
"Assunto: Solicitação de manutenção de vazamento de água e esgoto –  Rua Frei Damião, nº 125 – Florianópolis.",Rede de esgotamento sanitário
Concede Medalha de Mérito Desportivo Miguel Livramento ao Senhor Aldrovani Menon.,Medalha do Mérito Desportivo Miguel Livramento
Requer informações sobre a destinação de repasses estaduais à infraestrutura urbana do Município.,Acesso a documentos
Solicitação de implementação de Sistema de Drenagem Pluvial na Rua Lauro Mendes - Pântano do Sul.,Rede de drenagem
"Solicitar a recolocação e o nivelamento das lajotas na Rua Raimundo Corrêa, no bairro Balneário.",Manutenção da infraestrutura viária
"Solicitar a reconstrução da caixa de esgoto localizada na Servidão das Roseiras, nº 151, no bairro Estreito.",Rede de esgotamento sanitário
"Drenagem e reparo em buraco localizado na Rua Desembargador Mileto Tavares, nº 81, no bairro Monte Cristo.",Manutenção da infraestrutura viária
"Solicita a criação de Lei Complementar, que regulamenta o programa de financiamento da infraestrutura turística e de trânsito, a fim de promover investimentos nas políticas públicas, visando o desenvolvimento do turismo sustentável, da mobilidade e da infraestrutura urbana no Município de Florianópolis.",Regulação e fomento ao turismo
"Solicita a criação da Lei Complementar, que regulamenta o programa de financiamento da infraestrutura turística",Regulação e fomento ao turismo
"Indica ao Executivo Municipal a necessidade de adequação de ponto de ônibus para acessibilidade de cadeirantes na Avenida Professor Milton Leite da Costa, Bairro Canasvieiras",Manutenção de pontos de ônibus
Indica ao Executivo Municipal a necessidade de permitir que acompanhantes de pessoas com Transtorno do Espectro Autista (TEA) utilizem o cartão de passe livre PCD sem a exigência de cadastro prévio.,Pessoas com deficiência e neurodivergentes
"Solicitação de um parquinho para crianças no CODEN - Conselho Comunitário da Costa de Dentro - Estrada João Belarmino da Silva, 2528 - Pântano do Sul.",Criação e manutenção de área de lazer e atividade física
Manutenção dos brinquedos e grades da Creche NEIM Nagin Jabor,Manutenção da estrutura escolar
"Solicitar a drenagem e reparo dos buracos existentes na Rua Desembargador Mileto Tavares, especificamente nos números 77 e 125, no bairro Monte Cristo.",Manutenção da infraestrutura viária
"Indicação de Recuperação e Manutenção do Parque Infantil da Av. Campeche, nº 3733 – Rio Tavares",Criação e manutenção de área de lazer e atividade física
"Indicação de instalação de abrigos em pontos de ônibus na Rua Laurindo Januário da Silveira, Porto da Lagoa.",Manutenção de pontos de ônibus
Indicação de implantação de um espaço de ginástica para a melhor idade no Centro de Saúde do Saco dos Limões,Equipamentos públicos de saúde
Requer Tribuna Livre para a Liga Florianopolitana de Futebol,Apoio e fomento ao esporte
Realização de melhorias estruturais na Escola Básica Municipal (EBM) Costa da Lagoa,Manutenção da estrutura escolar
"Sugere providências ao órgão competente para a implementação de um Pet Place na praça da costeira, precisamente no local indicado na foto anexo.",Criação e manutenção de área de lazer e atividade física
solicitação de análise técnica da DEFESA CIVIL ao NEIM Celso Pamplona - Jardim Atlântico,Manutenção da estrutura escolar
Solicitação de Revitalização do Ponto de Ônibus na Rua cândido pereira dos Anjos - Rio Vermelho,Manutenção de pontos de ônibus
Solicitação de Manutenção da Academia da Praça dos Manacás,Criação e manutenção de área de lazer e atividade física
Solicitação de Manutenção da Academia – Rua Luiz Duarte Soares,Criação e manutenção de área de lazer e atividade física
Concede Medalha Cruz e Sousa a Jacques de Andrade e Silva,Medalha Cruz e Sousa
CONCEDE MEDALHA BEATA JOANA DE GUSMÃO A SENHORA ELISÂNGELA SCHAPPO MUNIZ,Medalha Beata Joana de Gusmão
CONCEDE TROFÉU GOVERNADOR CELSO RAMOS AO SENHOR CÉLIO KLAAR DE CAMPOS JÚNIOR,Troféu Governador Celso Ramos
DECLARA DE UTILIDADE PÚBLICA A ASSOCIAÇÃO FRATERNIDADE SANTO IVO (AFSI),Título de utilidade pública
"Solicitar a drenagem e a instalação de uma nova tampa no bueiro localizado na Rua Camilo Silveira de Souza, nº 728, no bairro Capoeiras.",Rede de drenagem
"Solicitação de limpeza e drenagem de bueiro na Rua Pedro Cunha,nº237,Capoeiras.",Rede de drenagem
DECLARA DE UTILIDADE PÚBLICA A ASSOCIAÇÃO ICOM - INSTITUTO COMUNITÁRIO GRANDE FLORIANÓPOLIS,Título de utilidade pública
"DECLARA DE UTULIDADE PÚBLICA MUNICIPAL A ""ASSOCIAÇÃO MÚSICA SC'.",Título de utilidade pública
"SOLICITA À CELESC A PODA DE ARVORES NA AVENIDA AFONSO DELAMBERT NETO, LOCALIZADA NO BAIRRO LAGOA DA CONCEIÇÃO, NESTA CAPITAL.",Limpeza Urbana
"Requer Audiência Pública para discutir a manutenção e reforma da Escola Básica Municipal Batista Pereira, além da necessária construção de prédio para uma nova unidade na região.",Manutenção da estrutura escolar
Solicitar a contratação de novos integrantes para a Guarda Municipal de Florianópolis.,Prevenção e policiamento
"Reparação e reinstalação do ponto de ônibus localizado na Rua Luiz Carlos Prestes, nº 146, no Bairro Monte Cristo, comunidade Pasto do Gado.",Manutenção de pontos de ônibus
CONCEDE TROFÉU GOVERNADOR CELSO RAMOS AO SENHOR ADIR COMUNELLO,Troféu Governador Celso Ramos
Requerimento de Informações sobre a Suspensão e Retomada dos Exames de Espirometria no Centro de Saúde do Saco dos Limões.,Equipamentos públicos de saúde
Requerimento de Informações sobre o Uso e Funcionamento do Ginásio Municipal Capitão Waldir Schmidt - Saco dos Limões.,Criação e manutenção de área de lazer e atividade física
"Solicita realizar Audiência Pública no no âmbito da Comissão de Viação, Obras Públicas e Urbanismo a respeito de decisão recente do STJ.",Gestão e proteção de corpos hídricos e áreas associadas
solicita arquivamento do  REQUERIMENTO N.º 00749/2025,Arquivamento de proposição
Concede medalha Beata Joana de Gusmão à senhora Carla Takahashi Silva Basto,Medalha Beata Joana de Gusmão
CONCEDE A MEDALHA ANTONIETA DE BARROS À SENHORA DOUTURA VANESSA WENDHAUSEN CAVALLAZZI,Medalha Antonieta de Barros
Moção de repúdio às falas xenofóbicas discriminatórias e de incitação ao ódio do vereador de Joinville Mateus Batista.,Moção de repúdio
"Requer informações detalhadas e o planejamento estratégico do Executivo Municipal para o enfrentamento da Temporada de Verão 2025/2026, considerando os índices históricos de afogamentos, a superlotação crônica e a perspectiva de um fluxo turístico ainda maior neste período",Regulação e fomento ao turismo
Requer Informações do corpo de bombeiros sobre os Preparativos para a Temporada de Verão 2025/2026 nas Praias e Trilhas de Florianópolis,Criação e manutenção de área de lazer e atividade física
"ALTERA-SE OS ARTIGOS 118 E 119 DA RESOLUÇÃO nº 811 DE 2002, QUE DISPÕE SOBRE O REGIMENTO INTERNO.",Outros requerimentos
CONCEDE TROFÉU VEREADOR PEDRO MEDEIROS AO SR MARCELO MENEZES GARCIA.,Troféu Vereador Pedro Medeiros
Concede a medalha Jennifer Celia Henrique a Casa Índigo Florianópolis,Medalha Jennifer Celia Henrique
INSTITUI O PROGRAMA DE VACINAÇÃO DOMICILIAR PARA PESSOAS COM TRANSTORNO DO ESPECTRO AUTISTA (TEA) NO MUNICÍPIO DE FLORIANÓPOLIS E DÁ OUTRAS PROVIDÊNCIAS.,Pessoas com deficiência e neurodivergentes
"AUTORIZA O MUNICÍPIO DE FLORIANÓPOLIS A  CONTRATAR  OPERAÇÕES  DE  CRÉDITO  E A    ABRIR    CRÉDITOS    ADICIONAIS    PARA PROGRAMAS DE INVESTIMENTOS, E DÁ OUTRAS PROVIDÊNCIAS.",Planejamento e orçamento público
"RECONHECE A PASSARELA NEGO QUIRIDO COMO BEM DE INTERESSE HISTÓRICO, CULTURAL, DESPORTIVO E SOCIAL PARA O MUNICÍPIO DE FLORIANÓPOLIS E DÁ OUTRAS PROVIDÊNCIAS.",Patrimônio cultural
DECLARA DE UTILIDADE PÚBLICA MUNICIPAL O “INSTITUTO OLAVO MAXIMIANO” ESPORTE PARA TODOS.,Título de utilidade pública
"revitalização da praça localizada, na  Estr. Anarolina Silveira Santos(Vila União) - Vargem do Bom Jesus",Criação e manutenção de área de lazer e atividade física
Pavimentação e drenagem da Serv. Fabriciana de Souza Ávila - Rio Vermelho,Rede de drenagem
Solicitação de Instalação do Abrigo de Ônibus - Ingleses do Rio Vermelho,Manutenção de pontos de ônibus
"À CELESC solicitando a presença de sua equipe técnica no encontro do Programa Lar Legal, a realizar-se na Comunidade da Vila Aparecida, no dia 30 de setembro.",Regularização fundiária
Requerimento sobre o Sistema de Tratamento de Esgoto do Sul da Ilha.,Rede de esgotamento sanitário
Indica ao Executivo Municipal a necessidade de melhorias no complexo de esportes do Skate Park no bairro São João do Rio Vermelho,Criação e manutenção de área de lazer e atividade física
Concede medalha Beata Joana de Gusmão à senhora Maria Conceição de Amorim Ferraro.,Medalha Beata Joana de Gusmão
Requer informações referentes às Equipes de Atendimento Básico e Especializado de Saúde Bucal no Município de Florianópolis.,Trabalhadores da saúde
"Envio de expediente ao Executivo Municipal, solicitando a abertura de novo concurso público destinado à contratação de Guardas Municipais",Prevenção e policiamento
À CELESC averiguação de poste com fios que estão se encostando e produzindo curtos.,Manutenção de rede elétrica
À CASAN solicitando averiguação de possível vazamento de água na Rua Irmã Bonavita 1407,Rede de abastecimento de água
"À CASAN solicitando averiguação de possível vazamento de água na Rua Servidão Natalino, nº 46,",Rede de abastecimento de água
Requer informações sobre dispensa de licitação para contratação de clínica veterinária para tratamento de esporotricose em gatos,Gestão da política de proteção animal
"Serviços de drenagem, limpeza, nivelamento e manutenção no bueiro localizado na Avenida Juscelino Kubitschek de Oliveira,nº 1285,Estreito.",Rede de drenagem
Reforma e melhorias nas instalações da EBM João Gonçalves Pinheiro - Rio Tavares.,Manutenção da estrutura escolar
Solicita a criação de um Centro de Neurodivergência no Município de Florianópolis.,Pessoas com deficiência e neurodivergentes
Solicitar a desratização no Morro do Mocotó.,Controle sanitário e vigilância em saúde
"Indicação de realinhamento do ponto de ônibus localizado na Rua Marinheiro Max Schramm, nº 3157.",Manutenção de pontos de ônibus
Manutenção do parquinho na Praça Getulio Vargas - Rua Quinze de Novembro nº 240 - Santo Antonio de Lisboa.,Criação e manutenção de área de lazer e atividade física
"Indica reforma geral e reparos urgentes no NEIM Almirante Lucas Alexandre Boiteux, no Centro.",Manutenção da estrutura escolar
MOÇÃO DE ALAUSOS AO SENHOR LEONARDO LEDENIR DE OLIVEIRA E AO SENHOR THIAGO ROSA.,Moção de aplausos
"Moção de Aplausos ao Campeão Mundial de Surf, Yago Dora.",Moção de aplausos
Solicita o arquivamento do Projeto de Lei N° 17.539/2018 de autoria deste Vereador.,Arquivamento de proposição
"REQUER ENVIO DE EXPEDIENTE À ALESC EM APOIO AO PL Nº 337/2023, QUE TRATA DA INSTALAÇÃO DE CÂMERAS NAS SALAS DE AULA DE ENSINO MÉDIO NA REDE ESTADUAL",Aquisição de equipamentos e mobiliário escolar
Concede Troféu Governador Celso Ramos à Fernanda Maria Barreto Bornhausen Sá,Troféu Governador Celso Ramos
CONCEDE TROFÉU GOVERNADOR CELSO RAMOS AO SR. IVO VOLNEI CARLIN.,Troféu Governador Celso Ramos
"Inclui item no anexo IV da lei N. 10.482, de 2019 - SETEMBRO AZUL - Mês do Orgulho Surdo. Dedicado à visibilidade, acessibilidade e valorização da cultura surda no Município de Florianópolis.",Mês Municipal
Solicitação de manutenção e conserto dos banheiros da quadra da Comunidade Chico Mendes..,Criação e manutenção de área de lazer e atividade física
"Serviços de tapa-buracos e o recapeamento asfáltico na Rua Irmã Bonavita,nº 1440,Capoeiras no município de Florianópolis/SC.",Manutenção da infraestrutura viária
"Serviços de drenagem pluvial na Travessa Universal, nº 337,no bairro Estreito.",Rede de drenagem
"Solicita a aprovação de Moção de Aplausos, por parte da Câmara Municipal de Florianópolis/SC, ao senhor Yago Dora pela conquista inédita do título mundial da WSL.",Moção de aplausos
Requerimento de Informação sobre a execução das obras na Rodovia Virgílio Várzea.,Manutenção da infraestrutura viária
"Requerer à CELESC pedido de instalação e substituição de iluminação pública nos postes nº 105, nº 95 e nº 62, bem como na entrada da Rua Luiz Carlos Prestes",Iluminação pública
"Serviços de tapa-buracos e o recapeamento asfáltico na Rua Santa Rita de Cássia,no bairro Coloninha,",Manutenção da infraestrutura viária
"Indicação tem como objetivo atender à demanda da comunidade local, que enfrenta dificuldades em razão da falta de pavimentação em trecho final da via, bem como da inexistência de drenagem eficiente, o que ocasiona transtornos durante períodos de chuva.",Manutenção da infraestrutura viária
Solicitam a compra de hormônios femininos e a contratação de assistente social para o Ambulatório Trans,Diversidade sexual e de gênero
Requer ao Poder Executivo informações a respeito do PAC Educação.,Gestão da Política Educacional
REQUER QUE SEJA DISPONIBILIZADO UM HORÁRIO DO GRANDE EXPEDIENTE PARA SESSÃO SOLENE EM HOMENAGEM AO SETEMBRO AZUL.,Sessão Solene
Requer ao Executivo Municipal informações detalhadas sobre o quadro de Agentes Comunitários de Saúde,Trabalhadores da saúde
"Indica a reposição e entrega de materiais necessários para o NEIM Almirante Lucas Alexandre Boiteux, no centro.",Material didático
"Sugere providências ao órgão competente para a implementação de aulas de defesa pessoal, destinadas a meninas e meninos, nas escolas da rede municipal de ensino deste município.",Currículo escolar
Sugere providências ao órgão competente para a implementação de aulas de educação financeira nas escolas da rede municipal de ensino deste município.,Currículo escolar
Sugere providências ao órgão competente para a revitalização do EBM Batista Pereira de forma URGENTE.,Manutenção da estrutura escolar
Sugere providências ao órgão competente para a criação de uma equipe técnica para acompanhamento de demandas estruturais das escolas e creches municipais.,Gestão da Política Educacional
Solicitação de Pavimentação e Implantação de Sistema de Drenagem Pluvial na Servidão Caminho das Acácias – São João do Rio Vermelho.,Manutenção da infraestrutura viária
Solicita realização de Sessão Solene em homenagem à Semana de Celebração da Cultura e dos Movimentos Evangélicos no Município de Florianópolis,Sessão Solene
"Requer a realização de Reunião Ampliada no âmbito da Comissão de Viação, Obras Públicas e Urbanismo, a fim de debater as delimitações dos bairros de Florianópolis.",Perímetro urbano e delimitações
CONCEDE TÍTULO DE CIDADÃO HONORÁRIO AO SENHOR JOÃO MARCOS BUCH.,Título de cidadã e cidadão honorário
Conserto do ponto de ônibus da Armação que fica localizado na Avenida Antônio Borges dos Santos,Manutenção de pontos de ônibus
"Sugere providências ao órgão competente para a realização de obras de pavimentação e drenagem em toda a extensão da Servidão Manoel Saturnino de Quadros, localizada no Bairro Rio Tavares, uma vez que se trata de uma via oficial, porém que ainda não foi contemplada com os referidos serviços de infraestrutura.",Manutenção da infraestrutura viária
"Recapeamento asfáltico e tapa-buracos na Rua Irmã Bonavita,nº542,Capoeiras.",Manutenção da infraestrutura viária
DECLARA DE UTILIDADE PÚBLICA A ASSOCIAÇÃO DOS DIPLOMADOS DA ESCOLA SUPERIOR DE GUERRA DELEGACIA DE SANTA CATARINA - ADESG,Título de utilidade pública
Declara de Utilidade Publica a Associação Alberto de Souza,Título de utilidade pública
Requerer à CELESC reparo em Fiação Solta – Rua General Vieira da Rosa,Manutenção de rede elétrica
"À CELESC falta de Iluminação Pública – Rua João Meirelles, Abraão",Iluminação pública
"O vereador que este subscreve, na forma regimental, requer o envio de expediente ao Presidente do DEINFRA, sugerindo providências do órgão competente, no intuito de que realize o recapeamento do asfalto, a referida via encontra-se em condições precárias, apresentando buracos e desníveis que comprometem a segurança dos pedestres, ciclistas e motoristas que trafegam diariamente pelo local, situada na Rodovia Jorn. Manoel de Menezes, próximo a Praia Mole.",Manutenção da infraestrutura viária
"O Vereador que este subscreve, na forma regimental, requer o envio de expediente para CELESC, sugerindo providências do órgão competente a fim de que se realize a poda das árvores, localizado na Servidão Luiz Tomaz Jaques, Canto da Lagoa.",Limpeza Urbana
CONCEDE A MEDALHA CRUZ E SOUSA AO LINO GABRIEL NASCIMENTO DOS SANTOS.,Medalha Cruz e Sousa
CONCEDE O TÍTULO DE CIDADÃO HONORÁRIO DO MUNICÍPIO DE FLORIANÓPOLIS AO SENHOR RAFAEL MOYSES MENEZES,Título de cidadã e cidadão honorário
CONCEDE O TÍTULO DE CIDADÃO HONORÁRIO DO MUNICÍPIO DE FLORIANÓPOLIS AO SENHOR JAIME TONELLO,Título de cidadã e cidadão honorário
"DECLARA DE UTILIDADE PÚBLICA A SEARA ESPÍRITA “JESUS ALEGRIA DOS HOMENS""",Título de utilidade pública
"Substituição da tampa de esgoto localizada na Rua Miguel Valentina da Silva, nº 120,no bairro Monte Cristo.",Rede de esgotamento sanitário
"Indicação ao Chefe do Poder Executivo apoio estrutural para a realização da Semana de Celebração da Cultura e dos Movimentos Evangélicos, na 4ª semana de setembro de 2028, em conformidade com a legislação municipal vigente.",Evento cultural
"Indicação ao Chefe do Poder Executivo apoio estrutural para a realização da Semana de Celebração da Cultura e dos Movimentos Evangélicos, na 4ª semana de setembro de 2027, em conformidade com a legislação municipal vigente.",Evento cultural
"Indicação ao Chefe do Poder Executivo apoio estrutural para a realização da Semana de Celebração da Cultura e dos Movimentos Evangélicos, na 4ª semana de setembro de 2026, em conformidade com a legislação municipal vigente.",Evento cultural
Solicitar providências em relação aos medicamentos no Centro de Saúde do bairro Coloninha,Equipamentos públicos de saúde
Solicitação de recuperação das calçadas e vias danificadas após obras realizadas,Manutenção da infraestrutura viária
"Levantamento da tampa de esgoto localizada na Rua João Evangelista da Costa, nº 629, no bairro Jardim Atlântico",Rede de esgotamento sanitário
Indicação de melhorias no ponto de ônibus - bairro Itacorubi,Manutenção de pontos de ônibus
"Requer Tribuna Livre ao SINERGIA para discussão sobre situação da CELESC e de seus trabalhadores, bem como os impactos para a população.","Compras, contratos e patrimônio público"
Requer o arquivamento do requerimento 00812/2025,Arquivamento de proposição
CONCEDE O TÍTULO DE CIDADÃO HONORÁRIO DO MUNICÍPIO DE FLORIANÓPOLIS AO SENHOR JOÃO FIALHO,Título de cidadã e cidadão honorário
CONCEDE O TÍTULO DE CIDADÃO HONORÁRIO AO SENHOR NELSON WEDEKIN.,Título de cidadã e cidadão honorário
"Trata-se de MOÇÃO DE APLAUSOS e reconhecimento ao Servidor Marlúcio Amaral, pelos serviços prestados à Câmara Municipal de Florianópolis.",Moção de aplausos
"REQUERIMENTO DE PROVIDÊNCIAS SOBRE VAZAMENTO DE ÁGUA NA RODOVIA BALDICERO FILOMENO, ALTURA º 4618 - RIBEIRÃO DA ILHA",Rede de abastecimento de água
Indica a adoção de meios digitais de pagamento — como PIX e cartões de débito — nos terminais de ônibus,Transporte público
"instalação de uma praça em frente à Capela São Sebastião, na Barra do Sambaqui.",Criação e manutenção de área de lazer e atividade física
Reinstalar pontos de ônibus que foram retirados para manutenção ou devido à depreciação.,Manutenção de pontos de ônibus
"Dispõe sobre a aceitação de receitas médicas emitidas por profissionais não vinculados ao SUS para fornecimento de medicamentos pela rede pública de saúde do Município de Florianópolis/SC, nos termos da RENAME e REMUME.",Prevenção e combate de doenças
DECLARA DE UTILIDADE PÚBLICA A ASSOCIAÇÃO PRAÇA OLÍVIO AMORIM - APROA.,Título de utilidade pública
Veto Parcial ao PL n. 18353/2021,Gestão e Regulação da Cultura e Lazer
Requer a Secretaria de Educação informação a respeito do contrato 280/SME/2025 com a empresa Amplify.,Gestão da Política Educacional
CONCEDE MEDALHA BEATA JOANA DE GUSMÃO AO SENHOR DIEGO RODRIGUES DOS SANTOS FERNANDES,Medalha Beata Joana de Gusmão
"Solicita a realização de trabalho de drenagem e recomposição do pavimento asfáltico na Rua Felipe Neves, nº 798, no bairro Canto.",Rede de drenagem
"Recapeamento asfáltico da Rua Santos Saraiva, nas proximidades do nº 1901, no bairro Capoeiras.",Manutenção da infraestrutura viária
"REVOGA A RESOLUÇÃO Nº 2.163, DE 2017, QUE CONCEDE O TÍTULO DE CIDADÃO HONORÁRIO DO MUNICÍPIO DE FLORIANÓPOLIS AO SR. DULCIMAR ANTÔNIO GRANDO.",Título de cidadã e cidadão honorário
Concede medalha Beata Joana de Gusmão à Senhora Sabrina Vilma Cândido.,Medalha Beata Joana de Gusmão
Requerer informações detalhadas e cópia integral do processo licitatório referente ao Pregão Eletrônico nº 141/SMLCP/SULIC/202,Acesso a documentos
Requer informações sobre os gastos do Executivo Municipal com publicidade,Acesso a documentos
Requer ao Executivo Municipal cópia integral dos relatórios do programa Avalia Floripa.,Gestão da Política Educacional
Requer informações ao Executivo Municipal de Florianópolis sobre os tapumes instalados nos espelhos d’água da Praça da Alfândega.,Criação e manutenção de área de lazer e atividade física
Dispõe sobre a criação do Programa de Incentivo ao Esporte por intermédio de incentivo fiscal para a realização de projetos desportivos e paradesportivos no âmbito do Município de Florianópolis e dá outras providências.,Apoio e fomento ao esporte
"Solicitar a drenagem, instalação de bocas de lobo e ampliação da rede pluvial da Avenida Cidade de Córdoba",Rede de drenagem
"Indicação ao Poder Executivo solicitando a pavimentação da Rua Aldo Queiroz, em Santo Antônio de Lisboa, devido ao elevado fluxo de veículos e pedestres, agravado por obras recentes de transposição de rede de cabeamento que danificaram a pavimentação existente, comprometendo a mobilidade e a segurança na via.",Manutenção da infraestrutura viária
"Indica ao Executivo Municipal a necessidade de substituição do relógio de energia elétrica do Núcleo de Educação Infantil Municipal (NEIM) São João Batista, no Bairro São João do Rio Vermelho",Manutenção da estrutura escolar
"Indica ao Executivo Municipal a necessidade de manutenção dos escorregadores e demais brinquedos danificados do parquinho do Núcleo de Educação Infantil Municipal (NEIM) São João Batista,  no Bairro São João do Rio Vermelho",Criação e manutenção de área de lazer e atividade física
"Indica ao Executivo Municipal a necessidade de instalação de ponto de ônibus adaptado na Rua Monsenhor Topp, no Centro",Manutenção de pontos de ônibus
Indica ao Executivo Municipal a necessidade de campanha de vacinação contra a COVID-19 para a população em geral.,Prevenção e combate de doenças
"Indica ao Executivo Municipal de Florianópolis a necessidade de plantio de árvores em substituição às duas árvores cortadas em praça localizada na Rua Silva Jardim, esquina com Servidão Siqueira.",Criação e manutenção de área de lazer e atividade física
"REVOGA A LEI Nº 10.723, DE 2020, QUE CONCEDE DIPLOMA E MEDALHA DO MÉRITO VIRGILIO VÁRZEA  AO SR. DULCIMAR ANTÔNIO GRANDO.",Medalha Virgílio Várzea
"MOÇÃO DE APLAUSO AO SR. LUIZ HENRIQUE CARVALHO, EM RECONHECIMENTO À SUA NOTÁVEL DEDICAÇÃO AO SERVIÇO PÚBLICO E RELEVANTE ATUAÇÃO À FRENTE A DIVISÃO DA ORDEM PÚBLICA.",Moção de aplausos
"Requer ao Executivo Municipal de Florianópolis informações sobre o corte da amendoeira-da-praia localizada na Praia do Cortume, bairro José Mendes.",Criação e manutenção de área de lazer e atividade física
"Requer informações ao Executivo Municipal sobre os chamamentos dos aprovados no concurso público do quadro civil de 2019, com ênfase no cargo de Analista de Projetos Culturais, e esclarecimentos sobre nomeações em cargos comissionados na Fundação Franklin Cascaes e na Secretaria de Cultura, Esporte e Lazer.",Gestão e Regulação da Cultura e Lazer
À CASAN solicitando a veriguar possível vazamento na rua João Evangelista da Costa 630,Rede de abastecimento de água
À CELESC solicita a troca de um poste de iluminação e distribuição,Iluminação pública
"Requerimento de realização de Audiência Pública no âmbito das Comissões de Orçamento, Finanças e Tributação; Defesa do Consumidor, Direitos Humanos e Segurança Pública; e Turismo e Assuntos Internacionais, para tratar o PL 19.534/2025.",Regulação e fomento ao turismo
"Indica estrutura coberta ""abrigo"" de um ponto de ônibus - Praia Brava",Manutenção de pontos de ônibus
Solicitação do processo de licitação para a construção do CAPS III – Norte da Ilha,Rede de Atenção Psicossocial (RAPS)
"Indicação ao Poder Executivo, solicitando estudo técnico de viabilidade para implementação de Área de Lazer na Praia da Fortaleza da Barra.",Criação e manutenção de área de lazer e atividade física
"Sugere providências ao órgão competente para realização da pavimentação e drenagem do trecho que ainda não foi contemplado com tais serviços, na Rua Ferminio Hemenegildo dos Santos, localizada no Bairro Carianos.",Manutenção da infraestrutura viária
Reparar vazamento de água na Vila Aparecida,Rede de abastecimento de água
"Recapeamento asfáltico da Rua Desembargador Gil Costa, na altura do nº 140, Capoeiras.",Manutenção da infraestrutura viária
"Recapeamento asfáltico na Rua Doutor Odilon Gallotti, nº 195, no bairro Capoeiras.",Manutenção da infraestrutura viária
"Recapeamento asfáltico na Rua Afonso Pena, nº 1259, no bairro Canto,",Manutenção da infraestrutura viária
"Indica ao Executivo Municipal a necessidade de reparo de bancos de concreto danificados na Av. Hercílio Luz, 892 – Centro, Florianópolis",Criação e manutenção de área de lazer e atividade física
CONCEDE MEDALHA DIVINO ESPÍRITO SANTO AO CASAL ABENIR JOSÉ AGOSTINHO E JANE LUCIA ROSAS AGOSTINHO.,Medalha Divino Espírito Santo
"Institui no âmbito do Município de Florianópolis, a Campanha Setembro Neon de combate à violência política contra a mulher e por motivação racial, e dá outras providências.",Mês Municipal
"Requer informações à Secretaria de Estado da Saúde sobre negativas de atendimento, transferências e taxa de ocupação de leitos no Hospital Regional Hans Dieter Schmidt, em Joinville.",Gestão e Regulação da Saúde Pública
Solicitação de instalação de pontos de ônibus com cobertura e placas de identificação no bairro Rio Vermelho,Manutenção de pontos de ônibus
Solicitação de providências urgentes para melhoria da infraestrutura da Escola Costa Lagoa,Manutenção da estrutura escolar
"Reparações e reposição dos vidros do ponto de ônibus localizado na Rua Nossa Senhora do Rosário, nº 730, no bairro Jardim Atlântico.",Manutenção de pontos de ônibus
"Recapeamento asfáltico da Rua Waldemar Ouriques, no trecho correspondente ao número 1170, localizada no bairro Capoeiras.",Manutenção da infraestrutura viária
"Sugere providências ao órgão competente para o estudo da viabilidade de implementar no município de Florianópolis a desnecessidade de alvará de construção para obras de reconstrução ou reparo em residências que sofreram danos em decorrência de acidentes, desastres naturais ou situações emergenciais.",Alvarás e liberações administrativas
"O vereador que esta subscreve apresenta moção de repúdio à Proposta de Emenda à Constituição nº 3/2021, chamada “PEC da Blindagem” que amplia o foro privilegiado para parlamentares e autoridades federais.",Moção de repúdio
"Solicita informações relativas Processo PMF 00132512/2025, referente à contratação da nova entidade responsável pela gestão da Passarela da Cidadania.",Acesso a documentos
"Solicita informações relativas ao Pregão Presencial 006/SMLCP/SULIC/2023, com vistas à contratação de empresa especializada na prestação de serviços de tecnologia da informação.",Acesso a documentos
SOLICITA SESSÃO SOLENE PELOS 70 ANOS ASSOCIAÇÃO DOS CRONISTAS ESPORTIVOS DE SANTA CATARINA.,Sessão Solene
"Requer informações a respeito das bases pedagógicas referenciadas nas ações recentes da Secretaria de Educação, da Prefeitura Municipal de Florianópolis.",Gestão da Política Educacional
"À CELESC, solicitação de troca de poste de iluminação pública – Rua Panamá, nº 78 – Bairro Monte Cristo",Iluminação pública
Solicitação de serviço de drenagem na Servidão Santino – Bairro Estreito,Rede de drenagem
"Realização de drenagem e limpeza do bueiro localizado na Rua General Rosinha, nº 345, Centro.",Rede de drenagem
"Sugere providências ao órgão competente para implementação de um sistema de drenagem em toda extensão da Servidão Olíbio Corrêa de Souza, localizada no Bairro Armação.",Rede de drenagem
DISPÕE SOBRE O DIREITO DE PAIS OU RESPONSÁVEIS POR CRIANÇAS ATÍPICAS ACOMPANHAREM SEUS FILHOS ANTES DO INÍCIO DAS AULAS NAS UNIDADES DE ENSINO DO MUNICÍPIO DE FLORIANÓPOLIS E DÁ OUTRAS PROVIDÊNCIAS.,Pessoas com deficiência e neurodivergentes
CONCEDE TROFÉU GOVERNADOR CELSO RAMOS AO SENHOR FRANCISCO LUIS KOCH,Troféu Governador Celso Ramos
Arquivamento dos Projetos de Lei 18.177/2021 e 18.176/2021.,Arquivamento de proposição
Estruturação do Programa de Acessibilidade com Cadeiras Anfíbias nas Praias de Florianópolis.,Gestão e Regulação da Cultura e Lazer
"DISPÕE SOBRE A ACEITAÇÃO DE PRESCRIÇÕES MÉDICAS, INCLUSIVE EM FORMATO DIGITAL, EMITIDAS POR PROFISSIONAIS NÃO VINCULADOS AO SUS, E SOBRE A ACEITAÇÃO DE DOCUMENTOS DIGITAIS PARA A DISPENSAÇÃO DE MEDICAMENTOS PELA REDE PÚBLICA DE SAÚDE DO MUNICÍPIO.",Gestão e Regulação da Saúde Pública
DISPÕE SOBRE A PROIBIÇÃO DE USO DE CEROL OU SIMILARES DE PIPA E DÁ OUTRAS PROVIDÊNCIAS.,Gestão e Regulação da Cultura e Lazer
DECLARA DE UTILIDADE PÚBLICA MUNICIPAL A ASSOCIAÇÃO CULTURAL MEZCLA Y SONIDOS.,Título de utilidade pública
DECLARA DE UTILIDADE PÚBLICA MUNICIPAL O OBSERVATÓRIO REDE BRASIL AFROEMPREENDEDOR.,Título de utilidade pública
"Indicação de reparos estruturais no ponto de ônibus na Estrada Haroldo Soares Glavan, 4610, bairro Cacupé.",Manutenção de pontos de ônibus
Solicitação de Alteração do Corredor de ônibus e instalção de Vagas de carga e descarg na Rua Francisco Tolentino.,Gestão e Regulação da Mobilidade Urbana
Indicação para Repartição dos Banheiros Infantis na EBM Adotiva Liberato Valentim,Manutenção da estrutura escolar
Indicação para manutenção na infraestrutura da EBM Adotiva Liberato Valentim.,Manutenção da estrutura escolar
"Indicação de reparos estruturais no ponto de ônibus na Av. Antônio Borges dos Santos, 700, Armação do Pântano do Sul",Manutenção de pontos de ônibus
"Recapeamento asfáltico e limpeza da Rua Melvin Jones, nº 226 no bairro Jardim Atlântico.",Manutenção da infraestrutura viária
"Limpeza e desobstrução do sistema de drenagem pluvial localizado na Rua Elesbão Pinto da Luz, nº 1173, no bairro Monte Cristo.",Rede de drenagem
"Indica a necessidade de criação de uma linha de ônibus que passe pela Rua do Lamim, contemplando os bairros Jurerê e Canasvieiras",Transporte público
"Solicita o conserto dos brinquedos quebrados do NEIM Caieira do Sul, localizado no Bairro Ribeirão da Ilha",Manutenção da estrutura escolar
Indica a necessidade da ampliação do quadro profissional do Centro de Saúde da Caieira da Barra do Sul,Trabalhadores da saúde
"Sugere providências ao órgão competente para implementação de duas bandeiras na entrada da Ilha, representando os dois times tradicionais do nosso município: Avaí e Figueirense.",Patrimônio cultural
DECLARA DE UTILIDADE PÚBLICA MUNICIPAL O INSTITUTO EKKOS BRASIL,Título de utilidade pública
"INSTITUI A POLÍTICA MUNICIPAL JOVEM EMPREENDEDOR, PARA A PROMOÇÃO DA EDUCAÇÃO FINANCEIRA E EMPREENDEDORA NO ÂMBITO DAS ESCOLAS DE ENSINO FUNDAMENTAL DA REDE MUNICIPAL DE ENSINO DE FLORIANÓPOLIS, E DÁ OUTRAS PROVIDÊNCIAS.",Gestão da Política Educacional
REQUER ENVIO DE EXPEDIENTE AO GOVERNO DO ESTADO EM VIRTUDE DO DIA DE CONSCIENTIZAÇÃO DO NANISMO.,Dia Municipal
Requer informações a respeito de construção de nova unidade escolar no Alto Ribeirão.,Ampliação da rede física escolar
Requer informações a respeito de terreno localizado ao lado da EBM Batista Pereira.,Ampliação da rede física escolar
Requer informações a respeito do contrato 3079/OC-BR junto ao Banco Interamericano de Desenvolvimento (BID),"Compras, contratos e patrimônio público"
"Requer envio de expediente ao Governo do Estado de Santa Catarina e à Secretaria de Estado da Infraestrutura e Mobilidade (SIE/SC), solicitando a realização de melhorias no sistema de drenagem e desobstrução das bocas de lobo, na Rodovia Governador Aderbal Ramos da Silva - Via Expressa Sul.",Rede de drenagem
"Requer informações à CASAN acerca da ausência de rede de esgoto cloacal na Rua Vereador Cloduardo Amaral, em trecho próximo à reserva, na Barra da Lagoa",Rede de esgotamento sanitário
Solicita a garantia de não fechamento de nenhuma turma da EJA antes da realização de ampla chamada pública.,Educação de jovens e adultos (eja)
"Solicita a realização de chamado amplo e de massa, que informe sobre a oferta da EJA na cidade de Florianópolis.",Educação de jovens e adultos (eja)
"Solicita criação de protocolo de informações sobre escolaridade, a ser respondido pelas famílias ou responsáveis no ato de matrícula das crianças estudantes da rede municipal.",Gestão da Política Educacional
"Solicita criação de um comitê municipal com a participação do Fórum EJA/SC, do Departamento da EJA e Secretaria Municipal de Educação, para acompanhamento do Pacto Nacional pela Superação do Analfabetismo e Qualificação na Educação de Jovens e Adultos, especialmente quanto à ampliação das vagas e oferta da EJA em Florianópolis.",Educação de jovens e adultos (eja)
"Solicita a garantia do uso irrestrito dos espaços das unidades educativas para a EJA, chamamento de concursados e ampliação de servidores efetivos da EJA.",Educação de jovens e adultos (eja)
Solicita a garantia de alimentação do tipo refeição para todos os estudantes da EJA que demandarem.,Educação de jovens e adultos (eja)
Indica à Secretaria Municipal de Educação a organização de visitas dos núcleos EJA fundamental de Florianópolis para conhecer a EJA do IFSC Mauro Ramos.,Educação de jovens e adultos (eja)
"Sugere providências ao órgão competente para implementação de um novo posto de saúde na região da Fazenda do Rio Tavares, em local já indicado por este Vereador.",Equipamentos públicos de saúde
Indica ao Executivo Municipal a necessidade de conclusão e readequação das obras no acesso da cabeceira continental da Ponte Hercílio Luz.,Manutenção da infraestrutura viária
Devido a COSIP não atender este caso vimos requerer a CELESC extensão de rede na Servidão Quebra Pote nº 196 – Bairro Nova Descoberta – Centro - 88020427.,Manutenção de rede elétrica
"Requer a realização/entrega de estudo técnico para verificação dos danos ambientais decorrentes da drenagem do Canal da Lagoa, no trecho entre a ponte da Barra da Lagoa e o início da Lagoa da Conceição.",Instrumentos de regulação e controle ambiental
"Requer informações ao Executivo Municipal acerca da alteração do ponto de ônibus em frente à UDESC, solicitando esclarecimentos sobre os critérios adotados e a possibilidade de reavaliação da medida.",Gestão e Regulação da Mobilidade Urbana
"Solicitação para obtenção de quadra coberta para uso dos estudantes da EJA, polo localizado no Silveira de Souza.",Educação de jovens e adultos (eja)
"Drenagem completa de bueiro e substituição da tampa danificada, localizada na Rua Nossa Senhora do Rosário, nº 562, Bairro Jardim Atlântico.",Rede de drenagem
"Solicitar a recolocação das lajotas e a execução de melhorias na drenagem da Rua Prefeito Dib Cherem, nas proximidades do nº 274, no bairro Capoeiras.",Manutenção da infraestrutura viária
"Indica ao Executivo Municipal a necessidade de reavaliação e realocação do ponto de ônibus em frente à UDESC, de forma a assegurar acessibilidade e segurança aos usuários.",Manutenção de pontos de ônibus
"Indica ao Executivo Municipal a necessidade de poda de arbustos nas faixas de pedestres da Avenida Beira-Mar Norte, especialmente nas proximidades do Shopping Beiramar e da Praça do Sesquicentenário, no Centro.",Limpeza Urbana
CONCEDE MEDALHA DO MÉRITO DESPORTIVO MIGUEL LIVRAMENTO AO SENHOR MARLLON LEACI DO ESPÍRITO SANTO,Medalha do Mérito Desportivo Miguel Livramento
Declara de Utilidade Pública Municipal o Instituto Fauna Brasil,Título de utilidade pública
Solicita o arquivamento do Pl nº. 19.369/2024,Arquivamento de proposição
Requer à CASAN a implantação de rede de esgoto na Rua Jurerê Tradicional,Rede de abastecimento de água
"Indicação de recolocação do ponto de ônibus e da faixa de pedestres na R. Cândido Pereira dos Anjos, nº 799, bairro São João do Rio Vermelho.",Manutenção de pontos de ônibus
Indica ao Executivo Municipal a necessidade de consulta à população para viabilizar a construção de parque público no bairro Saco Grande.,Criação e manutenção de área de lazer e atividade física
"Indica ao Executivo Municipal a necessidade de desassoreamento do córrego e expansão da capacidade de drenagem na entrada do bairro Cacupé, especialmente na região da Servidão Natalina Machado.",Rede de drenagem
"Indica ao Executivo Municipal a necessidade de instalação de cobertura no ponto de ônibus localizado na Rodovia Antônio Moura Gonzaga, nº 1400",Manutenção de pontos de ônibus
REQUER AUDIÊNCIA PÚBLICA NAS COMISSÕES DE EDUCAÇÃO E DE DEFESA DAS PESSOAS COM DEFICIÊNCIA PARA DISCUTIR A EDUCAÇÃO DE SURDOS EM FLORIANÓPOLIS,Acessibilidade
Solicita informações e providências quanto à falta de medicamento (Vitamina B12) no Centro de Saúde do Jardim Atlântico,Prevenção e combate de doenças
"Solicita providências à CASAN quanto a reparos no sistema de esgoto da Rua Heitor Bittencourt, em Canasvieiras.",Rede de esgotamento sanitário
"Requer à Secretaria de Estado da Saúde a disponibilização de mais um aparelho de ultrassonografia no CEPON, diante da insuficiência do único equipamento existente para atender à alta demanda de exames.",Gestão e Regulação da Saúde Pública
"Indica ao Executivo Municipal, por meio da Secretaria de Turismo, em parceria com a Secretaria de Infraestrutura, a realização de estudos técnicos visando à criação de uma praça poliesportiva no antigo terreno do Mangueirão, no bairro Pantanal, atualmente em situação de abandono e utilizado apenas como estacionamento e quadra de areia improvisada pela comunidade.",Criação e manutenção de área de lazer e atividade física
"Solicita a reinstalação de ponto de ônibus na Rua Bocaiúva, esquina com Travessa Abílio de Oliveira.",Manutenção de pontos de ônibus
"Reposição de vidro em ponto de ônibus na Rua Desembargador Pedro Silva, nº 2558 – Bairro Coqueiros",Manutenção de pontos de ônibus
"Substituição do ponto de ônibus localizado na Rua Nossa Senhora do Rosário, nº 673, Jardim Atlântico.",Manutenção de pontos de ônibus
"Troca do ponto de ônibus localizado na Rua José Donatilio da Luz, nº 29, no bairro Jardim Atlântico.",Manutenção de pontos de ônibus
Indica ao Executivo Municipal a necessidade de melhorias na Praça da Tapera e seu entorno,Criação e manutenção de área de lazer e atividade física
"Manutenção no abrigo de ônibus localizado na Rua João Meirelles, no bairro Abraão, em frente à Mercearia Pauli.",Manutenção de pontos de ônibus
Devido a COSIP não atender este caso vimos requerer a CELESC extensão de rede na Servidão Joaquim Rosa da Silva – João Paulo .,Manutenção de rede elétrica
REQUERIMENTO DE INFORMAÇÕES SOBRE A VISTORIA DE SEGURANÇA CONTRA INCÊNDIO NO MULTI HOSPITAL FLORIANÓPOLIS,Gestão e Regulação da Saúde Pública
"Solicitar o reparo dos buracos e a devida drenagem na Rua Professora Cremilde de Oliveira, no Jardim Atlântico.",Manutenção da infraestrutura viária
Solicitação de construção de um ginásio coberto de esportes na Escola Básica Municipal Darcy Ribeiro.,Manutenção da estrutura escolar
Reitero a retirada de ônibus abandonados no pátio da EBM João Gonçalves Pinheiro,Limpeza Urbana
INDICAÇÃO PARA ADEQUAÇÃO DO PROCESSO DE SOLICITAÇÃO DE CREDENCIAL DE ESTACIONAMENTO PCD À LEGISLAÇÃO FEDERAL,Pessoas com deficiência e neurodivergentes
"ALTERA A LEI Nº 9.936, DE 11 DE DEZEMBRO DE 2015, PARA INCLUIR SURDOATLETAS NO PROGRAMA BOLSA DESPORTIVA MUNICIPAL",Acessibilidade
"Indicação de manutenção em bueiro com vazamento de esgoto localizado na Rua José Jaques, nº 1 – Centro.",Rede de esgotamento sanitário
Concede o Troféu Vereador Pedro Medeiros a Osiel Antunes.,Troféu Vereador Pedro Medeiros
Concede Medalha Zumbi dos Palmares a Renata da Rosa Santos.,Medalha Zumbi dos Palmares
"Requer o envio de expediente ao Chefe do Poder Executivo Municipal e à Secretaria Municipal de Educação de Florianópolis, a fim de prestar esclarecimentos sobre a destinação dos recursos à Unidade Executora do NEIM Ingleses I",Gestão da Política Educacional
"Solicita melhorias e manutenção do muro da Creche Hassis, localizada no bairro Costeira do Pirajubaé",Manutenção da estrutura escolar
Retorno da linha executiva de ônibus 1115 e criação de linha convencional direta entre o Córrego Grande e o Centro,Transporte público
"Indica a manutenção das áreas de lazer externas do NEIM Nossa Senhora de Lurdes, no bairro Agronômica",Manutenção da estrutura escolar
"Sugere providências ao órgão competente para a realização de obras de pavimentação e drenagem em toda a extensão da Servidão Antônio José da Luz Amaral Filho, localizada no Bairro Campeche, via essa que ainda não foi contemplada com os referidos serviços de infraestrutura.",Manutenção da infraestrutura viária
"Solicitar obras de pavimentação asfáltica e drenagem em toda a extensão da Rua Normélia da Silva Brasil, no bairro Jardim Atlântico.",Manutenção da infraestrutura viária
Requerimento de arquivamento do Projeto de Resolução n. 02975/2025,Arquivamento de proposição
"Requer à Prefeitura Municipal de Florianópolis informações sobre a obra que estava prevista para 19/12/2022, na travessa Alto da Boa Vista, no bairro José Mendes.",Obras e Reparos Urbanos
"REQUER A REALIZAÇÃO DE SESSÃO COMEMORATIVA, PARA HOMENAGEAR O 20 ANIVERSÁRIO DO INSTITUTO DE ESTUDOS DE GÊNERO-IEG DA UNIVERSIDADE FEDERAL DE SANTA CATARINA – UFSC.",Sessão Comemorativa
"Indicação de obras de pavimentação asfáltica na Rua Vinte e Três de Março, localizada no bairro Itaguaçu.",Manutenção da infraestrutura viária
Reavaliação logística da redistribuição dos atendimentos do Centro de Saúde Fazenda Rio Tavares,Equipamentos públicos de saúde
DISPÕE QUE O SEXO BIOLÓGICO SERÁ O ÚNICO CRITÉRIO PARA DEFINIÇÃO DO GÊNERO DE COMPETIDORES EM PARTIDAS ESPORTIVAS NO MUNICÍPIO DE FLORIANÓPOLIS E DÁ OUTRAS PROVIDÊNCIAS.,Diversidade sexual e de gênero
Requer informações a respeito da reforma no NEIM Waldemar da Silva Filho,Manutenção da estrutura escolar
Requer à CELESC averiguar e realizar reparos e melhoramento da rede elétrica do NEIM Waldemar da Silva Filho.,Manutenção da estrutura escolar
"Indica ao Poder Executivo Municipal, por intermédio da Secretaria Municipal de Infraestrutura, a revitalização da Praça Macário da Rocha e do campinho, no bairro Sambaqui, visando melhorar a infraestrutura, o lazer e a segurança dos espaços públicos utilizados pela comunidade local.",Criação e manutenção de área de lazer e atividade física
"Indica ao Poder Executivo Municipal, por intermédio da Secretaria Municipal de Infraestrutura, a revitalização e instalação de uma praça pública no terreno da Capela de São Sebastião, na Barra do Sambaqui, visando valorizar o patrimônio histórico e oferecer um novo espaço de lazer e convivência para a comunidade local.",Criação e manutenção de área de lazer e atividade física
"Indica ao Poder Executivo Municipal, por intermédio da Secretaria Municipal de Infraestrutura, a pintura e revitalização das faixas de pedestres próximas aos decks de contemplação das praias de Santo Antônio de Lisboa e Sambaqui, visando melhorar a segurança dos pedestres e a sinalização viária na região.",Organização do trânsito
"Serviços de drenagem e posterior recomposição do pavimento (tapa-buraco) na Rua Felipe Neves, nº 915, no bairro Canto.",Rede de drenagem
CONCEDE A MEDALHA ANTONIETA DE BARROS À SENHORA MARDJOLI ADORIAN VALCAREGGI,Medalha Antonieta de Barros
Requer ao Executivo Municipal e à Secretaria Municipal de Obras e Serviços Públicos informações sobre as providências adotadas para a drenagem de esgoto pluvial na Servidão Maria Oliveira Nunes,Rede de esgotamento sanitário
Requer ao Executivo Municipal e à Secretaria Municipal de Educação informações sobre a inclusão de estudantes com Altas Habilidades ou Superdotação (AH/SD) nas escolas do município de Florianópolis,Gestão da Política Educacional
"Requer informações a respeito de terreno localizado na Rodovia Baldicero Filomeno, nº 1170 - Ribeirão da Ilha.",Ampliação da rede física escolar
REQUERIMENTO DE ARQUIVAMENTO DO PROJETO DE RESOLUÇÃO N. 03005/2025,Arquivamento de proposição
"Indica ao Executivo Municipal a necessidade de pavimentação, drenagem e reparos na Servidão Eliane Nilza de Abreu, no bairro Rio Tavares.",Manutenção da infraestrutura viária
"Indicação ao Poder Executivo, solicitando estudo técnico de viabilidade para implementação de Área de Lazer na Rua do Gramal.",Criação e manutenção de área de lazer e atividade física
Solicitação de Implantação de Banheiros Escolares Separados por Sexo Biológico na Rede Municipal de Ensino.,Gestão da Política Educacional
"Sugere providências por meio do órgão competente, para a implementação de uma área verde de lazer no local anexo, localizado no bairro Campeche.",Criação e manutenção de área de lazer e atividade física
"Sugere providências ao órgão competente visando a ampliação da Creche NEIM Maria Nair da Silva para onde se situa o atual Centro de Saúde Fazenda do Rio Tavares, considerando a sugerida mudança de local feita por este vereador.",Ampliação da rede física escolar
CONCEDE A MEDALHA ANTONIETA DE BARROS À SENHORA SHEILA MARIA MARTINS ORBEN MEIRELLES,Medalha Antonieta de Barros
CONCEDE A MEDALHA HERBERT DE SOUZA A SENHORA GISELLE GUEDES DO ROSÁRIO.,Medalha Herbert de Souza
"Reconhece as Feiras de Artesanato e Gastronomia de Florianópolis, como bem de interesse Histórico, Cultural e Social para o Município de Florianópolis e dá outras providências.",Patrimônio cultural
CONCEDE MEDALHA MANEZINHO DA ILHA ALDÍRIO SIMÕES AO SENHOR SANDRO MACHADO,Medalha Manezinho da Ilha Aldírio Simões
Sugere providências ao órgão competente visando a instalação de banheiros públicos em praças na qual possui grande fluxo de frequentadores.,Criação e manutenção de área de lazer e atividade física
"Solicitar drenagem e o reparo asfáltico no buraco localizado na Rua José de Anchieta, nº 299, no bairro Balneário.",Rede de drenagem
"Solicitar drenagem e o reparo asfáltico na Rua Santa Tereza, nº 509, no bairro Balneário do Estreito.",Rede de drenagem
"Os Vereadores que subscrevem a presente proposição solicitam a aprovação de Moção de Aplausos por parte da Câmara Municipal de Florianópolis/SC às rendeiras manezinhas que viajaram ao arquipélago dos Açores, nos anos de 2014 e 2025, juntamente com membros e associadas da Casa dos Açores de Santa Catarina, para ensinar a tradicional arte da renda de bilro a novas artesãs e novos artesãos da região.",Moção de aplausos
Requer informações sobre empréstimo e obras de construção e reformas nos Centros de Saúde e UPAs da rede municipal.,Equipamentos públicos de saúde
Sugere providências ao órgão competente visando o aumento do número de pontos de quiosques e de cadeiras na Praia do Gravatá.,Criação e manutenção de área de lazer e atividade física
"Sugere providências ao órgão competente visando à implantação de uma nova estrutura e interligação do sistema de drenagem de toda a extensão da Rua Isaltina de Assunção Farias, situada no Bairro Rio Tavares.",Rede de drenagem
Concede Troféu Governador Celso Ramos ao Sr Edson Lemos,Troféu Governador Celso Ramos
Concede o Troféu Governador Celso Ramos ao Bispo Pedro Flori Ramos.,Troféu Governador Celso Ramos
MOÇÃO DE APLAUSOS à Associação FloripAmanhã pelos seus 20 anos de atuação em Florianópolis.,Moção de aplausos
Sugere providências ao órgão competente visando a instalação de banheiros químicos na Praia do Campeche.,Criação e manutenção de área de lazer e atividade física
Concede o Troféu Governador Celso Ramos à Marco Aurelio Sacenti,Troféu Governador Celso Ramos
Requer documentos relativos à contratação das obras de alargamento da praia dos Ingleses,Acesso a documentos
"Solicitação de informações de todos os contratos, aditivos e termos aditivos firmados pela IRMANDADE DA SANTA CASA DE MISERICÓRDIA DE SÃO BERNARDO DO CAMPO, Organização Social (OS) gestora do Multihospital na capital.",Gestão e Regulação da Saúde Pública
"Sugere providências ao órgão competente para a realização de obras de pavimentação e drenagem em toda a extensão da Servidão Santa Clara, localizada no Bairro Morro das Pedras, uma vez que se trata de uma via oficial, porém que ainda não foi contemplada com os referidos serviços de infraestrutura.",Manutenção da infraestrutura viária
"Indica o retorno de ponto de ônibus e placas de parada de ônibus na Rua Jardim dos Eucaliptos, no bairro Campeche",Manutenção de pontos de ônibus
CONCEDE O TÍTULO DE CIDADÃO HONORÁRIO DE FLORIANÓPOLIS AO SENHOR DR. SELSO DE OLIVEIRA.,Título de cidadã e cidadão honorário
Declara Utilidade Pública a Associação Gerontologia de Santa Catarina - ANG/SC,Título de utilidade pública
"Inclui itens nos anexos I e II da Lei n. 10.482/2019, instituindo o dia 13 de março como Dia Municipal de Conscientização sobre a Endometriose e a Semana Municipal de Educação Preventiva e de Conscientização sobre a Endometriose.",Dia Municipal
"Requer a Secretaria Municipal de Educação, informação a respeito da Portaria 501/2025 do MEC.",Gestão da Política Educacional
"Realização de drenagem e/ou manutenção no sistema de escoamento pluvial (bueiro) localizado na Rua Cantianília Moraes, nº 79, no bairro Capoeiras.",Rede de drenagem
"Drenagem e a limpeza do bueiro localizado na Rua Jorn Orion Plat., nº 198, no bairro Jardim Atlântico.",Rede de drenagem
"Requer relatório de fiscalização para apurar o cumprimento das condições de expedição das licenças ambientais de operação das Estações de Tratamento de Esgoto (ETEs), implantadas pela Companhia Catarinense de Águas e Saneamento — CASAN",Instrumentos de regulação e controle ambiental
"Requer relatório de fiscalização para apurar o cumprimento das condições de expedição das licenças ambientais de operação das Estações de Tratamento de Esgoto (ETEs), implantadas pela Companhia Catarinense de Águas e Saneamento — CASAN",Instrumentos de regulação e controle ambiental
"Solicita à CELESC o conserto de poste situado à Rua Silva Jardim, nº 225, em frente à loja Vitória Tintas.",Manutenção de rede elétrica
Requer informações ao Executivo Municipal sobre a reposição de medicamentos utilizados em tratamentos de hormonioterapia no Ambulatório Trans de Florianópolis,Prevenção e combate de doenças
"Solicita a instalação urgente de um abrigo coberto (ponto de ônibus) na Rua Professor Egídio Ferreira, nas proximidades do número 1155, no bairro Monte Cristo.",Manutenção de pontos de ônibus
"Indica ao Executivo Municipal a necessidade de conserto da rede de proteção da quadra de futebol Society da Arena Mocotó, no bairro José Mendes.",Criação e manutenção de área de lazer e atividade física
"Indica ao Executivo Municipal a instalação de bancos, mesas de xadrez e outros equipamentos de mobiliário urbano na Praça Senhor dos Passos, localizada na Rua Silva Jardim",Criação e manutenção de área de lazer e atividade física
"Indica ao Executivo Municipal a realização de mutirão de castração de animais no Maciço do Morro da Cruz, por meio da DIBEA.",Bem-estar e proteção animal
"Indica ao Executivo Municipal a necessidade de plantio de espécies nativas na Praça Senhor dos Passos, localizada na Rua Silva Jardim.",Criação e manutenção de área de lazer e atividade física
"Indica ao Executivo Municipal e ao Consórcio Fênix a necessidade de melhorias e manutenção nos ônibus da linha 104 – TICEN/Itacorubi via Mauro Ramos, devido ao mau estado de conservação e bancos soltos.",Transporte público
DISPÕE SOBRE A INCLUSÃO DO MÉDICO-VETERINÁRIO DA FAMÍLIA NAS EQUIPES MULTIPROFISSIONAIS NA ATENÇÃO PRIMÁRIA À SAÚDE NO ÂMBITO DO MUNICÍPIO DE FLORIANÓPOLIS E DÁ OUTRAS PROVIDÊNCIAS.,Gestão da política de proteção animal
Solicita informações sobre o andamento do Projeto Bairro Educador no bairro Sambaqui,"Gestão de políticas sociais, de direitos e equidade"
A CELESC troca de poste rua José Joaquim Santana 148,Manutenção de rede elétrica
Requer informações complementares a respeito da reforma no NEIM Waldemar da Silva Filho,Manutenção da estrutura escolar
Requer a juntada de documento referente à declaração de utilidade pública da Instituto Ekko Brasil ao Projeto de Lei nº 19732/2025.,Juntada de documento
Requer a juntada de documento referente à declaração de utilidade pública do Instituto Fauna Brasil ao Projeto de Lei nº 19737/2025.,Juntada de documento
Requer informações ao executivo municipal sobre eventuais planos de instalação de corredores de ônibus no município,Gestão e Regulação da Mobilidade Urbana
"Indica a reforma geral no NEIM Waldemar da Silva Filho, no bairro Trindade",Manutenção da estrutura escolar
Indica fiscalização dos sistemas individuais de tratamento de esgoto na praia da Solidão e providências,Rede de esgotamento sanitário
"Solicitação urgente de manutenção e limpeza na EBM Acácio Garibaldi São Thiago, na Barra da Lagoa",Manutenção da estrutura escolar
DECLARA DE UTILIDADE PÚBLICA A SOCIEDADE RECREATIVA CULTURAL E SAMBA EMBAIXADA COPA LORD,Título de utilidade pública
DECLARA UTILIDADE PÚBLICA A ASSOCIAÇÃO BRASILEIRA DE TERAPEUTAS CAPILARES E CABELEREIROS (ABRATTEC).,Título de utilidade pública
Dispõe sobre diretrizes para a elaboração da “Política Municipal de Adaptação Climática na Rede Municipal de Ensino do Município de Florianópolis” e dá outras providências.,Gestão da Política Educacional
Declara de Utilidade Pública a Associação Projeto Lutar para Vencer.,Título de utilidade pública
Solicita intervenção da CASAN sobre possível despejo de esgoto na Lagoa da Conceição,Rede de esgotamento sanitário
"Requer informações e cópia do projeto e parecer técnico referente à obra de drenagem e calçamento realizada na Servidão Toca da Coruja, no bairro Rio Tavares",Acesso a documentos
DECLARA DE UTILIDADE PÚBLICA MUNICIPAL A ONG RIO BROTANDO,Título de utilidade pública
"Indicação de manutenção e melhorias na infraestrutura da unidade escolar EBM Donícia Maria da Costa, Bairro Saco Grande",Manutenção da estrutura escolar
Solicita alteração da data de realização do Processo Seletivo da Secretaria de Educação.,Gestão da Política Educacional
DISPÕE SOBRE A SUBSTITUIÇÃO DOS SINAIS SONOROS ESTRIDENTES POR SINAIS SENSORIAIS INCLUSIVOS NAS UNIDADES DE ENSINO PÚBLICAS E PRIVADAS NO ÂMBITO DO MUNICÍPIO DE FLORIANÓPOLIS.,Acessibilidade
"Requer à CELESC averiguar e adequar a rede elétrica do NEIM Vila Cachoeira, no bairro Saco Grande.",Manutenção da estrutura escolar
CONCEDE A MEDALHA CRUZ E SOUSA À PIETRA TRAVASSOS.,Medalha Cruz e Sousa
"INSTITUI A POLÍTICA E O PROTOCOLO MUNICIPAL DE EDUCAÇÃO ESPECIAL NA PERSPECTIVA DA EDUCAÇÃO INCLUSIVA, CRIA O CONSELHO MUNICIPAL DE ACOMPANHAMENTO E FISCALIZAÇÃO DA INCLUSÃO (COMAFEI), E DÁ OUTRAS PROVIDÊNCIAS, EM ALINHAMENTO COM A LEGISLAÇÃO FEDERAL, EM ESPECIAL O DECRETO Nº 12.686, DE 20 DE OUTUBRO DE 2025, E A LEI Nº 12.764/2012 (LEI BERENICE PIANA).",Gestão da Política Educacional
DISPÕE SOBRE A OBRIGATORIEDADE DE DISPONIBILIZAÇÃO DE KIT DE ACESSIBILIDADE EMERGENCIAL NAS ESCOLAS PRIVADAS E ESTABELECE DIRETRIZES PARA A PROMOÇÃO DA ACESSIBILIDADE EMERGENCIAL NAS ESCOLAS PÚBLICAS NO ÂMBITO DO MUNICÍPIO DE FLORIANÓPOLIS.,Acessibilidade
"Requer informações detalhadas sobre a parceria entre Florianópolis e a empresa estrangeira “Gehl Architects”, contratada para desenvolver estudos e ações de planejamento urbano no município",Planejamento e orçamento público
Solicita limpeza de calhas no NEIM Vila Cachoeira,Manutenção da estrutura escolar
Manutenção do parquinho do NEIM Vila Cachoeira,Manutenção da estrutura escolar
Requer Informações acerca da quantidade de exames solicitados e realizados no MultiHospital à Secretaria Municipal de Saúde de Florianópolis entre junho e outubro de 2025,Gestão e Regulação da Saúde Pública
"Requer à CELESC readequação o alinhamento dos postes na Rodovia Dr. Antônio Luiz Moura Gonzaga, no Bairro Rio Tavares.",Manutenção de rede elétrica
"TEMPO DE TRIBUNA LIVRE, NOVEMBRO AZUL.",Prevenção e combate de doenças
Solicita tarifa zero nos dias de realização das provas do Exame Nacional do Ensino Médio (ENEM).,Promoção da equidade e combate à discriminação
"Requer informações da SME a respeito de visita em terreno localizado na Rodovia Baldicero Filomeno, nº 1170 - Ribeirão da Ilha.",Ampliação da rede física escolar
"Requer à Secretaria de Estado da Segurança Pública a adoção de medidas para promover a formação continuada em direitos humanos, diversidade sexual e de gênero aos profissionais de segurança pública e privada.",Gestão e Regulação da Segurança Pública
Requer a juntada de documento ao PL n. 19.760/2025 que Declara de Utilidade Pública a Associação Projeto Lutar para Vencer.,Juntada de documento
Requer o envio de expediente ao Poder Executivo para que solicite informações à Secretaria Municipal de Educação sobre orientações e controle da distribuição de materiais publicitários em unidades escolares da rede pública municipal.,Gestão da Política Educacional
Requer ao Executivo Municipal informações detalhadas sobre a eficácia e resultados do DiaD de vacinação realizado em Florianópolis no último dia 18 de outubro de 2025.,Prevenção e combate de doenças
"Elaboração e o envio a esta Casa de projeto de lei que institui o Programa ""Alerta Clima na Escola"".",Gestão da Política Educacional
"Indica à Secretaria Municipal de Segurança e Ordem Pública a adoção de medidas para promover a formação continuada em direitos humanos, diversidade sexual e de gênero aos profissionais de segurança pública e privada atuantes no Município.",Gestão e Regulação da Segurança Pública
Solicita realização de chamamento de aprovados em concurso público.,Trabalhadores da educação
"Indica ao Executivo Municipal e à Secretaria Municipal de Saúde a necessidade de garantir prioridade aos servidores efetivos da Saúde nos processos de mudança de lotação, especialmente quando houver vagas em unidades mais próximas de sua residência.",Trabalhadores da saúde
Indica ao Executivo Municipal e à Secretaria Municipal de Infraestrutura e Manutenção da Cidade a necessidade de reposição e ampliação dos horários da linha de ônibus nº 287 – Rio Vermelho.,Transporte público
Requer o encaminhamento de expediente à CASAN para apuração e informações sobre possíveis despejos de esgoto nas Dunas da Joaquina.,Rede de esgotamento sanitário
"Requer ao Executivo Municipal informações sobre quais unidades de saúde do município não possuem psicólogo nem assistente social, bem como medidas para suprir essa ausência.",Trabalhadores da saúde
"Requer informações ao Executivo Municipal sobre o destino do imóvel onde funcionava o antigo Centro de Saúde do Monte Serrat, localizado na Rua General Nestor Passos, bem como sobre eventual previsão de novo uso para o local.",Equipamentos públicos de saúde
Indica ao Executivo Municipal a realização de campanhas informativas em estádios de futebol sobre HIV/AIDS.,Prevenção e combate de doenças
"Indica ao Executivo Municipal a aquisição de computadores para o Centro de Saúde Monte Serrat, na Avenida Mauro Ramos.",Equipamentos públicos de saúde
"Solicitação de drenagem e reparo (tapamento) de buraco na Rua Jorn. Orion Augusto Platt, nº 208, Bairro Jardim Atlântico.",Rede de drenagem
Indica ao Executivo Municipal a aquisição de lixeiras com pedal e tampa para o descarte de lixo médico no Centro de Saúde do Monte Serrat.,Equipamentos públicos de saúde
Indica ao Executivo Municipal a aquisição de aparelhos de raio-X odontológico com sensor digital para todas as unidades de saúde do município.,Equipamentos públicos de saúde
"Solicitação de instalação de um contêiner de lixo na saída da Rua Capitão Schmidt, no cruzamento com a Avenida Antônio Borges dos Santos, na Praia da Armação do Pântano do Sul.",Criação e manutenção de área de lazer e atividade física
"Solicitação de vistoria e reparos urgentes na rede de esgoto localizada no início da rua de acesso da Comunidade da Nova Descoberta, que parte da Rua General Vieira da Rosa",Rede de esgotamento sanitário
Solicito reparo do ponto de ônibus localizado na Estrada Intendente Antônio Damasco,Manutenção de pontos de ônibus
Solicito a instalação de uma lixeira papeleira no ponto de ônibus.,Manutenção de pontos de ônibus
DECLARA DE UTILIDADE PÚBLICA MUNICIPAL A ASSOCIAÇÃO BENEFICENTE E CULTURAL LUZ DO ORIENTE,Título de utilidade pública
Solicita à CELESC a substituição do poste localizado na Rua Hoepcke nº 179 - Centro,Manutenção de rede elétrica
Declara utilidade pública a Associação dos Engenhos Tradicionais e Carreiros de Florianópolis.,Título de utilidade pública
PEDIDO DE ARQUIVAMENTO DO PROJETO DE LEI N. 19082/2024,Arquivamento de proposição
"Indica ao Executivo Municipal a necessidade de reparos no ponto de ônibus localizado na Rua Silva Jardim, que apresenta vidros e lixeira quebrados.",Manutenção de pontos de ônibus
REQUER INFORMAÇÕES A RESPEITO DA AÇÃO DE ABORDAGEM E CONTROLE DE PESSOAS NA RODOVIÁRIA MUNICIPAL.,Promoção da equidade e combate à discriminação
Solicitação de reparo emergencial em vazamento de água no bairro Trindade,Rede de abastecimento de água
Requer o envio de expediente ao Poder Executivo para que solicite informações à Secretaria Municipal de Saúde sobre a estrutura de pessoal e o funcionamento do laboratório do Multihospital de Florianópolis.,Equipamentos públicos de saúde
Solicita informações e providências quanto à redução e necessidade de retomada dos horários de ônibus da linha 850 – Sítio de Baixo / Lagoa da Conceição / Itacorubi.,Transporte público
Requer informações sobre a existência de políticas públicas voltadas ao reaproveitamento da água no Município de Florianópolis.,Rede de abastecimento de água
Requer informação da Secretaria Municipal de Educação sobre processo de licitatório de equipamentos de informática.,Aquisição de equipamentos e mobiliário escolar
Solicita informações sobre a obra de Macrodrenagem no bairro Rio Vermelho.,Acesso a documentos
Requer a Secretaria Municipal de Educação informações a respeito do contrato 417/SME/2019 com a empresa WSX Construtora Ltda.,"Compras, contratos e patrimônio público"
Indica a Secretaria Municipal de Educação à necessidade de manutenção dos computadores da rede escolar.,Manutenção da estrutura escolar
"Solicita manutenção da rede elétrica no NEIM Maria Terezinha Sardá da Luz, localizado no Forte.",Manutenção da estrutura escolar
CONCEDE MEDALHA PROFESSOR JOÃO DAVID FERREIRA LIMA A SENHORA MÁRCIA REGINA BATTISTELLA.,Medalha Professor João David Ferreira Lima
CONCEDE TÍTULO DE CIDADÃO HONORÁRIO AO SENHOR RAPHAEL POLITO.,Título de cidadã e cidadão honorário
CONCEDE MEDALHA PROFESSOR JOÃO DAVID FERREIRA LIMA AO SENHOR ALUIZIO BLASI - in memoriam.,Medalha Professor João David Ferreira Lima
CONCEDE A MEDALHA DO MÉRITO DESPORTIVO MIGUEL LIVRAMENTO DO MUNICÍPIO DE FLORIANÓPOLIS A SPORTLAND,Medalha do Mérito Desportivo Miguel Livramento
"REQUER ENVIO DE EXPEDIENTE À CELESC SOLICITANDO A MANUTENÇÃO OU A TROCA DO TRANSFORMADOR DE REDE DA SERVIDÃO DO TUCANO, LOCALIZADA NO BAIRRO INGLESES DO RIO VERMELHO, NESTA CAPITAL .",Manutenção de rede elétrica
"Requer informações a respeito de terreno localizado em frente à EBM Batista Pereira, no Ribeirão da Ilha.",Ampliação da rede física escolar
"Requer informações a respeito de terrenos localizados na Rua 01 - Loteamento Vilas do Ribeirão (R. Thiago Tiburcio Aguiar), no Ribeirão da Ilha.",Ampliação da rede física escolar
"Indica ao Executivo Municipal a necessidade de realizar reparos nas paredes e pintura na Escola Básica Municipal Herondina Medeiros Zeferino, localizada no bairro Ingleses do Rio Vermelho.",Manutenção da estrutura escolar
DECLARA DE UTILIDADE PÚBLICA A COMUNIDADE ASSOCIADA DO JARDIM ATLÂNTICO (CAJA),Título de utilidade pública
À CELESC solicitando a instalação de dois postes de iluminação pública,Iluminação pública
Ao SESI solicitando doação de infláveis fora de uso,Gestão e Regulação da Cultura e Lazer
"Solicito a manutenção nos equipamentos de ar condicionado da escola EBM Professora Neuza Paula da Silveira, localizada no bairro Ingleses, em Florianópolis.",Manutenção da estrutura escolar
RECONHECE OFICIALMENTE A PONTE HERCÍLIO LUZ COMO SÍMBOLO DO MUNICÍPIO DE FLORIANÓPOLIS.,Patrimônio cultural
INCLUI ITEM NO ANEXO V DA LEI 10.482 DE 2019 - “ANO MUNICIPAL DO CENTENÁRIO DA PONTE HERCÍLIO LUZ” NO MUNICÍPIO DE FLORIANÓPOLIS.,Ano Municipal
REQUERIMENTO DE INFORMAÇÕES SOBRE O PROCESSO DE LICITAÇÃO E OS MODELOS DE ABRIGOS DE ÔNIBUS NO MUNICÍPIO DE FLORIANÓPOLIS,"Compras, contratos e patrimônio público"
REQUERIMENTO DE INFORMAÇÕES SOBRE ESTUDO TÉCNICO DE DRENAGEM E REDE PLUVIAL NA RUA JARDIM DOS EUCALIPTOS – BAIRRO AREIAS DO CAMPECHE,Acesso a documentos
"SOLICITA À CELESC A PODA DE ARVORES NA SERVIDÃO JOÃO FRANCISCO GARCEZ, LOCALIZADA NO BAIRRO CANTO DA LAGOA NESTA CAPITAL.",Limpeza Urbana
"À CELESC, solicitando a poda das árvores localizadas na Travessa Bela Vista, nº 98, bairro Capoeiras, neste município.",Limpeza Urbana
"À CELESC solicitando a retirada de uma árvore caída sobre a rede de fiação elétrica na Rua Álvaro Soares de Oliveira, bairro Itaguaçu, Florianópolis/SC.",Manutenção de rede elétrica
Melhorar as calçadas e seus acessos nas proximidades dos pontos de ônibus no bairro Tapera,Manutenção da infraestrutura viária
"Solicitação de recapeamento asfáltico na Rua Luiz Gonzaga, nº 590 – Bairro Capoeiras",Manutenção da infraestrutura viária
"Indica reparo Urgente em Buracos na Rodovia Gov. Aderbal Ramos da Silva, nº 100, Próximo à Escola Júlia da Costa",Manutenção da infraestrutura viária
Indica Obra de drenagem e solução definitiva para alagamentos na Rua Jardim dos Eucaliptos – Areias do Campeche,Rede de drenagem
"Realização de operação tapa-buracos e recapeamento asfáltico na Rua Capitão Anaxágoras Aires Neto, nº 52, bairro Estreito.",Manutenção da infraestrutura viária
Declara de utilidade pública Associação Movimento Nacional ODS Santa Catarina,Título de utilidade pública
Declara de utilidade pública municipal a Ponte Associação de Cultura e Educação,Título de utilidade pública
ALTERA O ART. 1° DA LEI N. 3.416/1990,Título de utilidade pública
Suprime o inciso I do art. 3º do Projeto de Lei nº 19510/2025.,Outros requerimentos
Requer o arquivamento do Projeto de Lei n° 19478/2025 de autoria do Poder Executivo Municipal que dispõe sobre a desafetação e alienação de imóvel.,Arquivamento de proposição
"Providências urgentes para reforma completa e regularização das condições estruturais, sanitárias e de segurança da Escola Básica Municipal Batista Pereira",Manutenção da estrutura escolar
Indica a criação de uma linha de ônibus Monte Cristo - Udesc via Ufsc,Transporte público
Indica a reestruturação das linhas de ônibus do bairro Córrego Grande,Transporte público
Indica ao Executivo Municipal a necessidade de realizar licitação para compra de papel toalha destinado às unidades escolares do município.,Aquisição de equipamentos e mobiliário escolar
MODIFICA O ARTIGO 1º DA LEI 9048/2012 E DÁ OUTRAS PROVIDÊNCIAS,Legalização e denominação de vias e espaços públicos
"INSTITUI O PROGRAMA DE INCLUSÃO DE PESSOAS COM TRANSTORNO DO ESPECTRO AUTISTA (TEA) NO MERCADO DE TRABALHO, CRIA O CONSELHO GESTOR DO PROGRAMA E O SELO ""FLORIPA INCLUI TEA"", E DÁ OUTRAS PROVIDÊNCIAS.",Pessoas com deficiência e neurodivergentes
"INSTITUI O PROGRAMA ""FUTURO CIENTISTA FLORIPA"", DESTINADO AO FOMENTO DA EDUCAÇÃO CIENTÍFICA E TECNOLÓGICA NA REDE MUNICIPAL DE ENSINO, E DÁ OUTRAS PROVIDÊNCIAS.","Compras, contratos e patrimônio público"
"INSTITUI O PROGRAMA ""GUARDA AMIGA DO AUTISTA"", QUE DISPÕE SOBRE A CAPACITAÇÃO CONTÍNUA DA GUARDA MUNICIPAL DE FLORIANÓPOLIS PARA A ABORDAGEM, O ATENDIMENTO E O ACOMPANHAMENTO DE PESSOAS COM TRANSTORNO DO ESPECTRO AUTISTA (TEA), E DÁ OUTRAS PROVIDÊNCIAS.",Pessoas com deficiência e neurodivergentes
Requer Reunião Ampliada no âmbito da Comissão de Educação para debater a aplicabilidade do Decreto Federal nº 12.686/2025 e o suporte oferecido pelo Governo Federal ao Poder público Municipal para a inclusão de estudantes com deficiência nas escolas públicas.,Acessibilidade
À CASAN esgoto obstruído na servidão São Cristovam 437,Rede de esgotamento sanitário
"Solicito a pavimentação e drenagem da Servidão Thomázia Rita da Silveira, localizada no bairro Rio Vermelho, Florianópolis.",Manutenção da infraestrutura viária
"Solicito a complementação da pavimentação e drenagem da Servidão Lídia da Silveira Espíndola localizada no bairro Rio Vermelho, Florianópolis.",Manutenção da infraestrutura viária
"Solicito a drenagem na Servidão Rosalina Amélia dos Santos, localizada no bairro São João do Rio Vermelho, Florianópolis.",Rede de drenagem
Declara de utilidade pública municipal a Associação Auguts e Respeitável Loja Simbólica Osmar Romão da Silva.,Título de utilidade pública
Indica a SEOM estudo de melhoria nas linhas de ônibus e implantação de nova linha durante a alta temporada.,Transporte público
"Indica a SMDU estudo e implantação de recuo e parada de ônibus coberta na Rodovia João Gualberto Soares, Km 14, sentido Rio Vermelho/Barra da Lagoa.",Manutenção de pontos de ônibus
"DECLARA DE UTILIDADE PÚBLICA MUNICIPAL O ""INSTITUTO VIVER""",Título de utilidade pública
"DECLARA DE UTILIDADE PÚBLICA MUNICIPAL A ""ASSOCIAÇÃO CULTURAL ENGENHO DO NOSSO DARIO - ACED""",Título de utilidade pública
"MOÇÃO DE APLAUSOS aos Senhores Policiais Militares de Santa Catarina, Cb Marco Antônio Martins Lopes e ao Sd Lucas Augusto de Oliveira Luz Mostiack, em reconhecimento ao ato de bravura e profissionalismo demonstrado no resgate e salvamento de família vítima de incêndio em residência.",Moção de aplausos
Solicita Sessão Solene em homenagem à COMCAP pelos seus 55 anos,Sessão Solene
"REQUER O ENVIO DE EXPEDIENTE À CELESC, SOLICITANDO PROVIDÊNCIAS QUANTO AO MELHORAMENTO DA REDE ELÉTRICA DA SERVIDÃO MARIA DE JESUS AUGUSTO, LOCALIZADA NO BAIRRO RIO TAVARES.",Manutenção de rede elétrica
"REQUERIMENTO DE INFORMAÇÕES SOBRE CONTRATAÇÃO DE PROFISSIONAIS DE SAÚDE, ASSISTÊNCIA SOCIAL E ODONTOLOGIA PARA OS CENTROS DE SAÚDE DE FLORIANÓPOLIS",Trabalhadores da saúde
"À Secretaria Municipal do Meio Ambiente e Desenvolvimento Sustentável e à  FLORAM, solicitando informações sobre denúncias de invasões e desmatamento em área de APP na Servidão dos Jacarés de Papo-Amarelo, no Pântano do Sul",Áreas protegidas e conservação ambiental
"Indicação de reinstalação do abrigo no ponto de ônibus na R. Luiz Carlos Prestes nº 813, Jardim Atlântico.",Manutenção de pontos de ônibus
Indica ao Executivo Municipal a necessidade de criar uma política pública de acolhimento permanente e específico para pessoas LGBTQIA+ no município de Florianópolis.,Diversidade sexual e de gênero
CONCEDE TÍTULO DE CIDADÃO HONORÁRIO AO SENHOR MICHEL DE ANDRADO MITTMANN,Título de cidadã e cidadão honorário
Declara de utilidade pública municipal o Instituto de  Formação Popular Caeté,Título de utilidade pública
Requer a Secretaria Municipal de Educação informações a respeito dos contratos de manutenção das unidades educativas.,Manutenção da estrutura escolar
CONCEDE TÍTULO DE CIDADÃO HONORÁRIO À SENHORA IVANNA CARLA TOMASI,Título de cidadã e cidadão honorário
"Requer informações sobre a cobrança de tarifa de R$15,00 (quinze) referente ao voucher/ingresso para acesso à Ilha do Campeche",Gestão e Regulação da Cultura e Lazer
"Requer informações ao Executivo Municipal sobre a obra realizada na Rua Machado de Assis, no entorno da Ponte Hercílio Luz, especialmente quanto à alteração de tráfego para mão dupla e posterior interrupção da intervenção.",Obras e Reparos Urbanos
"Solicita à CASAN a implantação de rede de esgoto na Servidão Manoel Pacífico da Silva, bairro Ingleses.",Rede de abastecimento de água
Requer a Secretaria Municipal de Educação informações sobre as unidades educacionais localizadas no Red Park (bairro Rio Vermelho).,Vagas em creches e escolas
"Requer a a SME informações sobre reformas, ampliações e novas unidades educacionais da rede municipal de ensino de Florianópolis.",Gestão da Política Educacional
"Serviço de drenagem e limpeza da boca de lobo situada na Rua Fernando Ferreira de Mello, nº 172, Bairro Bom Abrigo.",Rede de drenagem
"Drenagem pluvial na Rua Emílio Meyer, nº 67, no final da via, Bairro Coqueiros.",Rede de drenagem
"Drenagem pluvial na Rua Plácido de Castro, esquina com a Rua Fernando Ferreira de Mello, no bairro Bom Abrigo.",Rede de drenagem
CONCEDE A MEDALHA E O DIPLOMA FRANCISCO DIAS VELHO AO SENHOR ADERSON FLORES,Medalha Francisco Dias Velho
"Drenagem pluvial no ponto localizado na Servidão Santino, nº 192, Bairro Estreito.",Rede de drenagem
"Indica ao Executivo Municipal a necessidade de conserto do teto do ponto de ônibus localizado na Rua Francisco Vieira, esquina com a Rua Tereza Lopes, no Campeche Sul/Morro das Pedras.",Manutenção de pontos de ônibus
CONCEDE O TÍTULO DE CIDADÃO HONORÁRIO DE FLORIANÓPOLIS AO SENHOR LUIZ CARLOS OTTO.,Título de cidadã e cidadão honorário
CONCEDE O TÍTULO DE CIDADÃO HONORÁRIO DE FLORIANÓPOLIS AO SENHOR JOÃO RICARDO PADILHA SANTOS.,Título de cidadã e cidadão honorário
"REQUERIMENTO DE INFORMAÇÕES À CASAN SOBRE VAZAMENTO RECORRENTE NA RODOVIA BALDICERO FILOMENO, EM FRENTE AO Nº 10.459",Rede de abastecimento de água
Requer à CASAN averiguar o vazamento de água na rua Morro do Mocotó.,Rede de abastecimento de água
DENOMINA DE LARGO ALDONEI OLIVEIRA DE BRITO O VÃO CENTRAL DO MERCADO PÚBLICO DE FLORIANÓPOLIS.,Legalização e denominação de vias e espaços públicos
